epoch,weighted_train_loss,train_cross_entropy,train_accuracy,train_balanced_accuracy,validation_cross_entropy,validation_accuracy,validation_balanced_accuracy,mean_gradient_norm_before_clip,max_gradient_norm_before_clip,max_abs_action_slot
1,2.6415677070617676,2.599769047328404,0.48214285714285715,0.16666666666666666,2.599769047328404,0.48214285714285715,0.16666666666666666,0.7414063215255737,0.7414063215255737,0.0
2,2.599769115447998,2.555587496076311,0.48214285714285715,0.16666666666666666,2.555587496076311,0.48214285714285715,0.16666666666666666,0.7364741563796997,0.7364741563796997,0.0
3,2.5555875301361084,2.5066732679094588,0.48214285714285715,0.16666666666666666,2.5066732679094588,0.48214285714285715,0.16666666666666666,0.7574537396430969,0.7574537396430969,0.0
4,2.5066733360290527,2.449650355747768,0.48214285714285715,0.16666666666666666,2.449650355747768,0.48214285714285715,0.16666666666666666,0.8046395182609558,0.8046395182609558,0.0
5,2.449650287628174,2.3797010694231306,0.48214285714285715,0.16666666666666666,2.3797010694231306,0.48214285714285715,0.16666666666666666,0.8952440619468689,0.8952440619468689,0.0
6,2.3797011375427246,2.291924612862723,0.48214285714285715,0.16666666666666666,2.291924612862723,0.48214285714285715,0.16666666666666666,1.0368366241455078,1.0368366241455078,0.0
7,2.2919247150421143,2.1802614756992886,0.48214285714285715,0.16666666666666666,2.1802614756992886,0.48214285714285715,0.16666666666666666,1.2391046285629272,1.2391046285629272,0.0
8,2.1802613735198975,2.0405050005231584,0.48214285714285715,0.16666666666666666,2.0405050005231584,0.48214285714285715,0.16666666666666666,1.4999475479125977,1.4999475479125977,0.0
9,2.0405049324035645,1.8754501342773438,0.48214285714285715,0.16666666666666666,1.8754501342773438,0.48214285714285715,0.16666666666666666,1.7711652517318726,1.7711652517318726,0.0
10,1.8754501342773438,1.7059117725917272,0.48214285714285715,0.16666666666666666,1.7059117725917272,0.48214285714285715,0.16666666666666666,1.9149307012557983,1.9149307012557983,0.0
11,1.7059117555618286,1.574704578944615,0.48214285714285715,0.16666666666666666,1.574704578944615,0.48214285714285715,0.16666666666666666,1.6881966590881348,1.6881966590881348,0.0
12,1.5747045278549194,1.5129834583827428,0.48214285714285715,0.16666666666666666,1.5129834583827428,0.48214285714285715,0.16666666666666666,1.0257474184036255,1.0257474184036255,0.0
13,1.5129834413528442,1.4881469181605749,0.48214285714285715,0.16666666666666666,1.4881469181605749,0.48214285714285715,0.16666666666666666,0.9159198999404907,0.9159198999404907,0.0
14,1.4881469011306763,1.460296358380999,0.48214285714285715,0.16666666666666666,1.460296358380999,0.48214285714285715,0.16666666666666666,1.3170264959335327,1.3170264959335327,0.0
15,1.460296392440796,1.4274098532540458,0.48214285714285715,0.16666666666666666,1.4274098532540458,0.48214285714285715,0.16666666666666666,1.355891227722168,1.355891227722168,0.0
16,1.4274098873138428,1.4011731828962053,0.48214285714285715,0.16666666666666666,1.4011731828962053,0.48214285714285715,0.16666666666666666,1.0518155097961426,1.0518155097961426,0.0
17,1.4011732339859009,1.388674054827009,0.48214285714285715,0.16666666666666666,1.388674054827009,0.48214285714285715,0.16666666666666666,0.6384865045547485,0.6384865045547485,0.0
18,1.388674020767212,1.3830081394740514,0.5357142857142857,0.21666666666666667,1.3830081394740514,0.5357142857142857,0.21666666666666667,0.7291498780250549,0.7291498780250549,0.0
19,1.3830081224441528,1.3749265670776367,0.5357142857142857,0.2271604938271605,1.3749265670776367,0.5357142857142857,0.2271604938271605,1.0802069902420044,1.0802069902420044,0.0
20,1.3749265670776367,1.3616379329136439,0.5357142857142857,0.2271604938271605,1.3616379329136439,0.5357142857142857,0.2271604938271605,1.2618778944015503,1.2618778944015503,0.0
21,1.3616379499435425,1.343433107648577,0.5357142857142857,0.2271604938271605,1.343433107648577,0.5357142857142857,0.2271604938271605,1.250110387802124,1.250110387802124,0.0
22,1.343433141708374,1.3234500885009766,0.5535714285714286,0.2333333333333333,1.3234500885009766,0.5535714285714286,0.2333333333333333,1.0651170015335083,1.0651170015335083,0.0
23,1.3234500885009766,1.3069761821201868,0.5535714285714286,0.2333333333333333,1.3069761821201868,0.5535714285714286,0.2333333333333333,0.756150484085083,0.756150484085083,0.0
24,1.3069761991500854,1.2959106990269251,0.5357142857142857,0.21666666666666667,1.2959106990269251,0.5357142857142857,0.21666666666666667,0.5038711428642273,0.5038711428642273,0.0
25,1.2959107160568237,1.2872180938720703,0.5357142857142857,0.21666666666666667,1.2872180938720703,0.5357142857142857,0.21666666666666667,0.554992139339447,0.554992139339447,0.0
26,1.2872180938720703,1.2771966116768974,0.5357142857142857,0.21666666666666667,1.2771966116768974,0.5357142857142857,0.21666666666666667,0.7173666954040527,0.7173666954040527,0.0
27,1.2771966457366943,1.2658540180751257,0.5535714285714286,0.2333333333333333,1.2658540180751257,0.5535714285714286,0.2333333333333333,0.7545695900917053,0.7545695900917053,0.0
28,1.265854001045227,1.2561047417776925,0.5535714285714286,0.2333333333333333,1.2561047417776925,0.5535714285714286,0.2333333333333333,0.6239252090454102,0.6239252090454102,0.0
29,1.2561047077178955,1.2491448266165597,0.5357142857142857,0.2271604938271605,1.2491448266165597,0.5357142857142857,0.2271604938271605,0.42285820841789246,0.42285820841789246,0.0
30,1.2491447925567627,1.2417072568620955,0.5357142857142857,0.2271604938271605,1.2417072568620955,0.5357142857142857,0.2271604938271605,0.3828125,0.3828125,0.0
31,1.2417072057724,1.2322733742850167,0.5357142857142857,0.2271604938271605,1.2322733742850167,0.5357142857142857,0.2271604938271605,0.4254169762134552,0.4254169762134552,0.0
32,1.2322733402252197,1.223240579877581,0.5357142857142857,0.2271604938271605,1.223240579877581,0.5357142857142857,0.2271604938271605,0.36256083846092224,0.36256083846092224,0.0
33,1.223240613937378,1.2161851610456194,0.5357142857142857,0.2271604938271605,1.2161851610456194,0.5357142857142857,0.2271604938271605,0.29923635721206665,0.29923635721206665,0.0
34,1.216185212135315,1.209043366568429,0.5535714285714286,0.2333333333333333,1.209043366568429,0.5535714285714286,0.2333333333333333,0.38071921467781067,0.38071921467781067,0.0
35,1.2090433835983276,1.1992108481270927,0.5357142857142857,0.2271604938271605,1.1992108481270927,0.5357142857142857,0.2271604938271605,0.47033703327178955,0.47033703327178955,0.0
36,1.1992108821868896,1.1874749319893974,0.5357142857142857,0.2271604938271605,1.1874749319893974,0.5357142857142857,0.2271604938271605,0.4607905149459839,0.4607905149459839,0.0
37,1.1874749660491943,1.1767959594726562,0.5714285714285714,0.2604938271604938,1.1767959594726562,0.5714285714285714,0.2604938271604938,0.37058717012405396,0.37058717012405396,0.0
38,1.1767959594726562,1.1664337430681502,0.5892857142857143,0.2771604938271605,1.1664337430681502,0.5892857142857143,0.2771604938271605,0.37394991517066956,0.37394991517066956,0.0
39,1.1664336919784546,1.1534459250313895,0.5892857142857143,0.2771604938271605,1.1534459250313895,0.5892857142857143,0.2771604938271605,0.4535929262638092,0.4535929262638092,0.0
40,1.1534459590911865,1.1401116507393974,0.5892857142857143,0.2771604938271605,1.1401116507393974,0.5892857142857143,0.2771604938271605,0.40405112504959106,0.40405112504959106,0.0
41,1.1401116847991943,1.1269330297197615,0.5892857142857143,0.2771604938271605,1.1269330297197615,0.5892857142857143,0.2771604938271605,0.4141683876514435,0.4141683876514435,0.0
42,1.126932978630066,1.1103076253618513,0.6071428571428571,0.2938271604938272,1.1103076253618513,0.6071428571428571,0.2938271604938272,0.5307064652442932,0.5307064652442932,0.0
43,1.1103075742721558,1.0933277947562081,0.6428571428571429,0.32716049382716045,1.0933277947562081,0.6428571428571429,0.32716049382716045,0.48106080293655396,0.48106080293655396,0.0
44,1.0933277606964111,1.0770010948181152,0.6785714285714286,0.36049382716049383,1.0770010948181152,0.6785714285714286,0.36049382716049383,0.45444220304489136,0.45444220304489136,0.0
45,1.0770010948181152,1.0595238549368722,0.6607142857142857,0.34382716049382717,1.0595238549368722,0.6607142857142857,0.34382716049382717,0.5097235441207886,0.5097235441207886,0.0
46,1.0595238208770752,1.0431188174656458,0.6607142857142857,0.34382716049382717,1.0431188174656458,0.6607142857142857,0.34382716049382717,0.4778149425983429,0.4778149425983429,0.0
47,1.0431188344955444,1.024669851575579,0.6785714285714286,0.36049382716049383,1.024669851575579,0.6785714285714286,0.36049382716049383,0.5547682046890259,0.5547682046890259,0.0
48,1.024669885635376,1.006542410169329,0.7142857142857143,0.3938271604938272,1.006542410169329,0.7142857142857143,0.3938271604938272,0.4864395558834076,0.4864395558834076,0.0
49,1.006542444229126,0.9887526375906808,0.6964285714285714,0.38765432098765434,0.9887526375906808,0.6964285714285714,0.38765432098765434,0.4552764594554901,0.4552764594554901,0.0
50,0.9887526631355286,0.9707482201712472,0.7142857142857143,0.3938271604938272,0.9707482201712472,0.7142857142857143,0.3938271604938272,0.47189733386039734,0.47189733386039734,0.0
51,0.970748245716095,0.9522077696663993,0.6964285714285714,0.38765432098765434,0.9522077696663993,0.6964285714285714,0.38765432098765434,0.5045145750045776,0.5045145750045776,0.0
52,0.9522077441215515,0.9328468186514718,0.6785714285714286,0.3814814814814815,0.9328468186514718,0.6785714285714286,0.3814814814814815,0.5664547085762024,0.5664547085762024,0.0
53,0.9328468441963196,0.9137361390250069,0.6785714285714286,0.3814814814814815,0.9137361390250069,0.6785714285714286,0.3814814814814815,0.6032587289810181,0.6032587289810181,0.0
54,0.9137361645698547,0.8937974657331195,0.6785714285714286,0.3814814814814815,0.8937974657331195,0.6785714285714286,0.3814814814814815,0.595711350440979,0.595711350440979,0.0
55,0.8937974572181702,0.874556268964495,0.6785714285714286,0.3814814814814815,0.874556268964495,0.6785714285714286,0.3814814814814815,0.4868033826351166,0.4868033826351166,0.0
56,0.8745562434196472,0.8555246761866978,0.6785714285714286,0.3814814814814815,0.8555246761866978,0.6785714285714286,0.3814814814814815,0.4875563383102417,0.4875563383102417,0.0
57,0.8555246591567993,0.8381733213152204,0.6785714285714286,0.3814814814814815,0.8381733213152204,0.6785714285714286,0.3814814814814815,0.44409194588661194,0.44409194588661194,0.0
58,0.8381733298301697,0.8199842316763741,0.6785714285714286,0.3814814814814815,0.8199842316763741,0.6785714285714286,0.3814814814814815,0.47859296202659607,0.47859296202659607,0.0
59,0.8199842572212219,0.7998878615243095,0.7321428571428571,0.4314814814814814,0.7998878615243095,0.7321428571428571,0.4314814814814814,0.5226306915283203,0.5226306915283203,0.0
60,0.7998878359794617,0.7823865073067802,0.75,0.458641975308642,0.7823865073067802,0.75,0.458641975308642,0.4974529445171356,0.4974529445171356,0.0
61,0.7823864817619324,0.7679637500217983,0.75,0.4481481481481482,0.7679637500217983,0.75,0.4481481481481482,0.5005530714988708,0.5005530714988708,0.0
62,0.7679637670516968,0.7536188534327916,0.75,0.4481481481481482,0.7536188534327916,0.75,0.4481481481481482,0.47538647055625916,0.47538647055625916,0.0
63,0.7536188364028931,0.7372865676879883,0.75,0.4481481481481482,0.7372865676879883,0.75,0.4481481481481482,0.4728384017944336,0.4728384017944336,0.0
64,0.7372865676879883,0.7224645614624023,0.8392857142857143,0.5424162257495591,0.7224645614624023,0.8392857142857143,0.5424162257495591,0.47295746207237244,0.47295746207237244,0.0
65,0.7224645614624023,0.711796624319894,0.7857142857142857,0.5238977072310406,0.711796624319894,0.7857142857142857,0.5238977072310406,0.5730907917022705,0.5730907917022705,0.0
66,0.7117966413497925,0.7022684642246791,0.875,0.5795414462081129,0.7022684642246791,0.875,0.5795414462081129,0.8395746946334839,0.8395746946334839,0.0
67,0.7022684812545776,0.6848938124520438,0.8035714285714286,0.5477072310405643,0.6848938124520438,0.8035714285714286,0.5477072310405643,1.3126211166381836,1.3126211166381836,0.0
68,0.684893786907196,0.6690504891531808,0.8214285714285714,0.5715167548500882,0.6690504891531808,0.8214285714285714,0.5715167548500882,0.6737450361251831,0.6737450361251831,0.0
69,0.6690505146980286,0.6576749937874931,0.875,0.5900352733686067,0.6576749937874931,0.875,0.5900352733686067,0.5041373372077942,0.5041373372077942,0.0
70,0.6576749682426453,0.6495025498526437,0.8035714285714286,0.5477072310405643,0.6495025498526437,0.8035714285714286,0.5477072310405643,1.2503385543823242,1.2503385543823242,0.0
71,0.6495025753974915,0.6309730666024345,0.8214285714285714,0.5715167548500882,0.6309730666024345,0.8214285714285714,0.5715167548500882,1.2718645334243774,1.2718645334243774,0.0
72,0.6309730410575867,0.6207648004804339,0.8571428571428571,0.5838624338624339,0.6207648004804339,0.8571428571428571,0.5838624338624339,0.7500191330909729,0.7500191330909729,0.0
73,0.6207647919654846,0.6151588303702218,0.7857142857142857,0.5415343915343915,0.6151588303702218,0.7857142857142857,0.5415343915343915,1.272346019744873,1.272346019744873,0.0
74,0.6151588559150696,0.5945056506565639,0.8214285714285714,0.5715167548500882,0.5945056506565639,0.8214285714285714,0.5715167548500882,1.4460573196411133,1.4460573196411133,0.0
75,0.5945056676864624,0.6050734519958496,0.8214285714285714,0.5471781305114639,0.6050734519958496,0.8214285714285714,0.5471781305114639,0.6946888566017151,0.6946888566017151,0.0
76,0.6050734519958496,0.5769425119672503,0.8214285714285714,0.5610229276895944,0.5769425119672503,0.8214285714285714,0.5610229276895944,3.069754123687744,3.069754123687744,0.0
77,0.576942503452301,0.5875529561723981,0.7678571428571429,0.5353615520282187,0.5875529561723981,0.7678571428571429,0.5353615520282187,1.0823428630828857,1.0823428630828857,0.0
78,0.5875529646873474,0.5765607697623116,0.8035714285714286,0.5829805996472662,0.5765607697623116,0.8035714285714286,0.5829805996472662,1.8037389516830444,1.8037389516830444,0.0
79,0.5765607953071594,0.5514123099190849,0.8392857142857143,0.595326278659612,0.5514123099190849,0.8392857142857143,0.595326278659612,1.5487658977508545,1.5487658977508545,0.0
80,0.5514122843742371,0.5718118803841727,0.8214285714285714,0.5328924162257496,0.5718118803841727,0.8214285714285714,0.5328924162257496,1.0541636943817139,1.0541636943817139,0.0
81,0.571811854839325,0.5644471985953194,0.7857142857142857,0.5310405643738977,0.5644471985953194,0.7857142857142857,0.5310405643738977,2.738769769668579,2.738769769668579,0.0
82,0.5644472241401672,0.5284850256783622,0.8392857142857143,0.595326278659612,0.5284850256783622,0.8392857142857143,0.595326278659612,2.1918914318084717,2.1918914318084717,0.0
83,0.5284850001335144,0.5810965810503278,0.8392857142857143,0.6024691358024691,0.5810965810503278,0.8392857142857143,0.6024691358024691,0.9184699058532715,0.9184699058532715,0.0
84,0.5810965895652771,0.5870776857648577,0.8035714285714286,0.6006172839506173,0.5870776857648577,0.8035714285714286,0.6006172839506173,3.853452444076538,3.853452444076538,0.0
85,0.5870776772499084,0.5296687739236015,0.8392857142857143,0.595326278659612,0.5296687739236015,0.8392857142857143,0.595326278659612,3.8098275661468506,3.8098275661468506,0.0
86,0.5296687483787537,0.5334580285208566,0.8214285714285714,0.5538800705467372,0.5334580285208566,0.8214285714285714,0.5538800705467372,1.8010889291763306,1.8010889291763306,0.0
87,0.5334580540657043,0.5494940280914307,0.8214285714285714,0.5257495590828923,0.5494940280914307,0.8214285714285714,0.5257495590828923,2.059302806854248,2.059302806854248,0.0
88,0.5494940280914307,0.5362760680062431,0.8214285714285714,0.5223985890652557,0.5362760680062431,0.8214285714285714,0.5223985890652557,2.4881370067596436,2.4881370067596436,0.0
89,0.5362760424613953,0.49794745445251465,0.8214285714285714,0.5715167548500882,0.49794745445251465,0.8214285714285714,0.5715167548500882,2.9011056423187256,2.9011056423187256,0.0
90,0.49794745445251465,0.5103711400713239,0.8392857142857143,0.595326278659612,0.5103711400713239,0.8392857142857143,0.595326278659612,0.859660804271698,0.859660804271698,0.0
91,0.5103711485862732,0.5153754098074776,0.8392857142857143,0.6129629629629629,0.5153754098074776,0.8392857142857143,0.6129629629629629,2.0478107929229736,2.0478107929229736,0.0
92,0.5153754353523254,0.4810522624424526,0.8392857142857143,0.595326278659612,0.4810522624424526,0.8392857142857143,0.595326278659612,2.593533754348755,2.593533754348755,0.0
93,0.4810522496700287,0.5044466767992292,0.8035714285714286,0.5162257495590828,0.5044466767992292,0.8035714285714286,0.5162257495590828,0.9466012120246887,0.9466012120246887,0.0
94,0.5044466853141785,0.5220458507537842,0.8392857142857143,0.5495590828924163,0.5220458507537842,0.8392857142857143,0.5495590828924163,2.7767183780670166,2.7767183780670166,0.0
95,0.5220458507537842,0.5005882467542376,0.8035714285714286,0.5477072310405643,0.5005882467542376,0.8035714285714286,0.5477072310405643,2.680644989013672,2.680644989013672,0.0
96,0.5005882382392883,0.4640587397984096,0.8571428571428571,0.6014991181657848,0.4640587397984096,0.8571428571428571,0.6014991181657848,2.3955986499786377,2.3955986499786377,0.0
97,0.4640587270259857,0.4914591312408447,0.8571428571428571,0.6191358024691358,0.4914591312408447,0.8571428571428571,0.6191358024691358,0.7488179802894592,0.7488179802894592,0.0
98,0.4914591312408447,0.49307380403791157,0.8392857142857143,0.6129629629629629,0.49307380403791157,0.8392857142857143,0.6129629629629629,2.8908371925354004,2.8908371925354004,0.0
99,0.49307379126548767,0.4608891010284424,0.8571428571428571,0.6014991181657848,0.4608891010284424,0.8571428571428571,0.6014991181657848,2.8174386024475098,2.8174386024475098,0.0
100,0.4608891010284424,0.4651869705745152,0.8571428571428571,0.5805114638447971,0.4651869705745152,0.8571428571428571,0.5805114638447971,1.5037893056869507,1.5037893056869507,0.0
101,0.4651869833469391,0.48044889313834055,0.8392857142857143,0.5495590828924163,0.48044889313834055,0.8392857142857143,0.5495590828924163,2.5499203205108643,2.5499203205108643,0.0
102,0.4804489016532898,0.46299283845084055,0.8035714285714286,0.5477072310405643,0.46299283845084055,0.8035714285714286,0.5477072310405643,2.429184913635254,2.429184913635254,0.0
103,0.4629928469657898,0.4417984826224191,0.8571428571428571,0.591005291005291,0.4417984826224191,0.8571428571428571,0.591005291005291,2.1282858848571777,2.1282858848571777,0.0
104,0.44179847836494446,0.45353381974356516,0.8392857142857143,0.595326278659612,0.45353381974356516,0.8392857142857143,0.595326278659612,1.4502894878387451,1.4502894878387451,0.0
105,0.4535338282585144,0.4477194717952183,0.8392857142857143,0.595326278659612,0.4477194717952183,0.8392857142857143,0.595326278659612,1.9823939800262451,1.9823939800262451,0.0
106,0.4477194845676422,0.43137431144714355,0.875,0.5971781305114638,0.43137431144714355,0.875,0.5971781305114638,1.9164509773254395,1.9164509773254395,0.0
107,0.43137431144714355,0.4360408442361014,0.8571428571428571,0.6014991181657848,0.4360408442361014,0.8571428571428571,0.6014991181657848,1.3497240543365479,1.3497240543365479,0.0
108,0.43604084849357605,0.4296659060886928,0.8928571428571429,0.6138447971781306,0.4296659060886928,0.8928571428571429,0.6138447971781306,1.7099674940109253,1.7099674940109253,0.0
109,0.4296658933162689,0.4184560094560896,0.8392857142857143,0.595326278659612,0.4184560094560896,0.8392857142857143,0.595326278659612,1.6478408575057983,1.6478408575057983,0.0
110,0.4184560179710388,0.4333289010184152,0.8571428571428571,0.5805114638447972,0.4333289010184152,0.8571428571428571,0.5805114638447972,0.9752538800239563,0.9752538800239563,0.0
111,0.43332889676094055,0.421328033719744,0.8392857142857143,0.595326278659612,0.421328033719744,0.8392857142857143,0.595326278659612,3.5663745403289795,3.5663745403289795,0.0
112,0.42132803797721863,0.41581835065569195,0.8392857142857143,0.595326278659612,0.41581835065569195,0.8392857142857143,0.595326278659612,1.6319812536239624,1.6319812536239624,0.0
113,0.41581836342811584,0.4121173790522984,0.8571428571428571,0.591005291005291,0.4121173790522984,0.8571428571428571,0.591005291005291,1.6683253049850464,1.6683253049850464,0.0
114,0.4121173918247223,0.40389650208609446,0.875,0.5971781305114638,0.40389650208609446,0.875,0.5971781305114638,1.5251668691635132,1.5251668691635132,0.0
115,0.4038965106010437,0.4110448019845145,0.8392857142857143,0.595326278659612,0.4110448019845145,0.8392857142857143,0.595326278659612,1.9507718086242676,1.9507718086242676,0.0
116,0.41104480624198914,0.40493624550955637,0.8392857142857143,0.595326278659612,0.40493624550955637,0.8392857142857143,0.595326278659612,2.0477640628814697,2.0477640628814697,0.0
117,0.4049362540245056,0.42459539004734587,0.8214285714285714,0.5471781305114639,0.42459539004734587,0.8214285714285714,0.5471781305114639,1.723456859588623,1.723456859588623,0.0
118,0.4245953857898712,0.4013303347996303,0.8392857142857143,0.5638447971781305,0.4013303347996303,0.8392857142857143,0.5638447971781305,6.0068535804748535,6.0068535804748535,0.0
119,0.4013303220272064,0.414024897984096,0.8571428571428571,0.6014991181657848,0.414024897984096,0.8571428571428571,0.6014991181657848,3.6760878562927246,3.6760878562927246,0.0
120,0.41402488946914673,0.4119406427655901,0.8392857142857143,0.595326278659612,0.4119406427655901,0.8392857142857143,0.595326278659612,2.575234889984131,2.575234889984131,0.0
121,0.41194063425064087,0.3879098211015974,0.8571428571428571,0.6014991181657848,0.3879098211015974,0.8571428571428571,0.6014991181657848,2.374690055847168,2.374690055847168,0.0
122,0.38790982961654663,0.4151057175227574,0.8392857142857143,0.5638447971781305,0.4151057175227574,0.8392857142857143,0.5638447971781305,0.9635117053985596,0.9635117053985596,0.0
123,0.4151057302951813,0.39990806579589844,0.8214285714285714,0.5576719576719577,0.39990806579589844,0.8214285714285714,0.5576719576719577,4.90987491607666,4.90987491607666,0.0
124,0.39990806579589844,0.39469385147094727,0.8392857142857143,0.595326278659612,0.39469385147094727,0.8392857142857143,0.595326278659612,3.49596905708313,3.49596905708313,0.0
125,0.39469385147094727,0.3915370873042515,0.8392857142857143,0.595326278659612,0.3915370873042515,0.8392857142857143,0.595326278659612,2.0408473014831543,2.0408473014831543,0.0
126,0.3915371000766754,0.3758707727704729,0.875,0.6076719576719577,0.3758707727704729,0.875,0.6076719576719577,2.15871524810791,2.15871524810791,0.0
127,0.3758707642555237,0.37204902512686594,0.8571428571428571,0.6014991181657848,0.37204902512686594,0.8571428571428571,0.6014991181657848,1.0212717056274414,1.0212717056274414,0.0
128,0.3720490336418152,0.36955377033778597,0.8392857142857143,0.595326278659612,0.36955377033778597,0.8392857142857143,0.595326278659612,0.7817903161048889,0.7817903161048889,0.0
129,0.3695537745952606,0.36401019777570454,0.8571428571428571,0.591005291005291,0.36401019777570454,0.8571428571428571,0.591005291005291,1.5015449523925781,1.5015449523925781,0.0
130,0.36401018500328064,0.3607285703931536,0.8392857142857143,0.595326278659612,0.3607285703931536,0.8392857142857143,0.595326278659612,1.7205711603164673,1.7205711603164673,0.0
131,0.36072856187820435,0.3643350601196289,0.8571428571428571,0.5805114638447972,0.3643350601196289,0.8571428571428571,0.5805114638447972,1.0779378414154053,1.0779378414154053,0.0
132,0.3643350601196289,0.3534004347664969,0.8571428571428571,0.6014991181657848,0.3534004347664969,0.8571428571428571,0.6014991181657848,3.6043336391448975,3.6043336391448975,0.0
133,0.35340043902397156,0.3539050306592669,0.875,0.5971781305114638,0.3539050306592669,0.875,0.5971781305114638,1.1517033576965332,1.1517033576965332,0.0
134,0.3539050221443176,0.35164577620370047,0.8571428571428571,0.6014991181657848,0.35164577620370047,0.8571428571428571,0.6014991181657848,2.934828281402588,2.934828281402588,0.0
135,0.3516457676887512,0.3438011918749128,0.8928571428571429,0.6138447971781306,0.3438011918749128,0.8928571428571429,0.6138447971781306,1.9865224361419678,1.9865224361419678,0.0
136,0.34380120038986206,0.34645611899239676,0.8392857142857143,0.595326278659612,0.34645611899239676,0.8392857142857143,0.595326278659612,1.297368049621582,1.297368049621582,0.0
137,0.3464561104774475,0.34170797892979216,0.875,0.5971781305114638,0.34170797892979216,0.875,0.5971781305114638,2.1212573051452637,2.1212573051452637,0.0
138,0.3417079746723175,0.3365429469517299,0.8571428571428571,0.6014991181657848,0.3365429469517299,0.8571428571428571,0.6014991181657848,2.8936872482299805,2.8936872482299805,0.0
139,0.33654293417930603,0.34312496866498676,0.8392857142857143,0.5638447971781305,0.34312496866498676,0.8392857142857143,0.5638447971781305,1.4453214406967163,1.4453214406967163,0.0
140,0.34312495589256287,0.32954961912972586,0.875,0.6076719576719577,0.32954961912972586,0.875,0.6076719576719577,4.1116766929626465,4.1116766929626465,0.0
141,0.3295496106147766,0.32696730749947683,0.8928571428571429,0.6138447971781306,0.32696730749947683,0.8928571428571429,0.6138447971781306,0.783480703830719,0.783480703830719,0.0
142,0.3269672989845276,0.3385837418692453,0.8392857142857143,0.595326278659612,0.3385837418692453,0.8392857142857143,0.595326278659612,1.4399045705795288,1.4399045705795288,0.0
143,0.33858373761177063,0.32212696756635395,0.8571428571428571,0.6014991181657848,0.32212696756635395,0.8571428571428571,0.6014991181657848,2.5687716007232666,2.5687716007232666,0.0
144,0.32212695479393005,0.42891526222229004,0.8035714285714286,0.5305114638447972,0.42891526222229004,0.8035714285714286,0.5305114638447972,1.4401130676269531,1.4401130676269531,0.0
145,0.42891526222229004,0.43756140981401714,0.7857142857142857,0.5138447971781305,0.43756140981401714,0.7857142857142857,0.5138447971781305,10.131388664245605,10.131388664245605,0.0
146,0.43756142258644104,0.32762220927647184,0.8571428571428571,0.5805114638447972,0.32762220927647184,0.8571428571428571,0.5805114638447972,9.281493186950684,9.281493186950684,0.0
147,0.3276222050189972,0.36739771706717356,0.8392857142857143,0.595326278659612,0.36739771706717356,0.8392857142857143,0.595326278659612,3.475836753845215,3.475836753845215,0.0
148,0.3673977255821228,0.38874551228114534,0.8214285714285714,0.5891534391534391,0.38874551228114534,0.8214285714285714,0.5891534391534391,3.5560765266418457,3.5560765266418457,0.0
149,0.38874551653862,0.35244485310145784,0.8214285714285714,0.5891534391534391,0.35244485310145784,0.8214285714285714,0.5891534391534391,3.5416085720062256,3.5416085720062256,0.0
150,0.3524448573589325,0.3390728746141706,0.8571428571428571,0.608641975308642,0.3390728746141706,0.8571428571428571,0.608641975308642,2.257073402404785,2.257073402404785,0.0
151,0.3390728831291199,0.35133048466273714,0.8392857142857143,0.5533509700176366,0.35133048466273714,0.8392857142857143,0.5533509700176366,1.897329568862915,1.897329568862915,0.0
152,0.3513304889202118,0.3339606693812779,0.8928571428571429,0.6033509700176366,0.3339606693812779,0.8928571428571429,0.6033509700176366,3.1986660957336426,3.1986660957336426,0.0
153,0.3339606821537018,0.33476236888340544,0.8571428571428571,0.6014991181657848,0.33476236888340544,0.8571428571428571,0.6014991181657848,1.6402627229690552,1.6402627229690552,0.0
154,0.3347623646259308,0.3328122411455427,0.875,0.6253086419753087,0.3328122411455427,0.875,0.6253086419753087,1.8020790815353394,1.8020790815353394,0.0
155,0.33281224966049194,0.3119088922228132,0.8928571428571429,0.6314814814814814,0.3119088922228132,0.8928571428571429,0.6314814814814814,2.332273244857788,2.332273244857788,0.0
156,0.31190890073776245,0.3187941483088902,0.875,0.58668430335097,0.3187941483088902,0.875,0.58668430335097,0.8065133094787598,0.8065133094787598,0.0
157,0.3187941610813141,0.3068974018096924,0.8928571428571429,0.6033509700176367,0.3068974018096924,0.8928571428571429,0.6033509700176367,2.257127523422241,2.257127523422241,0.0
158,0.3068974018096924,0.3086050237928118,0.875,0.6253086419753087,0.3086050237928118,0.875,0.6253086419753087,1.7233359813690186,1.7233359813690186,0.0
159,0.30860501527786255,0.3085231440407889,0.875,0.6253086419753087,0.3085231440407889,0.875,0.6253086419753087,2.12259840965271,2.12259840965271,0.0
160,0.30852314829826355,0.2993541104452951,0.9107142857142857,0.6271604938271604,0.2993541104452951,0.9107142857142857,0.6271604938271604,2.369779586791992,2.369779586791992,0.0
161,0.29935410618782043,0.29805493354797363,0.8928571428571429,0.6033509700176366,0.29805493354797363,0.8928571428571429,0.6033509700176366,2.812377452850342,2.812377452850342,0.0
162,0.29805493354797363,0.2960904666355678,0.8571428571428571,0.6014991181657848,0.2960904666355678,0.8571428571428571,0.6014991181657848,2.5926311016082764,2.5926311016082764,0.0
163,0.2960904538631439,0.28508102893829346,0.8928571428571429,0.6314814814814814,0.28508102893829346,0.8928571428571429,0.6314814814814814,2.5298538208007812,2.5298538208007812,0.0
164,0.28508102893829346,0.29864934512547087,0.875,0.5938271604938271,0.29864934512547087,0.875,0.5938271604938271,1.519294261932373,1.519294261932373,0.0
165,0.2986493408679962,0.285211409841265,0.8928571428571429,0.6104938271604937,0.285211409841265,0.8928571428571429,0.6104938271604937,4.322181224822998,4.322181224822998,0.0
166,0.2852114140987396,0.2882401943206787,0.8571428571428571,0.6014991181657848,0.2882401943206787,0.8571428571428571,0.6014991181657848,3.0115621089935303,3.0115621089935303,0.0
167,0.2882401943206787,0.28573260988507954,0.875,0.6253086419753087,0.28573260988507954,0.875,0.6253086419753087,2.5329244136810303,2.5329244136810303,0.0
168,0.28573259711265564,0.276403614452907,0.9107142857142857,0.6271604938271604,0.276403614452907,0.9107142857142857,0.6271604938271604,2.3572041988372803,2.3572041988372803,0.0
169,0.27640360593795776,0.26958167552948,0.9107142857142857,0.6271604938271604,0.26958167552948,0.9107142857142857,0.6271604938271604,2.2746598720550537,2.2746598720550537,0.0
170,0.26958167552948,0.27415398188999723,0.875,0.6076719576719577,0.27415398188999723,0.875,0.6076719576719577,2.1860389709472656,2.1860389709472656,0.0
171,0.2741539776325226,0.26660406589508057,0.8928571428571429,0.6314814814814814,0.26660406589508057,0.8928571428571429,0.6314814814814814,2.2189927101135254,2.2189927101135254,0.0
172,0.26660406589508057,0.2807171515056065,0.8928571428571429,0.6104938271604938,0.2807171515056065,0.8928571428571429,0.6104938271604938,1.6443333625793457,1.6443333625793457,0.0
173,0.2807171642780304,0.27380616324288504,0.8928571428571429,0.6104938271604938,0.27380616324288504,0.8928571428571429,0.6104938271604938,4.562111854553223,4.562111854553223,0.0
174,0.2738061547279358,0.260723420551845,0.8928571428571429,0.6314814814814814,0.260723420551845,0.8928571428571429,0.6314814814814814,4.010471343994141,4.010471343994141,0.0
175,0.26072341203689575,0.257137622152056,0.8928571428571429,0.6314814814814814,0.257137622152056,0.8928571428571429,0.6314814814814814,1.5065693855285645,1.5065693855285645,0.0
176,0.25713762640953064,0.26518821716308594,0.9107142857142857,0.6271604938271604,0.26518821716308594,0.9107142857142857,0.6271604938271604,1.2902934551239014,1.2902934551239014,0.0
177,0.26518821716308594,0.2576245069503784,0.9107142857142857,0.6271604938271604,0.2576245069503784,0.9107142857142857,0.6271604938271604,2.9956600666046143,2.9956600666046143,0.0
178,0.2576245069503784,0.25749077115740093,0.8928571428571429,0.6314814814814814,0.25749077115740093,0.8928571428571429,0.6314814814814814,2.3581771850585938,2.3581771850585938,0.0
179,0.25749078392982483,0.25565147399902344,0.8928571428571429,0.6314814814814814,0.25565147399902344,0.8928571428571429,0.6314814814814814,2.2107136249542236,2.2107136249542236,0.0
180,0.25565147399902344,0.24613516671316965,0.9285714285714286,0.6438271604938272,0.24613516671316965,0.9285714285714286,0.6438271604938272,2.2301015853881836,2.2301015853881836,0.0
181,0.2461351603269577,0.24020239285060338,0.9285714285714286,0.6438271604938272,0.24020239285060338,0.9285714285714286,0.6438271604938272,1.7799077033996582,1.7799077033996582,0.0
182,0.240202397108078,0.25409633772713797,0.8928571428571429,0.6314814814814814,0.25409633772713797,0.8928571428571429,0.6314814814814814,1.3770800828933716,1.3770800828933716,0.0
183,0.2540963292121887,0.24893227645329066,0.8928571428571429,0.6314814814814814,0.24893227645329066,0.8928571428571429,0.6314814814814814,2.6211681365966797,2.6211681365966797,0.0
184,0.24893227219581604,0.24604727540697371,0.8928571428571429,0.6104938271604938,0.24604727540697371,0.8928571428571429,0.6104938271604938,2.6337058544158936,2.6337058544158936,0.0
185,0.2460472732782364,0.24831172398158483,0.8928571428571429,0.6104938271604938,0.24831172398158483,0.8928571428571429,0.6104938271604938,5.0785722732543945,5.0785722732543945,0.0
186,0.24831172823905945,0.2383718490600586,0.8928571428571429,0.6314814814814814,0.2383718490600586,0.8928571428571429,0.6314814814814814,4.90639066696167,4.90639066696167,0.0
187,0.2383718490600586,0.2342862912586757,0.8928571428571429,0.6314814814814814,0.2342862912586757,0.8928571428571429,0.6314814814814814,2.1539809703826904,2.1539809703826904,0.0
188,0.23428629338741302,0.23695780549730575,0.9107142857142857,0.6271604938271604,0.23695780549730575,0.9107142857142857,0.6271604938271604,2.0273280143737793,2.0273280143737793,0.0
189,0.23695780336856842,0.23001515865325928,0.9107142857142857,0.6271604938271604,0.23001515865325928,0.9107142857142857,0.6271604938271604,3.365899085998535,3.365899085998535,0.0
190,0.23001515865325928,0.23816757542746408,0.875,0.6253086419753087,0.23816757542746408,0.875,0.6253086419753087,2.18945574760437,2.18945574760437,0.0
191,0.23816756904125214,0.23253961971827916,0.8928571428571429,0.6314814814814814,0.23253961971827916,0.8928571428571429,0.6314814814814814,2.522108793258667,2.522108793258667,0.0
192,0.23253962397575378,0.22836768627166748,0.9285714285714286,0.6438271604938272,0.22836768627166748,0.9285714285714286,0.6438271604938272,1.9413925409317017,1.9413925409317017,0.0
193,0.22836768627166748,0.2241457530430385,0.9285714285714286,0.6438271604938272,0.2241457530430385,0.9285714285714286,0.6438271604938272,1.753311276435852,1.753311276435852,0.0
194,0.22414575517177582,0.22697854042053223,0.8928571428571429,0.6314814814814814,0.22697854042053223,0.8928571428571429,0.6314814814814814,1.7128748893737793,1.7128748893737793,0.0
195,0.22697854042053223,0.2232850960322789,0.8928571428571429,0.6314814814814814,0.2232850960322789,0.8928571428571429,0.6314814814814814,2.061368942260742,2.061368942260742,0.0
196,0.22328509390354156,0.23326880591256277,0.8928571428571429,0.6104938271604938,0.23326880591256277,0.8928571428571429,0.6104938271604938,2.151047945022583,2.151047945022583,0.0
197,0.23326881229877472,0.23429177488599504,0.8928571428571429,0.6104938271604938,0.23429177488599504,0.8928571428571429,0.6104938271604938,5.395422458648682,5.395422458648682,0.0
198,0.23429177701473236,0.21245205402374268,0.8928571428571429,0.6314814814814814,0.21245205402374268,0.8928571428571429,0.6314814814814814,5.466952323913574,5.466952323913574,0.0
199,0.21245205402374268,0.21181086131504603,0.8928571428571429,0.6314814814814814,0.21181086131504603,0.8928571428571429,0.6314814814814814,1.2097424268722534,1.2097424268722534,0.0
200,0.2118108570575714,0.2130155393055507,0.9107142857142857,0.6271604938271604,0.2130155393055507,0.9107142857142857,0.6271604938271604,1.2428815364837646,1.2428815364837646,0.0
201,0.21301554143428802,0.2074460302080427,0.9107142857142857,0.6376543209876543,0.2074460302080427,0.9107142857142857,0.6376543209876543,2.534128427505493,2.534128427505493,0.0
202,0.20744602382183075,0.21252008846827916,0.8928571428571429,0.6314814814814814,0.21252008846827916,0.8928571428571429,0.6314814814814814,1.0062953233718872,1.0062953233718872,0.0
203,0.21252009272575378,0.20687554563794816,0.9285714285714286,0.6438271604938272,0.20687554563794816,0.9285714285714286,0.6438271604938272,2.154911518096924,2.154911518096924,0.0
204,0.20687554776668549,0.21155406747545516,0.9107142857142857,0.6271604938271604,0.21155406747545516,0.9107142857142857,0.6271604938271604,1.5438117980957031,1.5438117980957031,0.0
205,0.21155406534671783,0.23117615495409286,0.875,0.6076719576719577,0.23117615495409286,0.875,0.6076719576719577,3.9240994453430176,3.9240994453430176,0.0
206,0.23117615282535553,0.2064154658998762,0.8928571428571429,0.6314814814814814,0.2064154658998762,0.8928571428571429,0.6314814814814814,3.9628612995147705,3.9628612995147705,0.0
207,0.20641545951366425,0.22838314941951207,0.8928571428571429,0.6104938271604938,0.22838314941951207,0.8928571428571429,0.6104938271604938,2.443146228790283,2.443146228790283,0.0
208,0.2283831536769867,0.2520060879843576,0.8928571428571429,0.6209876543209877,0.2520060879843576,0.8928571428571429,0.6209876543209877,6.675795078277588,6.675795078277588,0.0
209,0.25200608372688293,0.2392505066735404,0.8571428571428571,0.6191358024691358,0.2392505066735404,0.8571428571428571,0.6191358024691358,5.9499592781066895,5.9499592781066895,0.0
210,0.23925051093101501,0.2156871897833688,0.8928571428571429,0.6314814814814814,0.2156871897833688,0.8928571428571429,0.6314814814814814,4.2392449378967285,4.2392449378967285,0.0
211,0.21568718552589417,0.20571214812142508,0.9464285714285714,0.8104938271604937,0.20571214812142508,0.9464285714285714,0.8104938271604937,3.2166085243225098,3.2166085243225098,0.0
212,0.20571215450763702,0.22036121572766984,0.9107142857142857,0.7771604938271605,0.22036121572766984,0.9107142857142857,0.7771604938271605,2.0765960216522217,2.0765960216522217,0.0
213,0.22036121785640717,0.1911583968571254,0.9464285714285714,0.8104938271604937,0.1911583968571254,0.9464285714285714,0.8104938271604937,5.517544746398926,5.517544746398926,0.0
214,0.19115839898586273,0.22377070358821324,0.9107142857142857,0.7981481481481482,0.22377070358821324,0.9107142857142857,0.7981481481481482,1.7209709882736206,1.7209709882736206,0.0
215,0.22377070784568787,0.23153955595833914,0.9107142857142857,0.7981481481481482,0.23153955595833914,0.9107142857142857,0.7981481481481482,3.064409017562866,3.064409017562866,0.0
216,0.2315395623445511,0.19849370207105363,0.9107142857142857,0.7981481481481482,0.19849370207105363,0.9107142857142857,0.7981481481481482,3.2250726222991943,3.2250726222991943,0.0
217,0.19849370419979095,0.24429079464503697,0.8928571428571429,0.7604938271604937,0.24429079464503697,0.8928571428571429,0.7604938271604937,2.1062190532684326,2.1062190532684326,0.0
218,0.2442907989025116,0.2913081305367606,0.875,0.7438271604938271,0.2913081305367606,0.875,0.7438271604938271,7.847949981689453,7.847949981689453,0.0
219,0.29130813479423523,0.2344981942858015,0.9285714285714286,0.7938271604938271,0.2344981942858015,0.9285714285714286,0.7938271604938271,9.44056510925293,9.44056510925293,0.0
220,0.23449818789958954,0.20527916295187815,0.9285714285714286,0.8148148148148149,0.20527916295187815,0.9285714285714286,0.8148148148148149,4.554166316986084,4.554166316986084,0.0
221,0.2052791565656662,0.2155567237309047,0.9107142857142857,0.7981481481481482,0.2155567237309047,0.9107142857142857,0.7981481481481482,1.6468745470046997,1.6468745470046997,0.0
222,0.21555672585964203,0.2286665439605713,0.8928571428571429,0.7919753086419753,0.2286665439605713,0.8928571428571429,0.7919753086419753,3.162712812423706,3.162712812423706,0.0
223,0.2286665439605713,0.2081411736352103,0.9107142857142857,0.7981481481481482,0.2081411736352103,0.9107142857142857,0.7981481481481482,3.504040241241455,3.504040241241455,0.0
224,0.20814117789268494,0.20285323687962123,0.9107142857142857,0.7981481481481482,0.20285323687962123,0.9107142857142857,0.7981481481481482,2.159512758255005,2.159512758255005,0.0
225,0.2028532326221466,0.21039671557290213,0.9107142857142857,0.791005291005291,0.21039671557290213,0.9107142857142857,0.791005291005291,1.849546194076538,1.849546194076538,0.0
226,0.21039672195911407,0.19073455674307688,0.9464285714285714,0.8209876543209876,0.19073455674307688,0.9464285714285714,0.8209876543209876,2.615277051925659,2.615277051925659,0.0
227,0.19073455035686493,0.2012439285005842,0.9107142857142857,0.7981481481481482,0.2012439285005842,0.9107142857142857,0.7981481481481482,0.999678373336792,0.999678373336792,0.0
228,0.20124392211437225,0.2061633723122733,0.9107142857142857,0.7981481481481482,0.2061633723122733,0.9107142857142857,0.7981481481481482,2.108260154724121,2.108260154724121,0.0
229,0.20616337656974792,0.18683637891496932,0.9285714285714286,0.8148148148148149,0.18683637891496932,0.9285714285714286,0.8148148148148149,2.6307036876678467,2.6307036876678467,0.0
230,0.186836376786232,0.19556209019252233,0.9642857142857143,0.8271604938271605,0.19556209019252233,0.9642857142857143,0.8271604938271605,1.1068699359893799,1.1068699359893799,0.0
231,0.19556209444999695,0.19352201053074428,0.9464285714285714,0.8104938271604939,0.19352201053074428,0.9464285714285714,0.8104938271604939,2.1642377376556396,2.1642377376556396,0.0
232,0.19352200627326965,0.180369428225926,0.9464285714285714,0.8209876543209876,0.180369428225926,0.9464285714285714,0.8209876543209876,2.3757007122039795,2.3757007122039795,0.0
233,0.18036942183971405,0.18261677878243582,0.9285714285714286,0.804320987654321,0.18261677878243582,0.9285714285714286,0.804320987654321,0.8753888607025146,0.8753888607025146,0.0
234,0.18261678516864777,0.17486461571284703,0.9464285714285714,0.8209876543209876,0.17486461571284703,0.9464285714285714,0.8209876543209876,1.2822468280792236,1.2822468280792236,0.0
235,0.17486461997032166,0.17737793922424316,0.9464285714285714,0.8209876543209876,0.17737793922424316,0.9464285714285714,0.8209876543209876,0.7498575448989868,0.7498575448989868,0.0
236,0.17737793922424316,0.19107421806880406,0.9285714285714286,0.7938271604938271,0.19107421806880406,0.9285714285714286,0.7938271604938271,1.3477190732955933,1.3477190732955933,0.0
237,0.1910742223262787,0.1741387333188738,0.9464285714285714,0.8209876543209876,0.1741387333188738,0.9464285714285714,0.8209876543209876,4.5367512702941895,4.5367512702941895,0.0
238,0.17413873970508575,0.17352868829454696,0.9285714285714286,0.8148148148148149,0.17352868829454696,0.9285714285714286,0.8148148148148149,0.9439250826835632,0.9439250826835632,0.0
239,0.17352868616580963,0.18903139659336635,0.9285714285714286,0.7938271604938271,0.18903139659336635,0.9285714285714286,0.7938271604938271,1.6580181121826172,1.6580181121826172,0.0
240,0.18903139233589172,0.17337380136762345,0.9642857142857143,0.8271604938271605,0.17337380136762345,0.9642857142857143,0.8271604938271605,4.308917045593262,4.308917045593262,0.0
241,0.17337380349636078,0.18312360559191024,0.9285714285714286,0.8148148148148149,0.18312360559191024,0.9285714285714286,0.8148148148148149,1.7642560005187988,1.7642560005187988,0.0
242,0.1831236034631729,0.1850771393094744,0.9285714285714286,0.8148148148148149,0.1850771393094744,0.9285714285714286,0.8148148148148149,2.611475944519043,2.611475944519043,0.0
243,0.18507714569568634,0.19160630021776473,0.9285714285714286,0.7938271604938271,0.19160630021776473,0.9285714285714286,0.7938271604938271,2.947439432144165,2.947439432144165,0.0
244,0.1916062980890274,0.187285201890128,0.9285714285714286,0.7938271604938271,0.187285201890128,0.9285714285714286,0.7938271604938271,5.865692615509033,5.865692615509033,0.0
245,0.18728519976139069,0.1645475115094866,0.9285714285714286,0.8148148148148149,0.1645475115094866,0.9285714285714286,0.8148148148148149,5.727928161621094,5.727928161621094,0.0
246,0.16454751789569855,0.162990859576634,0.9464285714285714,0.8209876543209876,0.162990859576634,0.9464285714285714,0.8209876543209876,1.3309749364852905,1.3309749364852905,0.0
247,0.16299085319042206,0.17265232971736363,0.9285714285714286,0.7938271604938271,0.17265232971736363,0.9285714285714286,0.7938271604938271,0.9371669888496399,0.9371669888496399,0.0
248,0.17265233397483826,0.15919137001037598,0.9464285714285714,0.8104938271604939,0.15919137001037598,0.9464285714285714,0.8104938271604939,3.974802255630493,3.974802255630493,0.0
249,0.15919137001037598,0.18548827511923655,0.9464285714285714,0.8209876543209876,0.18548827511923655,0.9464285714285714,0.8209876543209876,1.7573102712631226,1.7573102712631226,0.0
250,0.1854882687330246,0.18641599587031774,0.9464285714285714,0.8209876543209876,0.18641599587031774,0.9464285714285714,0.8209876543209876,3.068016290664673,3.068016290664673,0.0
251,0.18641600012779236,0.15528828757149832,0.9464285714285714,0.8209876543209876,0.15528828757149832,0.9464285714285714,0.8209876543209876,2.875575065612793,2.875575065612793,0.0
252,0.15528829395771027,0.26351707322256906,0.8928571428571429,0.7604938271604937,0.26351707322256906,0.8928571428571429,0.7604938271604937,1.3626631498336792,1.3626631498336792,0.0
253,0.2635170817375183,0.308326176234654,0.875,0.7438271604938271,0.308326176234654,0.875,0.7438271604938271,8.42695140838623,8.42695140838623,0.0
254,0.30832618474960327,0.23947431359972274,0.8928571428571429,0.7604938271604937,0.23947431359972274,0.8928571428571429,0.7604938271604937,8.088866233825684,8.088866233825684,0.0
255,0.2394743114709854,0.16206353051321848,0.9642857142857143,0.8166666666666668,0.16206353051321848,0.9642857142857143,0.8166666666666668,6.710838794708252,6.710838794708252,0.0
256,0.16206352412700653,0.22900991780417307,0.9107142857142857,0.808641975308642,0.22900991780417307,0.9107142857142857,0.808641975308642,2.035292625427246,2.035292625427246,0.0
257,0.22900991141796112,0.2564357689448765,0.9285714285714286,0.8148148148148149,0.2564357689448765,0.9285714285714286,0.8148148148148149,4.890641212463379,4.890641212463379,0.0
258,0.2564357817173004,0.23517939022609166,0.9285714285714286,0.8148148148148149,0.23517939022609166,0.9285714285714286,0.8148148148148149,4.199787139892578,4.199787139892578,0.0
259,0.23517939448356628,0.19798571722848074,0.9107142857142857,0.808641975308642,0.19798571722848074,0.9107142857142857,0.808641975308642,2.9205427169799805,2.9205427169799805,0.0
260,0.1979857236146927,0.20757011004856654,0.9285714285714286,0.7938271604938271,0.20757011004856654,0.9285714285714286,0.7938271604938271,2.727893114089966,2.727893114089966,0.0
261,0.20757010579109192,0.22725399902888707,0.9107142857142857,0.7771604938271605,0.22725399902888707,0.9107142857142857,0.7771604938271605,4.193924427032471,4.193924427032471,0.0
262,0.2272540032863617,0.2014157431466239,0.9107142857142857,0.7771604938271605,0.2014157431466239,0.9107142857142857,0.7771604938271605,4.68496561050415,4.68496561050415,0.0
263,0.2014157474040985,0.1816272565296718,0.9642857142857143,0.8166666666666668,0.1816272565296718,0.9642857142857143,0.8166666666666668,2.692971706390381,2.692971706390381,0.0
264,0.18162725865840912,0.19530596051897323,0.9464285714285714,0.8209876543209876,0.19530596051897323,0.9464285714285714,0.8209876543209876,1.7204017639160156,1.7204017639160156,0.0
265,0.1953059583902359,0.19800354753221786,0.9464285714285714,0.8209876543209876,0.19800354753221786,0.9464285714285714,0.8209876543209876,3.037111520767212,3.037111520767212,0.0
266,0.19800354540348053,0.1723578487123762,0.9285714285714286,0.8148148148148149,0.1723578487123762,0.9285714285714286,0.8148148148148149,3.2597641944885254,3.2597641944885254,0.0
267,0.17235784232616425,0.1676109858921596,0.9464285714285714,0.8209876543209876,0.1676109858921596,0.9464285714285714,0.8209876543209876,1.5672091245651245,1.5672091245651245,0.0
268,0.1676109880208969,0.17999262469155447,0.9642857142857143,0.8166666666666668,0.17999262469155447,0.9642857142857143,0.8166666666666668,1.4462417364120483,1.4462417364120483,0.0
269,0.17999263107776642,0.1606483289173671,0.9642857142857143,0.8271604938271605,0.1606483289173671,0.9642857142857143,0.8271604938271605,3.1233465671539307,3.1233465671539307,0.0
270,0.16064833104610443,0.1558295488357544,0.9464285714285714,0.8209876543209876,0.1558295488357544,0.9464285714285714,0.8209876543209876,1.1665924787521362,1.1665924787521362,0.0
271,0.1558295488357544,0.16596712384905135,0.9821428571428571,0.8333333333333334,0.16596712384905135,0.9821428571428571,0.8333333333333334,1.19992995262146,1.19992995262146,0.0
272,0.16596712172031403,0.15963239329201834,0.9642857142857143,0.8166666666666668,0.15963239329201834,0.9642857142857143,0.8166666666666668,2.2823750972747803,2.2823750972747803,0.0
273,0.15963239967823029,0.15680159841264998,0.9464285714285714,0.8209876543209876,0.15680159841264998,0.9464285714285714,0.8209876543209876,1.849552869796753,1.849552869796753,0.0
274,0.15680159628391266,0.15141405378069198,0.9642857142857143,0.8271604938271605,0.15141405378069198,0.9642857142857143,0.8271604938271605,2.08526611328125,2.08526611328125,0.0
275,0.15141405165195465,0.16239288875034877,0.9285714285714286,0.7938271604938271,0.16239288875034877,0.9285714285714286,0.7938271604938271,1.047095775604248,1.047095775604248,0.0
276,0.16239288449287415,0.14900149617876327,0.9642857142857143,0.8271604938271605,0.14900149617876327,0.9642857142857143,0.8271604938271605,4.374639987945557,4.374639987945557,0.0
277,0.14900149405002594,0.1666701180594308,0.9464285714285714,0.8209876543209876,0.1666701180594308,0.9464285714285714,0.8209876543209876,1.5927517414093018,1.5927517414093018,0.0
278,0.16667011380195618,0.16678908893040248,0.9464285714285714,0.8209876543209876,0.16678908893040248,0.9464285714285714,0.8209876543209876,2.2898638248443604,2.2898638248443604,0.0
279,0.16678908467292786,0.14101580211094447,0.9642857142857143,0.8271604938271605,0.14101580211094447,0.9642857142857143,0.8271604938271605,2.263333320617676,2.263333320617676,0.0
280,0.14101579785346985,0.21616102967943465,0.9285714285714286,0.9333333333333332,0.21616102967943465,0.9285714285714286,0.9333333333333332,0.8499147891998291,0.8499147891998291,0.0
281,0.21616102755069733,0.24005872862679617,0.9285714285714286,0.9333333333333332,0.24005872862679617,0.9285714285714286,0.9333333333333332,7.043378829956055,7.043378829956055,0.0
282,0.24005873501300812,0.19276705810001918,0.9464285714285714,0.9500000000000001,0.19276705810001918,0.9464285714285714,0.9500000000000001,6.74603271484375,6.74603271484375,0.0
283,0.19276705384254456,0.16043497834886825,0.9821428571428571,0.8333333333333334,0.16043497834886825,0.9821428571428571,0.8333333333333334,4.312493801116943,4.312493801116943,0.0
284,0.16043497622013092,0.16711510930742537,0.9464285714285714,0.8209876543209876,0.16711510930742537,0.9464285714285714,0.8209876543209876,2.618415117263794,2.618415117263794,0.0
285,0.16711510717868805,0.16263294219970703,0.9464285714285714,0.8209876543209876,0.16263294219970703,0.9464285714285714,0.8209876543209876,3.435284376144409,3.435284376144409,0.0
286,0.16263294219970703,0.15035670144217356,0.9285714285714286,0.8148148148148149,0.15035670144217356,0.9285714285714286,0.8148148148148149,2.937920331954956,2.937920331954956,0.0
287,0.1503566950559616,0.15530421052660262,0.9642857142857143,0.8166666666666668,0.15530421052660262,0.9642857142857143,0.8166666666666668,1.2808129787445068,1.2808129787445068,0.0
288,0.1553042083978653,0.14391090188707625,1.0,1.0,0.14391090188707625,1.0,1.0,2.276268720626831,2.276268720626831,0.0
289,0.14391089975833893,0.15411419527871267,0.9642857142857143,0.9876543209876543,0.15411419527871267,0.9642857142857143,0.9876543209876543,1.3633627891540527,1.3633627891540527,0.0
290,0.15411420166492462,0.15310863086155482,0.9464285714285714,0.8209876543209876,0.15310863086155482,0.9464285714285714,0.8209876543209876,2.6227803230285645,2.6227803230285645,0.0
291,0.1531086266040802,0.14035516125815256,0.9821428571428571,0.8333333333333334,0.14035516125815256,0.9821428571428571,0.8333333333333334,2.6656157970428467,2.6656157970428467,0.0
292,0.1403551548719406,0.142338684626988,0.9642857142857143,0.8166666666666668,0.142338684626988,0.9642857142857143,0.8166666666666668,1.3976824283599854,1.3976824283599854,0.0
293,0.14233867824077606,0.13544996295656478,0.9464285714285714,0.8209876543209876,0.13544996295656478,0.9464285714285714,0.8209876543209876,2.158663511276245,2.158663511276245,0.0
294,0.13544996082782745,0.13001767226627894,0.9821428571428571,0.8333333333333334,0.13001767226627894,0.9821428571428571,0.8333333333333334,1.3143295049667358,1.3143295049667358,0.0
295,0.13001766800880432,0.13187002284186228,0.9821428571428571,0.9833333333333334,0.13187002284186228,0.9821428571428571,0.9833333333333334,0.46923065185546875,0.46923065185546875,0.0
296,0.13187001645565033,0.13270399400166102,0.9642857142857143,0.9876543209876543,0.13270399400166102,0.9642857142857143,0.9876543209876543,2.072263717651367,2.072263717651367,0.0
297,0.1327039897441864,0.12727069003241404,0.9821428571428571,0.9938271604938271,0.12727069003241404,0.9821428571428571,0.9938271604938271,2.1315720081329346,2.1315720081329346,0.0
298,0.1272706836462021,0.13341630356652395,0.9821428571428571,0.9833333333333334,0.13341630356652395,0.9821428571428571,0.9833333333333334,0.6938191056251526,0.6938191056251526,0.0
299,0.1334163099527359,0.12316559042249407,1.0,1.0,0.12316559042249407,1.0,1.0,3.1946096420288086,3.1946096420288086,0.0
300,0.12316559255123138,0.1336625473839896,0.9642857142857143,0.9876543209876543,0.1336625473839896,0.9642857142857143,0.9876543209876543,0.5053558349609375,0.5053558349609375,0.0
301,0.13366255164146423,0.12271675041743688,0.9821428571428571,0.9938271604938271,0.12271675041743688,0.9821428571428571,0.9938271604938271,2.8153276443481445,2.8153276443481445,0.0
302,0.1227167472243309,0.16192177363804408,0.9464285714285714,0.9500000000000001,0.16192177363804408,0.9464285714285714,0.9500000000000001,0.7639802694320679,0.7639802694320679,0.0
303,0.16192176938056946,0.15701983656202043,0.9464285714285714,0.9500000000000001,0.15701983656202043,0.9464285714285714,0.9500000000000001,5.9518022537231445,5.9518022537231445,0.0
304,0.15701983869075775,0.12009238345282418,0.9821428571428571,0.9938271604938271,0.12009238345282418,0.9821428571428571,0.9938271604938271,5.809983730316162,5.809983730316162,0.0
305,0.12009238451719284,0.11903963770185198,0.9821428571428571,0.9938271604938271,0.11903963770185198,0.9821428571428571,0.9938271604938271,1.0236196517944336,1.0236196517944336,0.0
306,0.1190396398305893,0.14474701881408691,0.9642857142857143,0.9666666666666667,0.14474701881408691,0.9642857142857143,0.9666666666666667,1.3800790309906006,1.3800790309906006,0.0
307,0.14474701881408691,0.13560799189976283,0.9642857142857143,0.9666666666666667,0.13560799189976283,0.9642857142857143,0.9666666666666667,5.5453314781188965,5.5453314781188965,0.0
308,0.1356079876422882,0.12691244057246617,0.9464285714285714,0.8209876543209876,0.12691244057246617,0.9464285714285714,0.8209876543209876,5.010156631469727,5.010156631469727,0.0
309,0.1269124448299408,0.12617273841585433,0.9642857142857143,0.9876543209876543,0.12617273841585433,0.9642857142857143,0.9876543209876543,3.2115633487701416,3.2115633487701416,0.0
310,0.126172736287117,0.1272759096963065,0.9821428571428571,0.9833333333333334,0.1272759096963065,0.9821428571428571,0.9833333333333334,3.176759958267212,3.176759958267212,0.0
311,0.12727591395378113,0.1223315852028983,0.9821428571428571,0.9833333333333334,0.1223315852028983,0.9821428571428571,0.9833333333333334,4.090912342071533,4.090912342071533,0.0
312,0.12233158200979233,0.12940133469445364,0.9642857142857143,0.9876543209876543,0.12940133469445364,0.9642857142857143,0.9876543209876543,3.442906618118286,3.442906618118286,0.0
313,0.1294013410806656,0.12677137340818131,0.9642857142857143,0.9876543209876543,0.12677137340818131,0.9642857142857143,0.9876543209876543,3.1872904300689697,3.1872904300689697,0.0
314,0.12677137553691864,0.12010004690715245,0.9821428571428571,0.9833333333333334,0.12010004690715245,0.9821428571428571,0.9833333333333334,3.0136330127716064,3.0136330127716064,0.0
315,0.12010004371404648,0.11799896614892143,0.9821428571428571,0.9833333333333334,0.11799896614892143,0.9821428571428571,0.9833333333333334,2.9455509185791016,2.9455509185791016,0.0
316,0.11799896508455276,0.1249132582119533,0.9642857142857143,0.9876543209876543,0.1249132582119533,0.9642857142857143,0.9876543209876543,2.550217628479004,2.550217628479004,0.0
317,0.12491326034069061,0.12154504231044225,0.9642857142857143,0.9876543209876543,0.12154504231044225,0.9642857142857143,0.9876543209876543,2.755826950073242,2.755826950073242,0.0
318,0.12154503911733627,0.12185071195874896,0.9821428571428571,0.9833333333333334,0.12185071195874896,0.9821428571428571,0.9833333333333334,2.5281360149383545,2.5281360149383545,0.0
319,0.12185071408748627,0.12073332071304321,0.9821428571428571,0.9833333333333334,0.12073332071304321,0.9821428571428571,0.9833333333333334,3.3889009952545166,3.3889009952545166,0.0
320,0.12073332071304321,0.11796178988048009,0.9642857142857143,0.9876543209876543,0.11796178988048009,0.9642857142857143,0.9876543209876543,3.2697012424468994,3.2697012424468994,0.0
321,0.11796178668737411,0.11510424954550606,0.9642857142857143,0.9876543209876543,0.11510424954550606,0.9642857142857143,0.9876543209876543,2.2487032413482666,2.2487032413482666,0.0
322,0.11510425060987473,0.12592071294784546,0.9642857142857143,0.9666666666666667,0.12592071294784546,0.9642857142857143,0.9666666666666667,1.9714566469192505,1.9714566469192505,0.0
323,0.12592071294784546,0.12363734415599278,0.9642857142857143,0.9666666666666667,0.12363734415599278,0.9642857142857143,0.9666666666666667,4.0533127784729,4.0533127784729,0.0
324,0.12363734096288681,0.11370933055877686,0.9642857142857143,0.9876543209876543,0.11370933055877686,0.9642857142857143,0.9876543209876543,3.798754930496216,3.798754930496216,0.0
325,0.11370933055877686,0.11201847451073783,0.9821428571428571,0.9938271604938271,0.11201847451073783,0.9821428571428571,0.9938271604938271,1.978563666343689,1.978563666343689,0.0
326,0.11201847344636917,0.12461417061941964,0.9642857142857143,0.9666666666666667,0.12461417061941964,0.9642857142857143,0.9666666666666667,1.760633945465088,1.760633945465088,0.0
327,0.1246141716837883,0.12145995242255074,0.9642857142857143,0.9666666666666667,0.12145995242255074,0.9642857142857143,0.9666666666666667,3.93843150138855,3.93843150138855,0.0
328,0.1214599534869194,0.11249968835285731,0.9642857142857143,0.9876543209876543,0.11249968835285731,0.9642857142857143,0.9876543209876543,3.627995729446411,3.627995729446411,0.0
329,0.11249969154596329,0.11086009229932513,0.9642857142857143,0.9876543209876543,0.11086009229932513,0.9642857142857143,0.9876543209876543,2.09123158454895,2.09123158454895,0.0
330,0.11086009442806244,0.12137190784726824,0.9642857142857143,0.9666666666666667,0.12137190784726824,0.9642857142857143,0.9666666666666667,1.9246001243591309,1.9246001243591309,0.0
331,0.12137190997600555,0.11836145605359759,0.9821428571428571,0.9833333333333334,0.11836145605359759,0.9821428571428571,0.9833333333333334,3.7847588062286377,3.7847588062286377,0.0
332,0.1183614581823349,0.11141073703765869,0.9642857142857143,0.9876543209876543,0.11141073703765869,0.9642857142857143,0.9876543209876543,3.538553476333618,3.538553476333618,0.0
333,0.11141073703765869,0.10982288633074079,0.9642857142857143,0.9876543209876543,0.10982288633074079,0.9642857142857143,0.9876543209876543,2.3689324855804443,2.3689324855804443,0.0
334,0.10982288420200348,0.11775141102927071,0.9821428571428571,0.9833333333333334,0.11775141102927071,0.9821428571428571,0.9833333333333334,2.2332632541656494,2.2332632541656494,0.0
335,0.11775141209363937,0.11465185880661011,0.9821428571428571,0.9833333333333334,0.11465185880661011,0.9821428571428571,0.9833333333333334,3.745593309402466,3.745593309402466,0.0
336,0.11465185880661011,0.11088188205446516,0.9642857142857143,0.9876543209876543,0.11088188205446516,0.9642857142857143,0.9876543209876543,3.4654905796051025,3.4654905796051025,0.0
337,0.11088187992572784,0.10892135756356376,0.9642857142857143,0.9876543209876543,0.10892135756356376,0.9642857142857143,0.9876543209876543,2.6158010959625244,2.6158010959625244,0.0
338,0.1089213564991951,0.11552992037364415,0.9821428571428571,0.9833333333333334,0.11552992037364415,0.9821428571428571,0.9833333333333334,2.434333324432373,2.434333324432373,0.0
339,0.11552991718053818,0.11308727094105311,0.9821428571428571,0.9833333333333334,0.11308727094105311,0.9821428571428571,0.9833333333333334,3.792684316635132,3.792684316635132,0.0
340,0.11308727413415909,0.10879349708557129,0.9642857142857143,0.9876543209876543,0.10879349708557129,0.9642857142857143,0.9876543209876543,3.5462522506713867,3.5462522506713867,0.0
341,0.10879349708557129,0.10674315690994263,0.9642857142857143,0.9876543209876543,0.10674315690994263,0.9642857142857143,0.9876543209876543,2.5711073875427246,2.5711073875427246,0.0
342,0.10674315690994263,0.11503612995147705,0.9821428571428571,0.9833333333333334,0.11503612995147705,0.9821428571428571,0.9833333333333334,2.3471622467041016,2.3471622467041016,0.0
343,0.11503612995147705,0.11232283285685948,0.9821428571428571,0.9833333333333334,0.11232283285685948,0.9821428571428571,0.9833333333333334,3.939761161804199,3.939761161804199,0.0
344,0.11232282966375351,0.10698688881737846,0.9642857142857143,0.9876543209876543,0.10698688881737846,0.9642857142857143,0.9876543209876543,3.6695332527160645,3.6695332527160645,0.0
345,0.1069868877530098,0.10516453640801567,0.9642857142857143,0.9876543209876543,0.10516453640801567,0.9642857142857143,0.9876543209876543,2.5461995601654053,2.5461995601654053,0.0
346,0.105164535343647,0.11347163575036186,0.9821428571428571,0.9833333333333334,0.11347163575036186,0.9821428571428571,0.9833333333333334,2.3382673263549805,2.3382673263549805,0.0
347,0.1134716346859932,0.11066121714455741,0.9821428571428571,0.9833333333333334,0.11066121714455741,0.9821428571428571,0.9833333333333334,3.9579811096191406,3.9579811096191406,0.0
348,0.11066121608018875,0.10580795151846749,0.9642857142857143,0.9876543209876543,0.10580795151846749,0.9642857142857143,0.9876543209876543,3.651998519897461,3.651998519897461,0.0
349,0.10580795258283615,0.10397967270442418,0.9642857142857143,0.9876543209876543,0.10397967270442418,0.9642857142857143,0.9876543209876543,2.5715649127960205,2.5715649127960205,0.0
350,0.1039796695113182,0.11181041172572545,0.9821428571428571,0.9833333333333334,0.11181041172572545,0.9821428571428571,0.9833333333333334,2.3565409183502197,2.3565409183502197,0.0
351,0.11181040853261948,0.10909504549843925,0.9821428571428571,0.9833333333333334,0.10909504549843925,0.9821428571428571,0.9833333333333334,3.918449640274048,3.918449640274048,0.0
352,0.10909504443407059,0.1046030947140285,0.9642857142857143,0.9876543209876543,0.1046030947140285,0.9642857142857143,0.9876543209876543,3.6068222522735596,3.6068222522735596,0.0
353,0.10460309684276581,0.10275303465979439,0.9642857142857143,0.9876543209876543,0.10275303465979439,0.9642857142857143,0.9876543209876543,2.5817558765411377,2.5817558765411377,0.0
354,0.10275303572416306,0.11043818507875715,0.9821428571428571,0.9833333333333334,0.11043818507875715,0.9821428571428571,0.9833333333333334,2.368880033493042,2.368880033493042,0.0
355,0.11043818295001984,0.10787124293191093,0.9821428571428571,0.9833333333333334,0.10787124293191093,0.9821428571428571,0.9833333333333334,3.9298202991485596,3.9298202991485596,0.0
356,0.10787124186754227,0.1031102282660348,0.9642857142857143,0.9876543209876543,0.1031102282660348,0.9642857142857143,0.9876543209876543,3.6419968605041504,3.6419968605041504,0.0
357,0.10311023145914078,0.10114812850952148,0.9821428571428571,0.9938271604938271,0.10114812850952148,0.9821428571428571,0.9938271604938271,2.567328691482544,2.567328691482544,0.0
358,0.10114812850952148,0.10994255542755127,0.9821428571428571,0.9833333333333334,0.10994255542755127,0.9821428571428571,0.9833333333333334,2.3254811763763428,2.3254811763763428,0.0
359,0.10994255542755127,0.10750251156943184,0.9821428571428571,0.9833333333333334,0.10750251156943184,0.9821428571428571,0.9833333333333334,4.05061674118042,4.05061674118042,0.0
360,0.1075025126338005,0.10111945867538452,0.9642857142857143,0.9876543209876543,0.10111945867538452,0.9642857142857143,0.9876543209876543,3.77740478515625,3.77740478515625,0.0
361,0.10111945867538452,0.09925201109477452,0.9821428571428571,0.9938271604938271,0.09925201109477452,0.9821428571428571,0.9938271604938271,2.466226577758789,2.466226577758789,0.0
362,0.09925200790166855,0.1096630437033517,0.9642857142857143,0.9666666666666667,0.1096630437033517,0.9642857142857143,0.9666666666666667,2.207409381866455,2.207409381866455,0.0
363,0.10966304689645767,0.10701570340565272,0.9821428571428571,0.9833333333333334,0.10701570340565272,0.9821428571428571,0.9833333333333334,4.1512980461120605,4.1512980461120605,0.0
364,0.1070157065987587,0.09946413551058088,0.9642857142857143,0.9876543209876543,0.09946413551058088,0.9642857142857143,0.9876543209876543,3.8706305027008057,3.8706305027008057,0.0
365,0.09946413338184357,0.09773754222052437,0.9821428571428571,0.9938271604938271,0.09773754222052437,0.9821428571428571,0.9938271604938271,2.417771339416504,2.417771339416504,0.0
366,0.09773754328489304,0.10868786062513079,0.9642857142857143,0.9666666666666667,0.10868786062513079,0.9642857142857143,0.9666666666666667,2.1743032932281494,2.1743032932281494,0.0
367,0.1086878627538681,0.10595450231007167,0.9821428571428571,0.9833333333333334,0.10595450231007167,0.9821428571428571,0.9833333333333334,4.187518119812012,4.187518119812012,0.0
368,0.10595450550317764,0.09809612376349312,0.9821428571428571,0.9938271604938271,0.09809612376349312,0.9821428571428571,0.9938271604938271,3.9070727825164795,3.9070727825164795,0.0
369,0.09809612482786179,0.09637952702386039,0.9821428571428571,0.9938271604938271,0.09637952702386039,0.9821428571428571,0.9938271604938271,2.445218801498413,2.445218801498413,0.0
370,0.09637952595949173,0.10752627679279872,0.9642857142857143,0.9666666666666667,0.10752627679279872,0.9642857142857143,0.9666666666666667,2.211679697036743,2.211679697036743,0.0
371,0.1075262799859047,0.104754524571555,0.9821428571428571,0.9833333333333334,0.104754524571555,0.9821428571428571,0.9833333333333334,4.224467754364014,4.224467754364014,0.0
372,0.10475452244281769,0.09682793276650566,0.9821428571428571,0.9938271604938271,0.09682793276650566,0.9821428571428571,0.9938271604938271,3.957914352416992,3.957914352416992,0.0
373,0.096827931702137,0.09509650298527308,0.9821428571428571,0.9938271604938271,0.09509650298527308,0.9821428571428571,0.9938271604938271,2.5240025520324707,2.5240025520324707,0.0
374,0.09509650617837906,0.10626259020396642,0.9642857142857143,0.9666666666666667,0.10626259020396642,0.9642857142857143,0.9666666666666667,2.2966668605804443,2.2966668605804443,0.0
375,0.10626258701086044,0.10347281183515276,0.9821428571428571,0.9833333333333334,0.10347281183515276,0.9821428571428571,0.9833333333333334,4.270040512084961,4.270040512084961,0.0
376,0.10347281396389008,0.09562465122767858,0.9821428571428571,0.9938271604938271,0.09562465122767858,0.9821428571428571,0.9938271604938271,4.006082057952881,4.006082057952881,0.0
377,0.0956246480345726,0.09382621731076922,0.9821428571428571,0.9938271604938271,0.09382621731076922,0.9821428571428571,0.9938271604938271,2.629607915878296,2.629607915878296,0.0
378,0.09382621943950653,0.10510313510894775,0.9642857142857143,0.9666666666666667,0.10510313510894775,0.9642857142857143,0.9666666666666667,2.391611337661743,2.391611337661743,0.0
379,0.10510313510894775,0.10233740295682635,0.9821428571428571,0.9833333333333334,0.10233740295682635,0.9821428571428571,0.9833333333333334,4.294058799743652,4.294058799743652,0.0
380,0.10233740508556366,0.09437526123864311,0.9821428571428571,0.9938271604938271,0.09437526123864311,0.9821428571428571,0.9938271604938271,4.030313491821289,4.030313491821289,0.0
381,0.09437526017427444,0.0925530024937221,0.9821428571428571,0.9938271604938271,0.0925530024937221,0.9821428571428571,0.9938271604938271,2.728149890899658,2.728149890899658,0.0
382,0.09255300462245941,0.10388597420283727,0.9642857142857143,0.9666666666666667,0.10388597420283727,0.9642857142857143,0.9666666666666667,2.4755470752716064,2.4755470752716064,0.0
383,0.10388597100973129,0.1011215192931039,0.9821428571428571,0.9833333333333334,0.1011215192931039,0.9821428571428571,0.9833333333333334,4.251280307769775,4.251280307769775,0.0
384,0.10112152248620987,0.09323822600500924,0.9821428571428571,0.9938271604938271,0.09323822600500924,0.9821428571428571,0.9938271604938271,3.9784834384918213,3.9784834384918213,0.0
385,0.0932382270693779,0.0914006062916347,0.9821428571428571,0.9938271604938271,0.0914006062916347,0.9821428571428571,0.9938271604938271,2.8132622241973877,2.8132622241973877,0.0
386,0.09140060842037201,0.10263360398156303,0.9642857142857143,0.9666666666666667,0.10263360398156303,0.9642857142857143,0.9666666666666667,2.5243043899536133,2.5243043899536133,0.0
387,0.10263360291719437,0.09995903287615095,0.9821428571428571,0.9833333333333334,0.09995903287615095,0.9821428571428571,0.9833333333333334,4.149900436401367,4.149900436401367,0.0
388,0.09995903074741364,0.09212896653584071,0.9821428571428571,0.9938271604938271,0.09212896653584071,0.9821428571428571,0.9938271604938271,3.8839688301086426,3.8839688301086426,0.0
389,0.09212896972894669,0.09029804808752877,0.9821428571428571,0.9938271604938271,0.09029804808752877,0.9821428571428571,0.9938271604938271,2.8048095703125,2.8048095703125,0.0
390,0.09029804915189743,0.10165644543511528,0.9821428571428571,0.9833333333333334,0.10165644543511528,0.9821428571428571,0.9833333333333334,2.4721667766571045,2.4721667766571045,0.0
391,0.10165644437074661,0.09911451169422694,0.9821428571428571,0.9833333333333334,0.09911451169422694,0.9821428571428571,0.9833333333333334,4.0758795738220215,4.0758795738220215,0.0
392,0.09911451488733292,0.09087826524462018,0.9821428571428571,0.9938271604938271,0.09087826524462018,0.9821428571428571,0.9938271604938271,3.832519769668579,3.832519769668579,0.0
393,0.09087826311588287,0.08903861045837402,0.9821428571428571,0.9938271604938271,0.08903861045837402,0.9821428571428571,0.9938271604938271,2.723130226135254,2.723130226135254,0.0
394,0.08903861045837402,0.101133474281856,0.9642857142857143,0.9666666666666667,0.101133474281856,0.9642857142857143,0.9666666666666667,2.379149913787842,2.379149913787842,0.0
395,0.10113347321748734,0.0986760003226144,0.9821428571428571,0.9833333333333334,0.0986760003226144,0.9821428571428571,0.9833333333333334,4.113086223602295,4.113086223602295,0.0
396,0.09867600351572037,0.08934917620250157,0.9821428571428571,0.9938271604938271,0.08934917620250157,0.9821428571428571,0.9938271604938271,3.900508165359497,3.900508165359497,0.0
397,0.0893491730093956,0.08752948045730591,0.9821428571428571,0.9938271604938271,0.08752948045730591,0.9821428571428571,0.9938271604938271,2.654421806335449,2.654421806335449,0.0
398,0.08752948045730591,0.10095696789877755,0.9642857142857143,0.9666666666666667,0.10095696789877755,0.9642857142857143,0.9666666666666667,2.296644687652588,2.296644687652588,0.0
399,0.10095696896314621,0.09847982440676008,0.9821428571428571,0.9833333333333334,0.09847982440676008,0.9821428571428571,0.9833333333333334,4.214319705963135,4.214319705963135,0.0
400,0.09847982227802277,0.08776248352868217,0.9821428571428571,0.9938271604938271,0.08776248352868217,0.9821428571428571,0.9938271604938271,4.0054240226745605,4.0054240226745605,0.0
401,0.08776248246431351,0.08601513930729457,0.9821428571428571,0.9938271604938271,0.08601513930729457,0.9821428571428571,0.9938271604938271,2.558434247970581,2.558434247970581,0.0
402,0.08601514250040054,0.10084747416632515,0.9642857142857143,0.9666666666666667,0.10084747416632515,0.9642857142857143,0.9666666666666667,2.1771090030670166,2.1771090030670166,0.0
403,0.10084747523069382,0.09833029338291713,0.9821428571428571,0.9833333333333334,0.09833029338291713,0.9821428571428571,0.9833333333333334,4.2932233810424805,4.2932233810424805,0.0
404,0.0983302965760231,0.08618639196668353,0.9821428571428571,0.9938271604938271,0.08618639196668353,0.9821428571428571,0.9938271604938271,4.076408386230469,4.076408386230469,0.0
405,0.08618639409542084,0.08452435902186803,0.9821428571428571,0.9938271604938271,0.08452435902186803,0.9821428571428571,0.9938271604938271,2.422642230987549,2.422642230987549,0.0
406,0.08452435582876205,0.10076381478990827,0.9642857142857143,0.9666666666666667,0.10076381478990827,0.9642857142857143,0.9666666666666667,2.021010160446167,2.021010160446167,0.0
407,0.10076381266117096,0.0982244440487453,0.9642857142857143,0.9666666666666667,0.0982244440487453,0.9642857142857143,0.9666666666666667,4.351694583892822,4.351694583892822,0.0
408,0.0982244461774826,0.08456028359276908,0.9821428571428571,0.9938271604938271,0.08456028359276908,0.9821428571428571,0.9938271604938271,4.141210079193115,4.141210079193115,0.0
409,0.08456028252840042,0.08297958544322423,0.9821428571428571,0.9938271604938271,0.08297958544322423,0.9821428571428571,0.9938271604938271,2.260106325149536,2.260106325149536,0.0
410,0.08297958225011826,0.10083139794213432,0.9642857142857143,0.9666666666666667,0.10083139794213432,0.9642857142857143,0.9666666666666667,1.8410564661026,1.8410564661026,0.0
411,0.10083139687776566,0.09830703905650548,0.9642857142857143,0.9666666666666667,0.09830703905650548,0.9642857142857143,0.9666666666666667,4.435489654541016,4.435489654541016,0.0
412,0.0983070358633995,0.08286290509360177,0.9821428571428571,0.9938271604938271,0.08286290509360177,0.9821428571428571,0.9938271604938271,4.241218566894531,4.241218566894531,0.0
413,0.08286290615797043,0.08139543873923165,0.9821428571428571,0.9938271604938271,0.08139543873923165,0.9821428571428571,0.9938271604938271,2.0803046226501465,2.0803046226501465,0.0
414,0.08139543980360031,0.10118851491383143,0.9642857142857143,0.9666666666666667,0.10118851491383143,0.9642857142857143,0.9666666666666667,1.6503230333328247,1.6503230333328247,0.0
415,0.10118851810693741,0.09861361128943306,0.9642857142857143,0.9666666666666667,0.09861361128943306,0.9642857142857143,0.9666666666666667,4.571095943450928,4.571095943450928,0.0
416,0.09861361235380173,0.08120415891919817,0.9821428571428571,0.9938271604938271,0.08120415891919817,0.9821428571428571,0.9938271604938271,4.391648769378662,4.391648769378662,0.0
417,0.08120416104793549,0.0798553739275251,0.9821428571428571,0.9938271604938271,0.0798553739275251,0.9821428571428571,0.9938271604938271,1.9055964946746826,1.9055964946746826,0.0
418,0.07985537499189377,0.10162545101983207,0.9642857142857143,0.9666666666666667,0.10162545101983207,0.9642857142857143,0.9666666666666667,1.4701100587844849,1.4701100587844849,0.0
419,0.10162544995546341,0.09891630070550102,0.9642857142857143,0.9666666666666667,0.09891630070550102,0.9642857142857143,0.9666666666666667,4.7417426109313965,4.7417426109313965,0.0
420,0.09891629964113235,0.0796310305595398,0.9821428571428571,0.9938271604938271,0.0796310305595398,0.9821428571428571,0.9938271604938271,4.561002254486084,4.561002254486084,0.0
421,0.0796310305595398,0.0783873541014535,0.9821428571428571,0.9938271604938271,0.0783873541014535,0.9821428571428571,0.9938271604938271,1.7579399347305298,1.7579399347305298,0.0
422,0.07838735729455948,0.10198278086526054,0.9642857142857143,0.9666666666666667,0.10198278086526054,0.9642857142857143,0.9666666666666667,1.3270137310028076,1.3270137310028076,0.0
423,0.10198277980089188,0.09163742406027657,0.9821428571428571,0.9833333333333334,0.09163742406027657,0.9821428571428571,0.9833333333333334,4.947608470916748,4.947608470916748,0.0
424,0.09163742512464523,0.09656356062207903,0.9642857142857143,0.9876543209876543,0.09656356062207903,0.9642857142857143,0.9876543209876543,4.055779933929443,4.055779933929443,0.0
425,0.09656356275081635,0.08994034358433314,0.9642857142857143,0.9876543209876543,0.08994034358433314,0.9642857142857143,0.9876543209876543,3.7405173778533936,3.7405173778533936,0.0
426,0.08994034677743912,0.09258291551045009,0.9821428571428571,0.9833333333333334,0.09258291551045009,0.9821428571428571,0.9833333333333334,3.469548225402832,3.469548225402832,0.0
427,0.09258291870355606,0.09232441016605922,0.9821428571428571,0.9833333333333334,0.09232441016605922,0.9821428571428571,0.9833333333333334,4.076756000518799,4.076756000518799,0.0
428,0.09232441335916519,0.08215078285762242,0.9821428571428571,0.9938271604938271,0.08215078285762242,0.9821428571428571,0.9938271604938271,4.0144171714782715,4.0144171714782715,0.0
429,0.08215077966451645,0.07943103994641985,0.9821428571428571,0.9938271604938271,0.07943103994641985,0.9821428571428571,0.9938271604938271,2.7259581089019775,2.7259581089019775,0.0
430,0.07943104207515717,0.09688528094972883,0.9642857142857143,0.9666666666666667,0.09688528094972883,0.9642857142857143,0.9666666666666667,2.1608846187591553,2.1608846187591553,0.0
431,0.09688527882099152,0.09422647101538521,0.9642857142857143,0.9666666666666667,0.09422647101538521,0.9642857142857143,0.9666666666666667,4.298834323883057,4.298834323883057,0.0
432,0.09422647207975388,0.07799978767122541,0.9821428571428571,0.9938271604938271,0.07799978767122541,0.9821428571428571,0.9938271604938271,4.059856414794922,4.059856414794922,0.0
433,0.0779997855424881,0.07691313539232526,0.9821428571428571,0.9938271604938271,0.07691313539232526,0.9821428571428571,0.9938271604938271,1.866551160812378,1.866551160812378,0.0
434,0.07691313326358795,0.0952358330999102,0.9642857142857143,0.9666666666666667,0.0952358330999102,0.9642857142857143,0.9666666666666667,1.5037891864776611,1.5037891864776611,0.0
435,0.09523583203554153,0.09285050630569458,0.9642857142857143,0.9666666666666667,0.09285050630569458,0.9642857142857143,0.9666666666666667,4.188875198364258,4.188875198364258,0.0
436,0.09285050630569458,0.07653927803039551,0.9821428571428571,0.9938271604938271,0.07653927803039551,0.9821428571428571,0.9938271604938271,4.083813190460205,4.083813190460205,0.0
437,0.07653927803039551,0.07510617801121303,0.9821428571428571,0.9938271604938271,0.07510617801121303,0.9821428571428571,0.9938271604938271,1.869165301322937,1.869165301322937,0.0
438,0.075106181204319,0.09677510602133614,0.9642857142857143,0.9666666666666667,0.09677510602133614,0.9642857142857143,0.9666666666666667,1.4324060678482056,1.4324060678482056,0.0
439,0.0967751070857048,0.09443565777369908,0.9642857142857143,0.9666666666666667,0.09443565777369908,0.9642857142857143,0.9666666666666667,4.779929161071777,4.779929161071777,0.0
440,0.09443565458059311,0.07454191786902291,0.9821428571428571,0.9938271604938271,0.07454191786902291,0.9821428571428571,0.9938271604938271,4.696657657623291,4.696657657623291,0.0
441,0.07454191893339157,0.07323782784598214,0.9821428571428571,0.9938271604938271,0.07323782784598214,0.9821428571428571,0.9938271604938271,1.7215664386749268,1.7215664386749268,0.0
442,0.0732378289103508,0.09880493368421282,0.9642857142857143,0.9666666666666667,0.09880493368421282,0.9642857142857143,0.9666666666666667,1.2869770526885986,1.2869770526885986,0.0
443,0.09880493581295013,0.09584877320698329,0.9642857142857143,0.9666666666666667,0.09584877320698329,0.9642857142857143,0.9666666666666667,5.383068084716797,5.383068084716797,0.0
444,0.09584877640008926,0.07285603455134801,0.9821428571428571,0.9938271604938271,0.07285603455134801,0.9821428571428571,0.9938271604938271,5.212981224060059,5.212981224060059,0.0
445,0.07285603135824203,0.07173399414334979,1.0,1.0,0.07173399414334979,1.0,1.0,1.6362800598144531,1.6362800598144531,0.0
446,0.0717339962720871,0.0990775397845677,0.9642857142857143,0.9666666666666667,0.0990775397845677,0.9642857142857143,0.9666666666666667,1.2210136651992798,1.2210136651992798,0.0
447,0.09907753765583038,0.09568444320133754,0.9642857142857143,0.9666666666666667,0.09568444320133754,0.9642857142857143,0.9666666666666667,5.635020732879639,5.635020732879639,0.0
448,0.09568444639444351,0.07166410343987602,0.9821428571428571,0.9938271604938271,0.07166410343987602,0.9821428571428571,0.9938271604938271,5.458809852600098,5.458809852600098,0.0
449,0.07166410237550735,0.0705463673387255,1.0,1.0,0.0705463673387255,1.0,1.0,1.773092269897461,1.773092269897461,0.0
450,0.07054636627435684,0.09784102439880371,0.9642857142857143,0.9666666666666667,0.09784102439880371,0.9642857142857143,0.9666666666666667,1.4000922441482544,1.4000922441482544,0.0
451,0.09784102439880371,0.09394792148045131,0.9642857142857143,0.9666666666666667,0.09394792148045131,0.9642857142857143,0.9666666666666667,5.779699802398682,5.779699802398682,0.0
452,0.09394792467355728,0.07091286778450012,0.9821428571428571,0.9938271604938271,0.07091286778450012,0.9821428571428571,0.9938271604938271,5.556499004364014,5.556499004364014,0.0
453,0.07091286778450012,0.0697208217212132,0.9821428571428571,0.9938271604938271,0.0697208217212132,0.9821428571428571,0.9938271604938271,2.1074326038360596,2.1074326038360596,0.0
454,0.06972081959247589,0.09484010083334786,0.9642857142857143,0.9666666666666667,0.09484010083334786,0.9642857142857143,0.9666666666666667,1.7485407590866089,1.7485407590866089,0.0
455,0.09484010189771652,0.09004290614809309,0.9642857142857143,0.9666666666666667,0.09004290614809309,0.9642857142857143,0.9666666666666667,5.647337436676025,5.647337436676025,0.0
456,0.09004290401935577,0.07197815179824829,0.9821428571428571,0.9938271604938271,0.07197815179824829,0.9821428571428571,0.9938271604938271,5.301968097686768,5.301968097686768,0.0
457,0.07197815179824829,0.07038099425179618,0.9821428571428571,0.9938271604938271,0.07038099425179618,0.9821428571428571,0.9938271604938271,2.7878856658935547,2.7878856658935547,0.0
458,0.07038099318742752,0.08970062221799578,0.9642857142857143,0.9666666666666667,0.08970062221799578,0.9642857142857143,0.9666666666666667,2.324575185775757,2.324575185775757,0.0
459,0.0897006243467331,0.0865790673664638,0.9821428571428571,0.9833333333333334,0.0865790673664638,0.9821428571428571,0.9833333333333334,5.0036091804504395,5.0036091804504395,0.0
460,0.08657906949520111,0.07073748537472316,0.9821428571428571,0.9938271604938271,0.07073748537472316,0.9821428571428571,0.9938271604938271,4.653879165649414,4.653879165649414,0.0
461,0.07073748856782913,0.0693235525063106,0.9821428571428571,0.9938271604938271,0.0693235525063106,0.9821428571428571,0.9938271604938271,2.376189708709717,2.376189708709717,0.0
462,0.06932355463504791,0.08854611430849348,0.9642857142857143,0.9666666666666667,0.08854611430849348,0.9642857142857143,0.9666666666666667,1.8657453060150146,1.8657453060150146,0.0
463,0.08854611217975616,0.08610588312149048,0.9821428571428571,0.9833333333333334,0.08610588312149048,0.9821428571428571,0.9833333333333334,4.567526817321777,4.567526817321777,0.0
464,0.08610588312149048,0.06932165367262703,0.9821428571428571,0.9938271604938271,0.06932165367262703,0.9821428571428571,0.9938271604938271,4.3567633628845215,4.3567633628845215,0.0
465,0.0693216547369957,0.0679222685950143,0.9821428571428571,0.9938271604938271,0.0679222685950143,0.9821428571428571,0.9938271604938271,1.999065637588501,1.999065637588501,0.0
466,0.06792227178812027,0.089641273021698,0.9642857142857143,0.9666666666666667,0.089641273021698,0.9642857142857143,0.9666666666666667,1.4912784099578857,1.4912784099578857,0.0
467,0.089641273021698,0.0873458981513977,0.9642857142857143,0.9666666666666667,0.0873458981513977,0.9642857142857143,0.9666666666666667,4.688235282897949,4.688235282897949,0.0
468,0.0873458981513977,0.06751424074172974,0.9821428571428571,0.9938271604938271,0.06751424074172974,0.9821428571428571,0.9938271604938271,4.589456081390381,4.589456081390381,0.0
469,0.06751424074172974,0.06616301621709551,1.0,1.0,0.06616301621709551,1.0,1.0,1.7747200727462769,1.7747200727462769,0.0
470,0.06616301834583282,0.09215130124773298,0.9642857142857143,0.9666666666666667,0.09215130124773298,0.9642857142857143,0.9666666666666667,1.287330985069275,1.287330985069275,0.0
471,0.09215129911899567,0.08968268973486763,0.9642857142857143,0.9666666666666667,0.08968268973486763,0.9642857142857143,0.9666666666666667,5.280295372009277,5.280295372009277,0.0
472,0.0896826907992363,0.06556375111852374,0.9821428571428571,0.9938271604938271,0.06556375111852374,0.9821428571428571,0.9938271604938271,5.223123550415039,5.223123550415039,0.0
473,0.06556375324726105,0.0642788325037275,1.0,1.0,0.0642788325037275,1.0,1.0,1.6380764245986938,1.6380764245986938,0.0
474,0.06427883356809616,0.09514320748192924,0.9642857142857143,0.9666666666666667,0.09514320748192924,0.9642857142857143,0.9666666666666667,1.181005597114563,1.181005597114563,0.0
475,0.09514320641756058,0.09220428126198905,0.9642857142857143,0.9666666666666667,0.09220428126198905,0.9642857142857143,0.9666666666666667,6.008791923522949,6.008791923522949,0.0
476,0.09220428019762039,0.06359076074191503,1.0,1.0,0.06359076074191503,1.0,1.0,5.9497880935668945,5.9497880935668945,0.0
477,0.06359075754880905,0.06228881222861154,1.0,1.0,0.06228881222861154,1.0,1.0,1.7478299140930176,1.7478299140930176,0.0
478,0.062288813292980194,0.09688843999590192,0.9642857142857143,0.9666666666666667,0.09688843999590192,0.9642857142857143,0.9666666666666667,1.2947793006896973,1.2947793006896973,0.0
479,0.09688843786716461,0.09342006274632045,0.9642857142857143,0.9666666666666667,0.09342006274632045,0.9642857142857143,0.9666666666666667,6.42237663269043,6.42237663269043,0.0
480,0.09342006593942642,0.06190381305558341,1.0,1.0,0.06190381305558341,1.0,1.0,6.308514595031738,6.308514595031738,0.0
481,0.06190381199121475,0.06064986331122262,1.0,1.0,0.06064986331122262,1.0,1.0,1.9480546712875366,1.9480546712875366,0.0
482,0.06064986437559128,0.09699776342936925,0.9642857142857143,0.9666666666666667,0.09699776342936925,0.9642857142857143,0.9666666666666667,1.4159952402114868,1.4159952402114868,0.0
483,0.09699776023626328,0.09318047761917114,0.9642857142857143,0.9666666666666667,0.09318047761917114,0.9642857142857143,0.9666666666666667,6.473515033721924,6.473515033721924,0.0
484,0.09318047761917114,0.06080430320331028,1.0,1.0,0.06080430320331028,1.0,1.0,6.332208156585693,6.332208156585693,0.0
485,0.060804303735494614,0.05958627802985055,1.0,1.0,0.05958627802985055,1.0,1.0,2.061342477798462,2.061342477798462,0.0
486,0.05958627909421921,0.09605595895222255,0.9642857142857143,0.9666666666666667,0.09605595895222255,0.9642857142857143,0.9666666666666667,1.495906949043274,1.495906949043274,0.0
487,0.09605596214532852,0.09215885400772095,0.9642857142857143,0.9666666666666667,0.09215885400772095,0.9642857142857143,0.9666666666666667,6.4001240730285645,6.4001240730285645,0.0
488,0.09215885400772095,0.05992122633116586,1.0,1.0,0.05992122633116586,1.0,1.0,6.275092601776123,6.275092601776123,0.0
489,0.059921227395534515,0.058592762265886576,1.0,1.0,0.058592762265886576,1.0,1.0,2.220400810241699,2.220400810241699,0.0
490,0.05859276279807091,0.09516699825014387,0.9642857142857143,0.9666666666666667,0.09516699825014387,0.9642857142857143,0.9666666666666667,1.6190078258514404,1.6190078258514404,0.0
491,0.09516699612140656,0.09152378354753767,0.9642857142857143,0.9666666666666667,0.09152378354753767,0.9642857142857143,0.9666666666666667,6.32321834564209,6.32321834564209,0.0
492,0.09152378141880035,0.05879801937511989,1.0,1.0,0.05879801937511989,1.0,1.0,6.208881855010986,6.208881855010986,0.0
493,0.05879801884293556,0.057475694588252475,1.0,1.0,0.057475694588252475,1.0,1.0,2.1771888732910156,2.1771888732910156,0.0
494,0.05747569352388382,0.09518421547753471,0.9642857142857143,0.9666666666666667,0.09518421547753471,0.9642857142857143,0.9666666666666667,1.4857959747314453,1.4857959747314453,0.0
495,0.09518421441316605,0.09186005592346191,0.9642857142857143,0.9666666666666667,0.09186005592346191,0.9642857142857143,0.9666666666666667,6.225627422332764,6.225627422332764,0.0
496,0.09186005592346191,0.057443546397345405,1.0,1.0,0.057443546397345405,1.0,1.0,6.123432636260986,6.123432636260986,0.0
497,0.05744354799389839,0.05633607081004551,1.0,1.0,0.05633607081004551,1.0,1.0,1.824255347251892,1.824255347251892,0.0
498,0.05633607134222984,0.0957590000970023,0.9642857142857143,0.9666666666666667,0.0957590000970023,0.9642857142857143,0.9666666666666667,1.089792013168335,1.089792013168335,0.0
499,0.09575899690389633,0.09240428039005824,0.9642857142857143,0.9666666666666667,0.09240428039005824,0.9642857142857143,0.9666666666666667,6.145700454711914,6.145700454711914,0.0
500,0.09240428358316422,0.05618360212871006,1.0,1.0,0.05618360212871006,1.0,1.0,6.075573444366455,6.075573444366455,0.0
501,0.056183602660894394,0.055245356900351386,1.0,1.0,0.055245356900351386,1.0,1.0,1.540053367614746,1.540053367614746,0.0
502,0.05524535849690437,0.08501092025211879,0.9642857142857143,0.9666666666666667,0.08501092025211879,0.9642857142857143,0.9666666666666667,0.8234315514564514,0.8234315514564514,0.0
503,0.08501092344522476,0.07290845257895333,0.9821428571428571,0.9833333333333334,0.07290845257895333,0.9821428571428571,0.9833333333333334,5.853374481201172,5.853374481201172,0.0
504,0.07290845364332199,0.07368394306727818,0.9642857142857143,0.9876543209876543,0.07368394306727818,0.9642857142857143,0.9876543209876543,5.205958843231201,5.205958843231201,0.0
505,0.07368393987417221,0.07744590725217547,0.9642857142857143,0.9876543209876543,0.07744590725217547,0.9642857142857143,0.9876543209876543,5.7640509605407715,5.7640509605407715,0.0
506,0.07744590938091278,0.05866896254675729,0.9821428571428571,0.9833333333333334,0.05866896254675729,0.9821428571428571,0.9833333333333334,6.011443614959717,6.011443614959717,0.0
507,0.058668963611125946,0.054976003510611396,1.0,1.0,0.054976003510611396,1.0,1.0,3.112931966781616,3.112931966781616,0.0
508,0.05497600510716438,0.09621919904436384,0.9642857142857143,0.9876543209876543,0.09621919904436384,0.9642857142857143,0.9876543209876543,1.6100212335586548,1.6100212335586548,0.0
509,0.09621919691562653,0.09536271435873848,0.9642857142857143,0.9876543209876543,0.09536271435873848,0.9642857142857143,0.9876543209876543,5.76664924621582,5.76664924621582,0.0
510,0.09536271542310715,0.05375286936759949,1.0,1.0,0.05375286936759949,1.0,1.0,5.634735584259033,5.634735584259033,0.0
511,0.05375286936759949,0.08411563294274467,0.9642857142857143,0.9666666666666667,0.08411563294274467,0.9642857142857143,0.9666666666666667,0.25720784068107605,0.25720784068107605,0.0
512,0.08411563187837601,0.0677740148135594,0.9821428571428571,0.9833333333333334,0.0677740148135594,0.9821428571428571,0.9833333333333334,6.142466068267822,6.142466068267822,0.0
513,0.06777401268482208,0.0778198412486485,0.9642857142857143,0.9876543209876543,0.0778198412486485,0.9642857142857143,0.9876543209876543,4.9913482666015625,4.9913482666015625,0.0
514,0.0778198391199112,0.08425129311425346,0.9642857142857143,0.9876543209876543,0.08425129311425346,0.9642857142857143,0.9876543209876543,5.454219341278076,5.454219341278076,0.0
515,0.0842512920498848,0.053372940846851895,1.0,1.0,0.053372940846851895,1.0,1.0,5.377660751342773,5.377660751342773,0.0
516,0.05337294191122055,0.06729672210557121,0.9821428571428571,0.9833333333333334,0.06729672210557121,0.9821428571428571,0.9833333333333334,0.42744094133377075,0.42744094133377075,0.0
517,0.06729672104120255,0.05228628431047712,1.0,1.0,0.05228628431047712,1.0,1.0,5.130278587341309,5.130278587341309,0.0
518,0.052286285907030106,0.05199068784713745,1.0,1.0,0.05199068784713745,1.0,1.0,0.4995470643043518,0.4995470643043518,0.0
519,0.05199068784713745,0.0896157877785819,0.9642857142857143,0.9666666666666667,0.0896157877785819,0.9642857142857143,0.9666666666666667,1.1266636848449707,1.1266636848449707,0.0
520,0.08961578458547592,0.07746174505778722,0.9821428571428571,0.9833333333333334,0.07746174505778722,0.9821428571428571,0.9833333333333334,7.276741027832031,7.276741027832031,0.0
521,0.07746174186468124,0.06582133684839521,0.9821428571428571,0.9938271604938271,0.06582133684839521,0.9821428571428571,0.9938271604938271,6.544605255126953,6.544605255126953,0.0
522,0.0658213347196579,0.06835864697183881,0.9821428571428571,0.9938271604938271,0.06835864697183881,0.9821428571428571,0.9938271604938271,5.010159492492676,5.010159492492676,0.0
523,0.0683586448431015,0.06342694589069911,0.9821428571428571,0.9833333333333334,0.06342694589069911,0.9821428571428571,0.9833333333333334,5.347565650939941,5.347565650939941,0.0
524,0.06342694908380508,0.05740328771727426,0.9821428571428571,0.9833333333333334,0.05740328771727426,0.9821428571428571,0.9833333333333334,4.6767683029174805,4.6767683029174805,0.0
525,0.057403288781642914,0.08834678786141532,0.9642857142857143,0.9876543209876543,0.08834678786141532,0.9642857142857143,0.9876543209876543,3.4931516647338867,3.4931516647338867,0.0
526,0.08834678679704666,0.08851767437798637,0.9642857142857143,0.9876543209876543,0.08851767437798637,0.9642857142857143,0.9876543209876543,6.6849846839904785,6.6849846839904785,0.0
527,0.0885176733136177,0.05189859441348484,1.0,1.0,0.05189859441348484,1.0,1.0,6.698166847229004,6.698166847229004,0.0
528,0.051898594945669174,0.05024869527135577,1.0,1.0,0.05024869527135577,1.0,1.0,2.025834560394287,2.025834560394287,0.0
529,0.05024869367480278,0.08734293494905744,0.9642857142857143,0.9876543209876543,0.08734293494905744,0.9642857142857143,0.9876543209876543,0.9225189089775085,0.9225189089775085,0.0
530,0.08734293282032013,0.07532650232315063,0.9642857142857143,0.9876543209876543,0.07532650232315063,0.9642857142857143,0.9876543209876543,6.403139114379883,6.403139114379883,0.0
531,0.07532650232315063,0.06120580434799194,0.9821428571428571,0.9833333333333334,0.06120580434799194,0.9821428571428571,0.9833333333333334,6.0704851150512695,6.0704851150512695,0.0
532,0.06120580434799194,0.063242107629776,0.9821428571428571,0.9833333333333334,0.063242107629776,0.9821428571428571,0.9833333333333334,4.741142272949219,4.741142272949219,0.0
533,0.063242107629776,0.06089976855686733,0.9821428571428571,0.9938271604938271,0.06089976855686733,0.9821428571428571,0.9938271604938271,4.772897243499756,4.772897243499756,0.0
534,0.060899768024683,0.05667683907917568,0.9821428571428571,0.9938271604938271,0.05667683907917568,0.9821428571428571,0.9938271604938271,3.7105400562286377,3.7105400562286377,0.0
535,0.05667683854699135,0.07843251739229475,0.9642857142857143,0.9666666666666667,0.07843251739229475,0.9642857142857143,0.9666666666666667,2.438504457473755,2.438504457473755,0.0
536,0.07843251526355743,0.08110472134181432,0.9642857142857143,0.9666666666666667,0.08110472134181432,0.9642857142857143,0.9666666666666667,5.552150249481201,5.552150249481201,0.0
537,0.08110471814870834,0.05511165090969631,1.0,1.0,0.05511165090969631,1.0,1.0,5.571484565734863,5.571484565734863,0.0
538,0.05511165037751198,0.053400780473436625,1.0,1.0,0.053400780473436625,1.0,1.0,1.0368043184280396,1.0368043184280396,0.0
539,0.053400781005620956,0.07786800180162702,0.9821428571428571,0.9833333333333334,0.07786800180162702,0.9821428571428571,0.9833333333333334,1.23794686794281,1.23794686794281,0.0
540,0.07786799967288971,0.0708780927317483,0.9821428571428571,0.9833333333333334,0.0708780927317483,0.9821428571428571,0.9833333333333334,5.923929214477539,5.923929214477539,0.0
541,0.07087809592485428,0.058838950736182075,0.9821428571428571,0.9938271604938271,0.058838950736182075,0.9821428571428571,0.9938271604938271,5.635044097900391,5.635044097900391,0.0
542,0.05883895233273506,0.05864343472889492,0.9821428571428571,0.9938271604938271,0.05864343472889492,0.9821428571428571,0.9938271604938271,4.107932090759277,4.107932090759277,0.0
543,0.05864343419671059,0.06814163071768624,0.9821428571428571,0.9833333333333334,0.06814163071768624,0.9821428571428571,0.9833333333333334,3.7467496395111084,3.7467496395111084,0.0
544,0.0681416317820549,0.06440497296197074,0.9821428571428571,0.9833333333333334,0.06440497296197074,0.9821428571428571,0.9833333333333334,4.899524688720703,4.899524688720703,0.0
545,0.06440497189760208,0.06592494249343872,0.9821428571428571,0.9938271604938271,0.06592494249343872,0.9821428571428571,0.9938271604938271,4.203499794006348,4.203499794006348,0.0
546,0.06592494249343872,0.06449359229632787,0.9821428571428571,0.9938271604938271,0.06449359229632787,0.9821428571428571,0.9938271604938271,4.017069339752197,4.017069339752197,0.0
547,0.0644935891032219,0.06379090888159615,0.9821428571428571,0.9833333333333334,0.06379090888159615,0.9821428571428571,0.9833333333333334,3.8413264751434326,3.8413264751434326,0.0
548,0.06379090994596481,0.06058486444609506,0.9821428571428571,0.9833333333333334,0.06058486444609506,0.9821428571428571,0.9833333333333334,3.9999492168426514,3.9999492168426514,0.0
549,0.060584865510463715,0.06778738328388759,0.9821428571428571,0.9938271604938271,0.06778738328388759,0.9821428571428571,0.9938271604938271,3.626176595687866,3.626176595687866,0.0
550,0.06778738647699356,0.06514685494559151,0.9821428571428571,0.9938271604938271,0.06514685494559151,0.9821428571428571,0.9938271604938271,4.830402851104736,4.830402851104736,0.0
551,0.06514685600996017,0.060096289430345805,0.9821428571428571,0.9833333333333334,0.060096289430345805,0.9821428571428571,0.9833333333333334,4.812622547149658,4.812622547149658,0.0
552,0.060096289962530136,0.05732416680880955,0.9821428571428571,0.9833333333333334,0.05732416680880955,0.9821428571428571,0.9833333333333334,4.1876139640808105,4.1876139640808105,0.0
553,0.05732416734099388,0.06777987309864589,0.9821428571428571,0.9938271604938271,0.06777987309864589,0.9821428571428571,0.9938271604938271,3.892113447189331,3.892113447189331,0.0
554,0.06777987629175186,0.06440618208476476,0.9821428571428571,0.9938271604938271,0.06440618208476476,0.9821428571428571,0.9938271604938271,5.578108310699463,5.578108310699463,0.0
555,0.06440617889165878,0.05875799059867859,0.9821428571428571,0.9833333333333334,0.05875799059867859,0.9821428571428571,0.9833333333333334,5.279903411865234,5.279903411865234,0.0
556,0.05875799059867859,0.05650476898465838,0.9821428571428571,0.9833333333333334,0.05650476898465838,0.9821428571428571,0.9833333333333334,4.378341197967529,4.378341197967529,0.0
557,0.05650476738810539,0.06545006377356392,0.9821428571428571,0.9938271604938271,0.06545006377356392,0.9821428571428571,0.9938271604938271,3.9745070934295654,3.9745070934295654,0.0
558,0.06545006483793259,0.0620283271585192,0.9821428571428571,0.9938271604938271,0.0620283271585192,0.9821428571428571,0.9938271604938271,5.203479290008545,5.203479290008545,0.0
559,0.06202832609415054,0.05935857977185931,0.9821428571428571,0.9833333333333334,0.05935857977185931,0.9821428571428571,0.9833333333333334,4.735515594482422,4.735515594482422,0.0
560,0.05935857817530632,0.057478095803941996,0.9821428571428571,0.9833333333333334,0.057478095803941996,0.9821428571428571,0.9833333333333334,4.232766151428223,4.232766151428223,0.0
561,0.05747809633612633,0.06257078903062004,0.9821428571428571,0.9938271604938271,0.06257078903062004,0.9821428571428571,0.9938271604938271,3.8580000400543213,3.8580000400543213,0.0
562,0.06257078796625137,0.05956997615950448,0.9821428571428571,0.9938271604938271,0.05956997615950448,0.9821428571428571,0.9938271604938271,4.528863430023193,4.528863430023193,0.0
563,0.05956997722387314,0.060919110264096944,0.9821428571428571,0.9833333333333334,0.060919110264096944,0.9821428571428571,0.9833333333333334,4.083418846130371,4.083418846130371,0.0
564,0.06091910973191261,0.05897134968212673,0.9821428571428571,0.9833333333333334,0.05897134968212673,0.9821428571428571,0.9833333333333334,4.302030563354492,4.302030563354492,0.0
565,0.0589713491499424,0.06012084228651864,0.9821428571428571,0.9938271604938271,0.06012084228651864,0.9821428571428571,0.9938271604938271,3.994655132293701,3.994655132293701,0.0
566,0.0601208433508873,0.05745992490223476,0.9821428571428571,0.9938271604938271,0.05745992490223476,0.9821428571428571,0.9938271604938271,4.0534443855285645,4.0534443855285645,0.0
567,0.05745992437005043,0.062213752950940816,0.9821428571428571,0.9833333333333334,0.062213752950940816,0.9821428571428571,0.9833333333333334,3.655989408493042,3.655989408493042,0.0
568,0.062213752418756485,0.060063651629856656,0.9821428571428571,0.9833333333333334,0.060063651629856656,0.9821428571428571,0.9833333333333334,4.491250038146973,4.491250038146973,0.0
569,0.06006365269422531,0.0579248879637037,0.9821428571428571,0.9938271604938271,0.0579248879637037,0.9821428571428571,0.9938271604938271,4.19750452041626,4.19750452041626,0.0
570,0.05792488902807236,0.05550534810338702,0.9821428571428571,0.9938271604938271,0.05550534810338702,0.9821428571428571,0.9938271604938271,3.772675037384033,3.772675037384033,0.0
571,0.05550534650683403,0.06314262747764587,0.9821428571428571,0.9833333333333334,0.06314262747764587,0.9821428571428571,0.9833333333333334,3.371321439743042,3.371321439743042,0.0
572,0.06314262747764587,0.060929609196526666,0.9821428571428571,0.9833333333333334,0.060929609196526666,0.9821428571428571,0.9833333333333334,4.6216630935668945,4.6216630935668945,0.0
573,0.06092960759997368,0.05604950019291469,0.9821428571428571,0.9938271604938271,0.05604950019291469,0.9821428571428571,0.9938271604938271,4.328718185424805,4.328718185424805,0.0
574,0.05604949966073036,0.0538784350667681,0.9821428571428571,0.9938271604938271,0.0538784350667681,0.9821428571428571,0.9938271604938271,3.5429375171661377,3.5429375171661377,0.0
575,0.053878434002399445,0.06410066144806999,0.9821428571428571,0.9833333333333334,0.06410066144806999,0.9821428571428571,0.9833333333333334,3.1060078144073486,3.1060078144073486,0.0
576,0.06410066038370132,0.061797567776271274,0.9821428571428571,0.9833333333333334,0.061797567776271274,0.9821428571428571,0.9833333333333334,4.716117858886719,4.716117858886719,0.0
577,0.06179756671190262,0.05465011937277658,0.9821428571428571,0.9938271604938271,0.05465011937277658,0.9821428571428571,0.9938271604938271,4.429143905639648,4.429143905639648,0.0
578,0.05465012043714523,0.052696023668561666,0.9821428571428571,0.9938271604938271,0.052696023668561666,0.9821428571428571,0.9938271604938271,3.322817087173462,3.322817087173462,0.0
579,0.052696023136377335,0.06488601650510516,0.9821428571428571,0.9833333333333334,0.06488601650510516,0.9821428571428571,0.9833333333333334,2.873250961303711,2.873250961303711,0.0
580,0.06488601863384247,0.062457961695534844,0.9821428571428571,0.9833333333333334,0.062457961695534844,0.9821428571428571,0.9833333333333334,4.814983367919922,4.814983367919922,0.0
581,0.06245796009898186,0.05351590258734567,0.9821428571428571,0.9938271604938271,0.05351590258734567,0.9821428571428571,0.9938271604938271,4.543168067932129,4.543168067932129,0.0
582,0.053515903651714325,0.05166520816939218,0.9821428571428571,0.9938271604938271,0.05166520816939218,0.9821428571428571,0.9938271604938271,3.1603543758392334,3.1603543758392334,0.0
583,0.051665209233760834,0.06555598974227905,0.9821428571428571,0.9833333333333334,0.06555598974227905,0.9821428571428571,0.9833333333333334,2.710186004638672,2.710186004638672,0.0
584,0.06555598974227905,0.06305079800742013,0.9821428571428571,0.9833333333333334,0.06305079800742013,0.9821428571428571,0.9833333333333334,4.9609150886535645,4.9609150886535645,0.0
585,0.06305079907178879,0.05240140642438616,0.9821428571428571,0.9938271604938271,0.05240140642438616,0.9821428571428571,0.9938271604938271,4.704722881317139,4.704722881317139,0.0
586,0.052401404827833176,0.050620010920933316,0.9821428571428571,0.9938271604938271,0.050620010920933316,0.9821428571428571,0.9938271604938271,3.029110908508301,3.029110908508301,0.0
587,0.05062001198530197,0.06640986033848353,0.9821428571428571,0.9833333333333334,0.06640986033848353,0.9821428571428571,0.9833333333333334,2.5675535202026367,2.5675535202026367,0.0
588,0.06640986353158951,0.0638654785496848,0.9821428571428571,0.9833333333333334,0.0638654785496848,0.9821428571428571,0.9833333333333334,5.140746116638184,5.140746116638184,0.0
589,0.06386547535657883,0.0512700080871582,0.9821428571428571,0.9938271604938271,0.0512700080871582,0.9821428571428571,0.9938271604938271,4.892513275146484,4.892513275146484,0.0
590,0.0512700080871582,0.049528036798749654,0.9821428571428571,0.9938271604938271,0.049528036798749654,0.9821428571428571,0.9938271604938271,2.880117177963257,2.880117177963257,0.0
591,0.04952803626656532,0.06756731867790222,0.9821428571428571,0.9833333333333334,0.06756731867790222,0.9821428571428571,0.9833333333333334,2.3854997158050537,2.3854997158050537,0.0
592,0.06756731867790222,0.06504151650837489,0.9821428571428571,0.9833333333333334,0.06504151650837489,0.9821428571428571,0.9833333333333334,5.3075432777404785,5.3075432777404785,0.0
593,0.06504151970148087,0.04993325897625515,0.9821428571428571,0.9938271604938271,0.04993325897625515,0.9821428571428571,0.9938271604938271,5.082958221435547,5.082958221435547,0.0
594,0.049933258444070816,0.048310812030519755,1.0,1.0,0.048310812030519755,1.0,1.0,2.661278247833252,2.661278247833252,0.0
595,0.048310812562704086,0.06910322819437299,0.9821428571428571,0.9833333333333334,0.06910322819437299,0.9821428571428571,0.9833333333333334,2.1633999347686768,2.1633999347686768,0.0
596,0.06910322606563568,0.06655164275850568,0.9821428571428571,0.9833333333333334,0.06655164275850568,0.9821428571428571,0.9833333333333334,5.490569591522217,5.490569591522217,0.0
597,0.06655164062976837,0.048516690731048584,0.9821428571428571,0.9938271604938271,0.048516690731048584,0.9821428571428571,0.9938271604938271,5.297863960266113,5.297863960266113,0.0
598,0.048516690731048584,0.04697045683860779,1.0,1.0,0.04697045683860779,1.0,1.0,2.480060577392578,2.480060577392578,0.0
599,0.04697045683860779,0.0708919210093362,0.9821428571428571,0.9833333333333334,0.0708919210093362,0.9821428571428571,0.9833333333333334,1.9766589403152466,1.9766589403152466,0.0
600,0.07089192420244217,0.06825452191489083,0.9821428571428571,0.9833333333333334,0.06825452191489083,0.9821428571428571,0.9833333333333334,5.69719934463501,5.69719934463501,0.0
601,0.06825452297925949,0.04704566512789045,1.0,1.0,0.04704566512789045,1.0,1.0,5.537929534912109,5.537929534912109,0.0
602,0.047045666724443436,0.045561411551066806,1.0,1.0,0.045561411551066806,1.0,1.0,2.38569712638855,2.38569712638855,0.0
603,0.04556141048669815,0.07257316793714251,0.9821428571428571,0.9833333333333334,0.07257316793714251,0.9821428571428571,0.9833333333333334,1.8649438619613647,1.8649438619613647,0.0
604,0.07257317006587982,0.06977636047771998,0.9821428571428571,0.9833333333333334,0.06977636047771998,0.9821428571428571,0.9833333333333334,5.852842330932617,5.852842330932617,0.0
605,0.06977636367082596,0.04567718505859375,1.0,1.0,0.04567718505859375,1.0,1.0,5.696035385131836,5.696035385131836,0.0
606,0.04567718505859375,0.044296469007219584,1.0,1.0,0.044296469007219584,1.0,1.0,2.3353939056396484,2.3353939056396484,0.0
607,0.044296469539403915,0.07370712075914655,0.9821428571428571,0.9833333333333334,0.07370712075914655,0.9821428571428571,0.9833333333333334,1.7617682218551636,1.7617682218551636,0.0
608,0.07370711863040924,0.07075316139629909,0.9821428571428571,0.9833333333333334,0.07075316139629909,0.9821428571428571,0.9833333333333334,5.8777995109558105,5.8777995109558105,0.0
609,0.07075316458940506,0.04461422988346645,1.0,1.0,0.04461422988346645,1.0,1.0,5.7054123878479,5.7054123878479,0.0
610,0.04461422935128212,0.043414877993719916,1.0,1.0,0.043414877993719916,1.0,1.0,2.2073192596435547,2.2073192596435547,0.0
611,0.0434148795902729,0.07412822757448469,0.9821428571428571,0.9833333333333334,0.07412822757448469,0.9821428571428571,0.9833333333333334,1.5839186906814575,1.5839186906814575,0.0
612,0.07412822544574738,0.071054926940373,0.9821428571428571,0.9833333333333334,0.071054926940373,0.9821428571428571,0.9833333333333334,5.802550792694092,5.802550792694092,0.0
613,0.07105492800474167,0.04388028809002468,1.0,1.0,0.04388028809002468,1.0,1.0,5.639609336853027,5.639609336853027,0.0
614,0.04388028755784035,0.04280838370323181,1.0,1.0,0.04280838370323181,1.0,1.0,2.0487470626831055,2.0487470626831055,0.0
615,0.04280838370323181,0.07405524594443184,0.9642857142857143,0.9666666666666667,0.07405524594443184,0.9642857142857143,0.9666666666666667,1.4236117601394653,1.4236117601394653,0.0
616,0.0740552470088005,0.07094224861689977,0.9821428571428571,0.9833333333333334,0.07094224861689977,0.9821428571428571,0.9833333333333334,5.755771160125732,5.755771160125732,0.0
617,0.07094224542379379,0.04326885512896946,1.0,1.0,0.04326885512896946,1.0,1.0,5.604897975921631,5.604897975921631,0.0
618,0.04326885566115379,0.04221184764589582,1.0,1.0,0.04221184764589582,1.0,1.0,1.9564666748046875,1.9564666748046875,0.0
619,0.04221184924244881,0.07429485661642891,0.9642857142857143,0.9666666666666667,0.07429485661642891,0.9642857142857143,0.9666666666666667,1.3012840747833252,1.3012840747833252,0.0
620,0.07429485768079758,0.07135902983801705,0.9821428571428571,0.9833333333333334,0.07135902983801705,0.9821428571428571,0.9833333333333334,5.789289951324463,5.789289951324463,0.0
621,0.07135903090238571,0.04241212350981576,1.0,1.0,0.04241212350981576,1.0,1.0,5.666179656982422,5.666179656982422,0.0
622,0.04241212457418442,0.04143598249980381,1.0,1.0,0.04143598249980381,1.0,1.0,1.73128342628479,1.73128342628479,0.0
623,0.041435983031988144,0.07577696868351527,0.9642857142857143,0.9666666666666667,0.07577696868351527,0.9642857142857143,0.9666666666666667,1.0596903562545776,1.0596903562545776,0.0
624,0.07577697187662125,0.07306967462812151,0.9821428571428571,0.9833333333333334,0.07306967462812151,0.9821428571428571,0.9833333333333334,5.986889839172363,5.986889839172363,0.0
625,0.07306967675685883,0.041272227253232686,1.0,1.0,0.041272227253232686,1.0,1.0,5.898608207702637,5.898608207702637,0.0
626,0.041272226721048355,0.040430115801947455,1.0,1.0,0.040430115801947455,1.0,1.0,1.3832801580429077,1.3832801580429077,0.0
627,0.04043011739850044,0.060048575912203105,0.9821428571428571,0.9833333333333334,0.060048575912203105,0.9821428571428571,0.9833333333333334,0.6714367270469666,0.6714367270469666,0.0
628,0.060048576444387436,0.04522808534758432,0.9821428571428571,0.9833333333333334,0.04522808534758432,0.9821428571428571,0.9833333333333334,5.350068092346191,5.350068092346191,0.0
629,0.04522808641195297,0.08160869564328875,0.9642857142857143,0.9876543209876543,0.08160869564328875,0.9642857142857143,0.9876543209876543,3.4586572647094727,3.4586572647094727,0.0
630,0.08160869777202606,0.09200685364859444,0.9642857142857143,0.9876543209876543,0.09200685364859444,0.9642857142857143,0.9876543209876543,7.129544734954834,7.129544734954834,0.0
631,0.0920068547129631,0.04208154337746756,1.0,1.0,0.04208154337746756,1.0,1.0,6.67266845703125,6.67266845703125,0.0
632,0.04208154231309891,0.11973751442773002,0.9642857142857143,0.9666666666666667,0.11973751442773002,0.9642857142857143,0.9666666666666667,2.825566530227661,2.825566530227661,0.0
633,0.11973751336336136,0.1586522034236363,0.9464285714285714,0.9500000000000001,0.1586522034236363,0.9464285714285714,0.9500000000000001,7.110379695892334,7.110379695892334,0.0
634,0.158652201294899,0.12285664251872472,0.9642857142857143,0.9666666666666667,0.12285664251872472,0.9642857142857143,0.9666666666666667,6.795019149780273,6.795019149780273,0.0
635,0.12285663932561874,0.04161123292786734,1.0,1.0,0.04161123292786734,1.0,1.0,6.55509090423584,6.55509090423584,0.0
636,0.04161123186349869,0.13374672617231095,0.9642857142857143,0.9876543209876543,0.13374672617231095,0.9642857142857143,0.9876543209876543,2.2085225582122803,2.2085225582122803,0.0
637,0.13374672830104828,0.18311836038317,0.9464285714285714,0.9814814814814815,0.18311836038317,0.9464285714285714,0.9814814814814815,4.28522253036499,4.28522253036499,0.0
638,0.18311835825443268,0.16831728390284947,0.9464285714285714,0.9814814814814815,0.16831728390284947,0.9464285714285714,0.9814814814814815,5.445218563079834,5.445218563079834,0.0
639,0.1683172881603241,0.11093493018831525,0.9642857142857143,0.9876543209876543,0.11093493018831525,0.9642857142857143,0.9876543209876543,5.412887096405029,5.412887096405029,0.0
640,0.11093492805957794,0.04752793482371739,1.0,1.0,0.04752793482371739,1.0,1.0,3.857567310333252,3.857567310333252,0.0
641,0.04752793535590172,0.11538916826248169,0.9642857142857143,0.9666666666666667,0.11538916826248169,0.9642857142857143,0.9666666666666667,0.6648285388946533,0.6648285388946533,0.0
642,0.11538916826248169,0.13909679651260376,0.9464285714285714,0.9500000000000001,0.13909679651260376,0.9464285714285714,0.9500000000000001,6.762392997741699,6.762392997741699,0.0
643,0.13909679651260376,0.08917850255966187,0.9642857142857143,0.9666666666666667,0.08917850255966187,0.9642857142857143,0.9666666666666667,7.0188212394714355,7.0188212394714355,0.0
644,0.08917850255966187,0.058155677148274014,0.9821428571428571,0.9938271604938271,0.058155677148274014,0.9821428571428571,0.9938271604938271,5.524319648742676,5.524319648742676,0.0
645,0.05815567821264267,0.06900284120014735,0.9642857142857143,0.9876543209876543,0.06900284120014735,0.9642857142857143,0.9876543209876543,1.7674747705459595,1.7674747705459595,0.0
646,0.06900284439325333,0.05898974197251456,0.9821428571428571,0.9938271604938271,0.05898974197251456,0.9821428571428571,0.9938271604938271,2.328010082244873,2.328010082244873,0.0
647,0.058989740908145905,0.06154722401074001,0.9821428571428571,0.9833333333333334,0.06154722401074001,0.9821428571428571,0.9833333333333334,2.0168721675872803,2.0168721675872803,0.0
648,0.06154722347855568,0.06475949287414551,0.9821428571428571,0.9833333333333334,0.06475949287414551,0.9821428571428571,0.9833333333333334,2.7851555347442627,2.7851555347442627,0.0
649,0.06475949287414551,0.047667358602796285,1.0,1.0,0.047667358602796285,1.0,1.0,3.3112704753875732,3.3112704753875732,0.0
650,0.047667358070611954,0.06963027800832476,0.9642857142857143,0.9876543209876543,0.06963027800832476,0.9642857142857143,0.9876543209876543,0.5242782831192017,0.5242782831192017,0.0
651,0.06963028013706207,0.06460576398032052,0.9642857142857143,0.9876543209876543,0.06460576398032052,0.9642857142857143,0.9876543209876543,4.801963806152344,4.801963806152344,0.0
652,0.06460576504468918,0.047390801565987725,0.9821428571428571,0.9833333333333334,0.047390801565987725,0.9821428571428571,0.9833333333333334,4.922617435455322,4.922617435455322,0.0
653,0.04739079996943474,0.048409180981772285,0.9821428571428571,0.9833333333333334,0.048409180981772285,0.9821428571428571,0.9833333333333334,2.1913888454437256,2.1913888454437256,0.0
654,0.04840918257832527,0.05388289264270237,0.9821428571428571,0.9938271604938271,0.05388289264270237,0.9821428571428571,0.9938271604938271,2.4891490936279297,2.4891490936279297,0.0
655,0.053882893174886703,0.04818656614848545,0.9821428571428571,0.9938271604938271,0.04818656614848545,0.9821428571428571,0.9938271604938271,4.014477252960205,4.014477252960205,0.0
656,0.048186566680669785,0.06029921770095825,0.9821428571428571,0.9833333333333334,0.06029921770095825,0.9821428571428571,0.9833333333333334,2.9574506282806396,2.9574506282806396,0.0
657,0.06029921770095825,0.06203553932053702,0.9821428571428571,0.9833333333333334,0.06203553932053702,0.9821428571428571,0.9833333333333334,4.4321208000183105,4.4321208000183105,0.0
658,0.062035538256168365,0.042644500732421875,1.0,1.0,0.042644500732421875,1.0,1.0,4.668362617492676,4.668362617492676,0.0
659,0.042644500732421875,0.04036456772259304,1.0,1.0,0.04036456772259304,1.0,1.0,1.3639578819274902,1.3639578819274902,0.0
660,0.04036456719040871,0.04553389123507908,0.9821428571428571,0.9833333333333334,0.04553389123507908,0.9821428571428571,0.9833333333333334,0.43977975845336914,0.43977975845336914,0.0
661,0.04553389176726341,0.03906546745981489,1.0,1.0,0.03906546745981489,1.0,1.0,3.4653751850128174,3.4653751850128174,0.0
662,0.039065469056367874,0.04292177728244236,0.9821428571428571,0.9833333333333334,0.04292177728244236,0.9821428571428571,0.9833333333333334,1.6618479490280151,1.6618479490280151,0.0
663,0.042921777814626694,0.038882936750139506,1.0,1.0,0.038882936750139506,1.0,1.0,3.2865397930145264,3.2865397930145264,0.0
664,0.03888293728232384,0.044567269938332696,0.9821428571428571,0.9833333333333334,0.044567269938332696,0.9821428571428571,0.9833333333333334,1.6559278964996338,1.6559278964996338,0.0
665,0.04456726834177971,0.0388137868472508,1.0,1.0,0.0388137868472508,1.0,1.0,3.452991008758545,3.452991008758545,0.0
666,0.03881378844380379,0.044650869710104804,0.9821428571428571,0.9833333333333334,0.044650869710104804,0.9821428571428571,0.9833333333333334,1.1356728076934814,1.1356728076934814,0.0
667,0.04465087130665779,0.03830858213560922,1.0,1.0,0.03830858213560922,1.0,1.0,3.473191976547241,3.473191976547241,0.0
668,0.038308583199977875,0.042278328112193515,0.9821428571428571,0.9833333333333334,0.042278328112193515,0.9821428571428571,0.9833333333333334,1.4817229509353638,1.4817229509353638,0.0
669,0.04227832704782486,0.03848343661853245,1.0,1.0,0.03848343661853245,1.0,1.0,3.3233797550201416,3.3233797550201416,0.0
670,0.03848343715071678,0.03967040777206421,1.0,1.0,0.03967040777206421,1.0,1.0,2.277661085128784,2.277661085128784,0.0
671,0.03967040777206421,0.03957614728382656,1.0,1.0,0.03957614728382656,1.0,1.0,2.89150071144104,2.89150071144104,0.0
672,0.03957614675164223,0.03776398726872036,1.0,1.0,0.03776398726872036,1.0,1.0,2.950552463531494,2.950552463531494,0.0
673,0.037763986736536026,0.0409124493598938,0.9821428571428571,0.9938271604938271,0.0409124493598938,0.9821428571428571,0.9938271604938271,2.2852139472961426,2.2852139472961426,0.0
674,0.0409124493598938,0.0364622345992497,1.0,1.0,0.0364622345992497,1.0,1.0,3.429410934448242,3.429410934448242,0.0
675,0.03646223619580269,0.042095716510500224,0.9821428571428571,0.9938271604938271,0.042095716510500224,0.9821428571428571,0.9938271604938271,1.7244317531585693,1.7244317531585693,0.0
676,0.042095717042684555,0.035579223717961996,1.0,1.0,0.035579223717961996,1.0,1.0,3.8081510066986084,3.8081510066986084,0.0
677,0.035579223185777664,0.04222269569124494,0.9821428571428571,0.9938271604938271,0.04222269569124494,0.9821428571428571,0.9938271604938271,1.383758783340454,1.383758783340454,0.0
678,0.04222269728779793,0.035151930791991096,1.0,1.0,0.035151930791991096,1.0,1.0,3.9779293537139893,3.9779293537139893,0.0
679,0.03515193238854408,0.04065469333103725,0.9821428571428571,0.9938271604938271,0.04065469333103725,0.9821428571428571,0.9938271604938271,1.5177767276763916,1.5177767276763916,0.0
680,0.04065469279885292,0.03558143973350525,1.0,1.0,0.03558143973350525,1.0,1.0,3.775489091873169,3.775489091873169,0.0
681,0.03558143973350525,0.038242076124463766,0.9821428571428571,0.9938271604938271,0.038242076124463766,0.9821428571428571,0.9938271604938271,2.1062278747558594,2.1062278747558594,0.0
682,0.038242075592279434,0.036905101367405484,1.0,1.0,0.036905101367405484,1.0,1.0,3.236563205718994,3.236563205718994,0.0
683,0.03690510243177414,0.03604024648666382,1.0,1.0,0.03604024648666382,1.0,1.0,2.844308853149414,2.844308853149414,0.0
684,0.03604024648666382,0.03870311379432678,0.9821428571428571,0.9833333333333334,0.03870311379432678,0.9821428571428571,0.9833333333333334,2.558516263961792,2.558516263961792,0.0
685,0.03870311379432678,0.03437649352209909,1.0,1.0,0.03437649352209909,1.0,1.0,3.5527663230895996,3.5527663230895996,0.0
686,0.03437649458646774,0.040632115943091254,0.9821428571428571,0.9833333333333334,0.040632115943091254,0.9821428571428571,0.9833333333333334,1.899988055229187,1.899988055229187,0.0
687,0.04063211753964424,0.033180958458355496,1.0,1.0,0.033180958458355496,1.0,1.0,4.180646896362305,4.180646896362305,0.0
688,0.03318095952272415,0.04243538635117667,0.9821428571428571,0.9833333333333334,0.04243538635117667,0.9821428571428571,0.9833333333333334,1.3186160326004028,1.3186160326004028,0.0
689,0.042435385286808014,0.03238569625786373,1.0,1.0,0.03238569625786373,1.0,1.0,4.715570449829102,4.715570449829102,0.0
690,0.0323856957256794,0.038657584360667636,0.9821428571428571,0.9833333333333334,0.038657584360667636,0.9821428571428571,0.9833333333333334,0.8868411183357239,0.8868411183357239,0.0
691,0.03865758329629898,0.03590569751603263,1.0,1.0,0.03590569751603263,1.0,1.0,3.9654548168182373,3.9654548168182373,0.0
692,0.03590569645166397,0.03313422203063965,1.0,1.0,0.03313422203063965,1.0,1.0,3.1543936729431152,3.1543936729431152,0.0
693,0.03313422203063965,0.042039534875324795,0.9821428571428571,0.9938271604938271,0.042039534875324795,0.9821428571428571,0.9938271604938271,1.9833623170852661,1.9833623170852661,0.0
694,0.04203953593969345,0.0311915214572634,1.0,1.0,0.0311915214572634,1.0,1.0,4.7987775802612305,4.7987775802612305,0.0
695,0.031191522255539894,0.03286243975162506,1.0,1.0,0.03286243975162506,1.0,1.0,0.26419031620025635,0.26419031620025635,0.0
696,0.03286243975162506,0.05550118003572736,0.9821428571428571,0.9938271604938271,0.05550118003572736,0.9821428571428571,0.9938271604938271,2.151651620864868,2.151651620864868,0.0
697,0.05550118163228035,0.042028227022715976,0.9821428571428571,0.9938271604938271,0.042028227022715976,0.9821428571428571,0.9938271604938271,6.767348289489746,6.767348289489746,0.0
698,0.04202822595834732,0.0623287388256618,0.9821428571428571,0.9833333333333334,0.0623287388256618,0.9821428571428571,0.9833333333333334,4.966087818145752,4.966087818145752,0.0
699,0.06232873722910881,0.06755268573760986,0.9821428571428571,0.9833333333333334,0.06755268573760986,0.9821428571428571,0.9833333333333334,7.350619316101074,7.350619316101074,0.0
700,0.06755268573760986,0.031188494392803738,1.0,1.0,0.031188494392803738,1.0,1.0,7.514151096343994,7.514151096343994,0.0
701,0.031188493594527245,0.030993333884647915,1.0,1.0,0.030993333884647915,1.0,1.0,1.032244086265564,1.032244086265564,0.0
702,0.030993333086371422,0.057244368961879184,0.9821428571428571,0.9938271604938271,0.057244368961879184,0.9821428571428571,0.9938271604938271,0.9918976426124573,0.9918976426124573,0.0
703,0.05724436789751053,0.040723826204027445,0.9821428571428571,0.9938271604938271,0.040723826204027445,0.9821428571428571,0.9938271604938271,6.96908712387085,6.96908712387085,0.0
704,0.04072382673621178,0.06649699381419591,0.9821428571428571,0.9833333333333334,0.06649699381419591,0.9821428571428571,0.9833333333333334,4.867127895355225,4.867127895355225,0.0
705,0.06649699062108994,0.07595768996647426,0.9821428571428571,0.9833333333333334,0.07595768996647426,0.9821428571428571,0.9833333333333334,7.6754279136657715,7.6754279136657715,0.0
706,0.07595769315958023,0.03001971117087773,1.0,1.0,0.03001971117087773,1.0,1.0,7.954105377197266,7.954105377197266,0.0
707,0.030019711703062057,0.10894110373088292,0.9642857142857143,0.9876543209876543,0.10894110373088292,0.9642857142857143,0.9876543209876543,0.711083710193634,0.711083710193634,0.0
708,0.10894110053777695,0.12563836574554443,0.9642857142857143,0.9876543209876543,0.12563836574554443,0.9642857142857143,0.9876543209876543,5.820624351501465,5.820624351501465,0.0
709,0.12563836574554443,0.08586010762623378,0.9642857142857143,0.9876543209876543,0.08586010762623378,0.9642857142857143,0.9876543209876543,4.370128154754639,4.370128154754639,0.0
710,0.08586011081933975,0.04008274844714573,0.9821428571428571,0.9833333333333334,0.04008274844714573,0.9821428571428571,0.9833333333333334,7.029633522033691,7.029633522033691,0.0
711,0.04008274897933006,0.06396679367337908,0.9821428571428571,0.9833333333333334,0.06396679367337908,0.9821428571428571,0.9833333333333334,4.3620991706848145,4.3620991706848145,0.0
712,0.0639667958021164,0.03554464663778033,1.0,1.0,0.03554464663778033,1.0,1.0,6.4120941162109375,6.4120941162109375,0.0
713,0.03554464504122734,0.08102774620056152,0.9642857142857143,0.9876543209876543,0.08102774620056152,0.9642857142857143,0.9876543209876543,2.505544424057007,2.505544424057007,0.0
714,0.08102774620056152,0.0972918953214373,0.9642857142857143,0.9876543209876543,0.0972918953214373,0.9642857142857143,0.9876543209876543,5.702061653137207,5.702061653137207,0.0
715,0.09729189425706863,0.06337025761604309,0.9642857142857143,0.9876543209876543,0.06337025761604309,0.9642857142857143,0.9876543209876543,4.802130222320557,4.802130222320557,0.0
716,0.06337025761604309,0.046263809714998515,0.9821428571428571,0.9833333333333334,0.046263809714998515,0.9821428571428571,0.9833333333333334,4.629786014556885,4.629786014556885,0.0
717,0.046263810247182846,0.060253024101257324,0.9821428571428571,0.9833333333333334,0.060253024101257324,0.9821428571428571,0.9833333333333334,2.8289449214935303,2.8289449214935303,0.0
718,0.060253024101257324,0.04595261812210083,1.0,1.0,0.04595261812210083,1.0,1.0,4.0084452629089355,4.0084452629089355,0.0
719,0.04595261812210083,0.06100889188902719,0.9642857142857143,0.9876543209876543,0.06100889188902719,0.9642857142857143,0.9876543209876543,1.3344160318374634,1.3344160318374634,0.0
720,0.061008892953395844,0.06907592500959124,0.9642857142857143,0.9876543209876543,0.06907592500959124,0.9642857142857143,0.9876543209876543,2.92295503616333,2.92295503616333,0.0
721,0.06907592713832855,0.04817665474755423,0.9821428571428571,0.9938271604938271,0.04817665474755423,0.9821428571428571,0.9938271604938271,3.415384531021118,3.415384531021118,0.0
722,0.04817665368318558,0.06445866823196411,0.9821428571428571,0.9833333333333334,0.06445866823196411,0.9821428571428571,0.9833333333333334,2.25669002532959,2.25669002532959,0.0
723,0.06445866823196411,0.08848228624888829,0.9642857142857143,0.9666666666666667,0.08848228624888829,0.9642857142857143,0.9666666666666667,4.645405292510986,4.645405292510986,0.0
724,0.08848228305578232,0.060214102268218994,0.9821428571428571,0.9833333333333334,0.060214102268218994,0.9821428571428571,0.9833333333333334,5.676804542541504,5.676804542541504,0.0
725,0.060214102268218994,0.045307121106556485,0.9821428571428571,0.9938271604938271,0.045307121106556485,0.9821428571428571,0.9938271604938271,4.116663455963135,4.116663455963135,0.0
726,0.04530712217092514,0.054109343460627964,0.9821428571428571,0.9938271604938271,0.054109343460627964,0.9821428571428571,0.9938271604938271,2.010880947113037,2.010880947113037,0.0
727,0.05410934239625931,0.040853525911058695,1.0,1.0,0.040853525911058695,1.0,1.0,3.1946284770965576,3.1946284770965576,0.0
728,0.04085352644324303,0.06470080784388951,0.9642857142857143,0.9666666666666667,0.06470080784388951,0.9642857142857143,0.9666666666666667,0.9552034139633179,0.9552034139633179,0.0
729,0.06470080465078354,0.07531699112483434,0.9642857142857143,0.9666666666666667,0.07531699112483434,0.9642857142857143,0.9666666666666667,4.041702747344971,4.041702747344971,0.0
730,0.07531698793172836,0.048229566642216275,0.9821428571428571,0.9833333333333334,0.048229566642216275,0.9821428571428571,0.9833333333333334,4.42881441116333,4.42881441116333,0.0
731,0.04822956770658493,0.061282566615513394,0.9642857142857143,0.9876543209876543,0.061282566615513394,0.9642857142857143,0.9876543209876543,2.7625718116760254,2.7625718116760254,0.0
732,0.06128256767988205,0.08695371661867414,0.9642857142857143,0.9876543209876543,0.08695371661867414,0.9642857142857143,0.9876543209876543,5.0048604011535645,5.0048604011535645,0.0
733,0.08695371448993683,0.057478955813816617,0.9642857142857143,0.9876543209876543,0.057478955813816617,0.9642857142857143,0.9876543209876543,5.923829555511475,5.923829555511475,0.0
734,0.05747895687818527,0.0463607268674033,0.9821428571428571,0.9833333333333334,0.0463607268674033,0.9821428571428571,0.9833333333333334,4.57552433013916,4.57552433013916,0.0
735,0.04636072739958763,0.054832709687096734,0.9821428571428571,0.9833333333333334,0.054832709687096734,0.9821428571428571,0.9833333333333334,2.0290634632110596,2.0290634632110596,0.0
736,0.05483270809054375,0.042370617389678955,1.0,1.0,0.042370617389678955,1.0,1.0,2.9418785572052,2.9418785572052,0.0
737,0.042370617389678955,0.06641746844564166,0.9642857142857143,0.9876543209876543,0.06641746844564166,0.9642857142857143,0.9876543209876543,1.2134242057800293,1.2134242057800293,0.0
738,0.06641747057437897,0.08172506945473808,0.9642857142857143,0.9876543209876543,0.08172506945473808,0.9642857142857143,0.9876543209876543,4.893230438232422,4.893230438232422,0.0
739,0.08172506839036942,0.05015189732824053,0.9821428571428571,0.9938271604938271,0.05015189732824053,0.9821428571428571,0.9938271604938271,5.513511657714844,5.513511657714844,0.0
740,0.050151895731687546,0.05632529514176505,0.9821428571428571,0.9833333333333334,0.05632529514176505,0.9821428571428571,0.9833333333333334,3.5381743907928467,3.5381743907928467,0.0
741,0.05632529407739639,0.08188300473349434,0.9642857142857143,0.9666666666666667,0.08188300473349434,0.9642857142857143,0.9666666666666667,4.720799922943115,4.720799922943115,0.0
742,0.081883005797863,0.054309189319610596,0.9821428571428571,0.9833333333333334,0.054309189319610596,0.9821428571428571,0.9833333333333334,6.378316879272461,6.378316879272461,0.0
743,0.054309189319610596,0.0492703914642334,0.9821428571428571,0.9938271604938271,0.0492703914642334,0.9821428571428571,0.9938271604938271,4.289581775665283,4.289581775665283,0.0
744,0.0492703914642334,0.06133692179407392,0.9642857142857143,0.9876543209876543,0.06133692179407392,0.9642857142857143,0.9876543209876543,3.1445884704589844,3.1445884704589844,0.0
745,0.06133692339062691,0.04158239705221994,0.9821428571428571,0.9938271604938271,0.04158239705221994,0.9821428571428571,0.9938271604938271,4.1073317527771,4.1073317527771,0.0
746,0.04158239811658859,0.06519556897027153,0.9642857142857143,0.9666666666666667,0.06519556897027153,0.9642857142857143,0.9666666666666667,1.803410291671753,1.803410291671753,0.0
747,0.06519556790590286,0.08483004570007324,0.9642857142857143,0.9666666666666667,0.08483004570007324,0.9642857142857143,0.9666666666666667,4.582432746887207,4.582432746887207,0.0
748,0.08483004570007324,0.056760123797825406,0.9821428571428571,0.9833333333333334,0.056760123797825406,0.9821428571428571,0.9833333333333334,5.200345039367676,5.200345039367676,0.0
749,0.05676012486219406,0.04290967753955296,0.9821428571428571,0.9938271604938271,0.04290967753955296,0.9821428571428571,0.9938271604938271,3.758549451828003,3.758549451828003,0.0
750,0.04290967807173729,0.05358755162784031,0.9821428571428571,0.9938271604938271,0.05358755162784031,0.9821428571428571,0.9938271604938271,2.0661470890045166,2.0661470890045166,0.0
751,0.05358755216002464,0.039436093398502896,1.0,1.0,0.039436093398502896,1.0,1.0,3.8035244941711426,3.8035244941711426,0.0
752,0.03943609446287155,0.05916060720171247,0.9821428571428571,0.9833333333333334,0.05916060720171247,0.9821428571428571,0.9833333333333334,0.8972970247268677,0.8972970247268677,0.0
753,0.05916060879826546,0.06829841222081866,0.9642857142857143,0.9666666666666667,0.06829841222081866,0.9642857142857143,0.9666666666666667,3.3501100540161133,3.3501100540161133,0.0
754,0.06829841434955597,0.0465447689805712,0.9821428571428571,0.9833333333333334,0.0465447689805712,0.9821428571428571,0.9833333333333334,3.686119318008423,3.686119318008423,0.0
755,0.046544767916202545,0.05661665967532566,0.9821428571428571,0.9938271604938271,0.05661665967532566,0.9821428571428571,0.9938271604938271,2.344465494155884,2.344465494155884,0.0
756,0.056616660207509995,0.07871781076703753,0.9642857142857143,0.9876543209876543,0.07871781076703753,0.9642857142857143,0.9876543209876543,4.2989654541015625,4.2989654541015625,0.0
757,0.07871781289577484,0.05386874079704285,0.9821428571428571,0.9938271604938271,0.05386874079704285,0.9821428571428571,0.9938271604938271,5.129234313964844,5.129234313964844,0.0
758,0.05386874079704285,0.04476952978542873,0.9821428571428571,0.9833333333333334,0.04476952978542873,0.9821428571428571,0.9833333333333334,3.8630428314208984,3.8630428314208984,0.0
759,0.0447695292532444,0.052886362586702616,0.9821428571428571,0.9833333333333334,0.052886362586702616,0.9821428571428571,0.9833333333333334,2.0743248462677,2.0743248462677,0.0
760,0.05288636311888695,0.040161111525126865,1.0,1.0,0.040161111525126865,1.0,1.0,2.7562053203582764,2.7562053203582764,0.0
761,0.04016111046075821,0.06481381399290902,0.9642857142857143,0.9876543209876543,0.06481381399290902,0.9642857142857143,0.9876543209876543,1.2382773160934448,1.2382773160934448,0.0
762,0.06481381505727768,0.08041092327662877,0.9642857142857143,0.9876543209876543,0.08041092327662877,0.9642857142857143,0.9876543209876543,4.404170513153076,4.404170513153076,0.0
763,0.0804109200835228,0.05244973301887512,0.9821428571428571,0.9938271604938271,0.05244973301887512,0.9821428571428571,0.9938271604938271,4.642539978027344,4.642539978027344,0.0
764,0.05244973301887512,0.045894039528710504,0.9821428571428571,0.9833333333333334,0.045894039528710504,0.9821428571428571,0.9833333333333334,3.694096565246582,3.694096565246582,0.0
765,0.045894037932157516,0.06199094227382115,0.9821428571428571,0.9833333333333334,0.06199094227382115,0.9821428571428571,0.9833333333333334,3.081632375717163,3.081632375717163,0.0
766,0.06199094280600548,0.04218497446605137,0.9821428571428571,0.9833333333333334,0.04218497446605137,0.9821428571428571,0.9833333333333334,4.257073402404785,4.257073402404785,0.0
767,0.0421849749982357,0.05428689292498997,0.9821428571428571,0.9938271604938271,0.05428689292498997,0.9821428571428571,0.9938271604938271,2.4826834201812744,2.4826834201812744,0.0
768,0.0542868934571743,0.06741481593676976,0.9642857142857143,0.9876543209876543,0.06741481593676976,0.9642857142857143,0.9876543209876543,3.5932843685150146,3.5932843685150146,0.0
769,0.06741481274366379,0.04541046278817313,0.9821428571428571,0.9938271604938271,0.04541046278817313,0.9821428571428571,0.9938271604938271,4.058167457580566,4.058167457580566,0.0
770,0.045410461723804474,0.052029047693525045,0.9821428571428571,0.9833333333333334,0.052029047693525045,0.9821428571428571,0.9833333333333334,2.549419403076172,2.549419403076172,0.0
771,0.052029047161340714,0.06724323545183454,0.9642857142857143,0.9666666666666667,0.06724323545183454,0.9642857142857143,0.9666666666666667,3.396293878555298,3.396293878555298,0.0
772,0.06724323332309723,0.04713083165032523,0.9821428571428571,0.9833333333333334,0.04713083165032523,0.9821428571428571,0.9833333333333334,4.178593158721924,4.178593158721924,0.0
773,0.047130830585956573,0.047856458595820835,0.9821428571428571,0.9938271604938271,0.047856458595820835,0.9821428571428571,0.9938271604938271,2.507138967514038,2.507138967514038,0.0
774,0.04785645753145218,0.05811905860900879,0.9642857142857143,0.9876543209876543,0.05811905860900879,0.9642857142857143,0.9876543209876543,2.379406452178955,2.379406452178955,0.0
775,0.05811905860900879,0.04375089066369193,0.9821428571428571,0.9938271604938271,0.04375089066369193,0.9821428571428571,0.9938271604938271,3.3487555980682373,3.3487555980682373,0.0
776,0.04375088959932327,0.053107725722449164,0.9821428571428571,0.9833333333333334,0.053107725722449164,0.9821428571428571,0.9833333333333334,1.3728948831558228,1.3728948831558228,0.0
777,0.05310772731900215,0.06449572954859052,0.9642857142857143,0.9666666666666667,0.06449572954859052,0.9642857142857143,0.9666666666666667,2.645918846130371,2.645918846130371,0.0
778,0.06449572741985321,0.04718092083930969,0.9821428571428571,0.9833333333333334,0.04718092083930969,0.9821428571428571,0.9833333333333334,3.540067672729492,3.540067672729492,0.0
779,0.04718092083930969,0.04716034872191293,0.9821428571428571,0.9938271604938271,0.04716034872191293,0.9821428571428571,0.9938271604938271,2.0968611240386963,2.0968611240386963,0.0
780,0.047160349786281586,0.05871079649244036,0.9642857142857143,0.9876543209876543,0.05871079649244036,0.9642857142857143,0.9876543209876543,2.334927797317505,2.334927797317505,0.0
781,0.058710794895887375,0.04239004850387573,0.9821428571428571,0.9938271604938271,0.04239004850387573,0.9821428571428571,0.9938271604938271,3.7026591300964355,3.7026591300964355,0.0
782,0.04239004850387573,0.051492933716092794,0.9821428571428571,0.9833333333333334,0.051492933716092794,0.9821428571428571,0.9833333333333334,1.7540465593338013,1.7540465593338013,0.0
783,0.05149293318390846,0.06577778714043754,0.9642857142857143,0.9666666666666667,0.06577778714043754,0.9642857142857143,0.9666666666666667,3.112424612045288,3.112424612045288,0.0
784,0.06577778607606888,0.04542877844401768,0.9821428571428571,0.9833333333333334,0.04542877844401768,0.9821428571428571,0.9833333333333334,4.227193832397461,4.227193832397461,0.0
785,0.04542877897620201,0.04623355610030038,0.9821428571428571,0.9938271604938271,0.04623355610030038,0.9821428571428571,0.9938271604938271,2.5410242080688477,2.5410242080688477,0.0
786,0.04623355716466904,0.058840768677847724,0.9642857142857143,0.9876543209876543,0.058840768677847724,0.9642857142857143,0.9876543209876543,2.7116057872772217,2.7116057872772217,0.0
787,0.05884077027440071,0.04121875762939453,0.9821428571428571,0.9938271604938271,0.04121875762939453,0.9821428571428571,0.9938271604938271,3.9869916439056396,3.9869916439056396,0.0
788,0.04121875762939453,0.051466124398367744,0.9821428571428571,0.9833333333333334,0.051466124398367744,0.9821428571428571,0.9833333333333334,1.8691154718399048,1.8691154718399048,0.0
789,0.05146612599492073,0.06554142917905535,0.9642857142857143,0.9666666666666667,0.06554142917905535,0.9642857142857143,0.9666666666666667,3.1537749767303467,3.1537749767303467,0.0
790,0.06554143130779266,0.04560306242534092,0.9821428571428571,0.9833333333333334,0.04560306242534092,0.9821428571428571,0.9833333333333334,4.1786017417907715,4.1786017417907715,0.0
791,0.04560306295752525,0.045453011989593506,0.9821428571428571,0.9938271604938271,0.045453011989593506,0.9821428571428571,0.9938271604938271,2.4665565490722656,2.4665565490722656,0.0
792,0.045453011989593506,0.05706011823245457,0.9642857142857143,0.9876543209876543,0.05706011823245457,0.9642857142857143,0.9876543209876543,2.5170159339904785,2.5170159339904785,0.0
793,0.0570601187646389,0.04098459226744516,0.9821428571428571,0.9938271604938271,0.04098459226744516,0.9821428571428571,0.9938271604938271,3.778742551803589,3.778742551803589,0.0
794,0.04098459333181381,0.05143210291862488,0.9821428571428571,0.9833333333333334,0.05143210291862488,0.9821428571428571,0.9833333333333334,1.597909927368164,1.597909927368164,0.0
795,0.05143210291862488,0.06429872768265861,0.9642857142857143,0.9666666666666667,0.06429872768265861,0.9642857142857143,0.9666666666666667,2.8438644409179688,2.8438644409179688,0.0
796,0.06429872661828995,0.04605627911431449,0.9821428571428571,0.9833333333333334,0.04605627911431449,0.9821428571428571,0.9833333333333334,3.8147635459899902,3.8147635459899902,0.0
797,0.04605627804994583,0.044329937015260966,0.9821428571428571,0.9938271604938271,0.044329937015260966,0.9821428571428571,0.9938271604938271,2.348808526992798,2.348808526992798,0.0
798,0.0443299375474453,0.05525122370038714,0.9642857142857143,0.9876543209876543,0.05525122370038714,0.9642857142857143,0.9876543209876543,2.2970986366271973,2.2970986366271973,0.0
799,0.05525122210383415,0.039778679609298706,0.9821428571428571,0.9938271604938271,0.039778679609298706,0.9821428571428571,0.9938271604938271,3.6248812675476074,3.6248812675476074,0.0
800,0.039778679609298706,0.052118194954735894,0.9821428571428571,0.9833333333333334,0.052118194954735894,0.9821428571428571,0.9833333333333334,1.531491994857788,1.531491994857788,0.0
801,0.05211819335818291,0.06632202437945775,0.9642857142857143,0.9666666666666667,0.06632202437945775,0.9642857142857143,0.9666666666666667,3.0706682205200195,3.0706682205200195,0.0
802,0.06632202118635178,0.04608514053480966,0.9821428571428571,0.9833333333333334,0.04608514053480966,0.9821428571428571,0.9833333333333334,4.1605682373046875,4.1605682373046875,0.0
803,0.046085141599178314,0.04296917148998806,0.9821428571428571,0.9938271604938271,0.04296917148998806,0.9821428571428571,0.9938271604938271,2.598512887954712,2.598512887954712,0.0
804,0.042969170957803726,0.05486533045768738,0.9642857142857143,0.9876543209876543,0.05486533045768738,0.9642857142857143,0.9876543209876543,2.442227840423584,2.442227840423584,0.0
805,0.05486533045768738,0.03847673109599522,0.9821428571428571,0.9938271604938271,0.03847673109599522,0.9821428571428571,0.9938271604938271,3.8432843685150146,3.8432843685150146,0.0
806,0.03847673162817955,0.05177067007337298,0.9821428571428571,0.9833333333333334,0.05177067007337298,0.9821428571428571,0.9833333333333334,1.6748250722885132,1.6748250722885132,0.0
807,0.05177066847681999,0.06572042618479047,0.9642857142857143,0.9666666666666667,0.06572042618479047,0.9642857142857143,0.9666666666666667,3.1381685733795166,3.1381685733795166,0.0
808,0.06572042405605316,0.0454723026071276,0.9821428571428571,0.9833333333333334,0.0454723026071276,0.9821428571428571,0.9833333333333334,4.128006458282471,4.128006458282471,0.0
809,0.04547230154275894,0.042578275714601786,0.9821428571428571,0.9938271604938271,0.042578275714601786,0.9821428571428571,0.9938271604938271,2.5646588802337646,2.5646588802337646,0.0
810,0.04257827624678612,0.05530221973146711,0.9642857142857143,0.9876543209876543,0.05530221973146711,0.9642857142857143,0.9876543209876543,2.617570638656616,2.617570638656616,0.0
811,0.055302221328020096,0.03799200909478324,0.9821428571428571,0.9938271604938271,0.03799200909478324,0.9821428571428571,0.9938271604938271,4.056471824645996,4.056471824645996,0.0
812,0.03799200803041458,0.05051355276788984,0.9821428571428571,0.9833333333333334,0.05051355276788984,0.9821428571428571,0.9833333333333334,1.798741102218628,1.798741102218628,0.0
813,0.050513554364442825,0.06341457792690822,0.9642857142857143,0.9666666666666667,0.06341457792690822,0.9642857142857143,0.9666666666666667,2.9378719329833984,2.9378719329833984,0.0
814,0.06341458112001419,0.04462159105709621,0.9821428571428571,0.9833333333333334,0.04462159105709621,0.9821428571428571,0.9833333333333334,3.842024564743042,3.842024564743042,0.0
815,0.04462159052491188,0.04242690120424543,0.9821428571428571,0.9938271604938271,0.04242690120424543,0.9821428571428571,0.9938271604938271,2.3841583728790283,2.3841583728790283,0.0
816,0.042426902800798416,0.05553955691201346,0.9642857142857143,0.9876543209876543,0.05553955691201346,0.9642857142857143,0.9876543209876543,2.753004550933838,2.753004550933838,0.0
817,0.055539555847644806,0.0373814446585519,0.9821428571428571,0.9938271604938271,0.0373814446585519,0.9821428571428571,0.9938271604938271,4.2096052169799805,4.2096052169799805,0.0
818,0.03738144412636757,0.04974148954663958,0.9821428571428571,0.9833333333333334,0.04974148954663958,0.9821428571428571,0.9833333333333334,1.8618446588516235,1.8618446588516235,0.0
819,0.049741487950086594,0.06290492841175624,0.9642857142857143,0.9666666666666667,0.06290492841175624,0.9642857142857143,0.9666666666666667,2.933957576751709,2.933957576751709,0.0
820,0.06290493160486221,0.04407605528831482,0.9821428571428571,0.9833333333333334,0.04407605528831482,0.9821428571428571,0.9833333333333334,3.8092856407165527,3.8092856407165527,0.0
821,0.04407605528831482,0.04167824557849339,0.9821428571428571,0.9938271604938271,0.04167824557849339,0.9821428571428571,0.9938271604938271,2.35469913482666,2.35469913482666,0.0
822,0.04167824611067772,0.054882862738200595,0.9821428571428571,0.9938271604938271,0.054882862738200595,0.9821428571428571,0.9938271604938271,2.789064407348633,2.789064407348633,0.0
823,0.05488286167383194,0.03650765333856855,0.9821428571428571,0.9938271604938271,0.03650765333856855,0.9821428571428571,0.9938271604938271,4.271806716918945,4.271806716918945,0.0
824,0.036507654935121536,0.049982347658702304,0.9821428571428571,0.9833333333333334,0.049982347658702304,0.9821428571428571,0.9833333333333334,1.718767523765564,1.718767523765564,0.0
825,0.04998234659433365,0.06364254014832633,0.9642857142857143,0.9666666666666667,0.06364254014832633,0.9642857142857143,0.9666666666666667,3.030587911605835,3.030587911605835,0.0
826,0.06364253908395767,0.04449989965983799,0.9821428571428571,0.9833333333333334,0.04449989965983799,0.9821428571428571,0.9833333333333334,3.775818347930908,3.775818347930908,0.0
827,0.044499900192022324,0.04034967507634844,0.9821428571428571,0.9938271604938271,0.04034967507634844,0.9821428571428571,0.9938271604938271,2.422197103500366,2.422197103500366,0.0
828,0.040349673479795456,0.052775519234793525,0.9821428571428571,0.9938271604938271,0.052775519234793525,0.9821428571428571,0.9938271604938271,2.565899133682251,2.565899133682251,0.0
829,0.05277552083134651,0.035754995686667304,0.9821428571428571,0.9938271604938271,0.035754995686667304,0.9821428571428571,0.9938271604938271,4.1446051597595215,4.1446051597595215,0.0
830,0.03575499728322029,0.05094817706516811,0.9821428571428571,0.9833333333333334,0.05094817706516811,0.9821428571428571,0.9833333333333334,1.3435264825820923,1.3435264825820923,0.0
831,0.05094817653298378,0.06440031954220363,0.9642857142857143,0.9666666666666667,0.06440031954220363,0.9642857142857143,0.9666666666666667,3.0184977054595947,3.0184977054595947,0.0
832,0.0644003227353096,0.0453812267099108,0.9821428571428571,0.9833333333333334,0.0453812267099108,0.9821428571428571,0.9833333333333334,3.6654090881347656,3.6654090881347656,0.0
833,0.045381225645542145,0.038531337465558736,0.9821428571428571,0.9938271604938271,0.038531337465558736,0.9821428571428571,0.9938271604938271,2.49806547164917,2.49806547164917,0.0
834,0.038531336933374405,0.05014188800539289,0.9821428571428571,0.9938271604938271,0.05014188800539289,0.9821428571428571,0.9938271604938271,2.218026876449585,2.218026876449585,0.0
835,0.05014188960194588,0.03480730737958636,1.0,1.0,0.03480730737958636,1.0,1.0,3.958493232727051,3.958493232727051,0.0
836,0.03480730578303337,0.05167117289134434,0.9821428571428571,0.9833333333333334,0.05167117289134434,0.9821428571428571,0.9833333333333334,1.131570816040039,1.131570816040039,0.0
837,0.05167117342352867,0.06567629746028356,0.9642857142857143,0.9666666666666667,0.06567629746028356,0.9642857142857143,0.9666666666666667,3.1415369510650635,3.1415369510650635,0.0
838,0.06567629426717758,0.045772122485297065,0.9821428571428571,0.9833333333333334,0.045772122485297065,0.9821428571428571,0.9833333333333334,3.7774596214294434,3.7774596214294434,0.0
839,0.04577212408185005,0.03724861570766994,0.9821428571428571,0.9938271604938271,0.03724861570766994,0.9821428571428571,0.9938271604938271,2.659921407699585,2.659921407699585,0.0
840,0.03724861517548561,0.04856473633221218,0.9821428571428571,0.9938271604938271,0.04856473633221218,0.9821428571428571,0.9938271604938271,2.1329638957977295,2.1329638957977295,0.0
841,0.04856473580002785,0.033730338726724894,1.0,1.0,0.033730338726724894,1.0,1.0,3.903672218322754,3.903672218322754,0.0
842,0.033730339258909225,0.0524578903402601,0.9821428571428571,0.9833333333333334,0.0524578903402601,0.9821428571428571,0.9833333333333334,1.0216093063354492,1.0216093063354492,0.0
843,0.052457891404628754,0.06713561926569257,0.9642857142857143,0.9666666666666667,0.06713561926569257,0.9642857142857143,0.9666666666666667,3.321226119995117,3.321226119995117,0.0
844,0.06713561713695526,0.04610209379877363,0.9821428571428571,0.9833333333333334,0.04610209379877363,0.9821428571428571,0.9833333333333334,3.926180362701416,3.926180362701416,0.0
845,0.046102095395326614,0.03620138764381409,0.9821428571428571,0.9938271604938271,0.03620138764381409,0.9821428571428571,0.9938271604938271,2.816265106201172,2.816265106201172,0.0
846,0.03620138764381409,0.047256099326269965,0.9821428571428571,0.9938271604938271,0.047256099326269965,0.9821428571428571,0.9938271604938271,2.0601608753204346,2.0601608753204346,0.0
847,0.04725610092282295,0.03294784469263894,1.0,1.0,0.03294784469263894,1.0,1.0,3.831913471221924,3.831913471221924,0.0
848,0.0329478457570076,0.05115032621792385,0.9821428571428571,0.9833333333333334,0.05115032621792385,0.9821428571428571,0.9833333333333334,0.9529417157173157,0.9529417157173157,0.0
849,0.05115032568573952,0.06425139733723231,0.9642857142857143,0.9666666666666667,0.06425139733723231,0.9642857142857143,0.9666666666666667,3.328284502029419,3.328284502029419,0.0
850,0.06425140053033829,0.04262690884726388,0.9821428571428571,0.9833333333333334,0.04262690884726388,0.9821428571428571,0.9833333333333334,3.9630887508392334,3.9630887508392334,0.0
851,0.04262690991163254,0.039108953305653164,0.9821428571428571,0.9938271604938271,0.039108953305653164,0.9821428571428571,0.9938271604938271,2.5674891471862793,2.5674891471862793,0.0
852,0.03910895437002182,0.05428356783730643,0.9821428571428571,0.9938271604938271,0.05428356783730643,0.9821428571428571,0.9938271604938271,2.859196662902832,2.859196662902832,0.0
853,0.054283566772937775,0.035298632723944526,0.9821428571428571,0.9938271604938271,0.035298632723944526,0.9821428571428571,0.9938271604938271,4.5536065101623535,4.5536065101623535,0.0
854,0.03529863432049751,0.04505629198891776,0.9821428571428571,0.9833333333333334,0.04505629198891776,0.9821428571428571,0.9833333333333334,2.0262603759765625,2.0262603759765625,0.0
855,0.0450562909245491,0.05700774277959551,0.9821428571428571,0.9833333333333334,0.05700774277959551,0.9821428571428571,0.9833333333333334,2.7976062297821045,2.7976062297821045,0.0
856,0.057007741183042526,0.039251582963126044,0.9821428571428571,0.9833333333333334,0.039251582963126044,0.9821428571428571,0.9833333333333334,3.663944959640503,3.663944959640503,0.0
857,0.03925158455967903,0.04177608660289219,0.9821428571428571,0.9938271604938271,0.04177608660289219,0.9821428571428571,0.9938271604938271,2.0816242694854736,2.0816242694854736,0.0
858,0.04177608713507652,0.05672226207596915,0.9642857142857143,0.9876543209876543,0.05672226207596915,0.9642857142857143,0.9876543209876543,3.203928232192993,3.203928232192993,0.0
859,0.056722261011600494,0.03619973148618426,0.9821428571428571,0.9938271604938271,0.03619973148618426,0.9821428571428571,0.9938271604938271,4.648530006408691,4.648530006408691,0.0
860,0.03619972988963127,0.04353429589952741,0.9821428571428571,0.9833333333333334,0.04353429589952741,0.9821428571428571,0.9833333333333334,2.180323362350464,2.180323362350464,0.0
861,0.0435342974960804,0.055788768189294,0.9821428571428571,0.9833333333333334,0.055788768189294,0.9821428571428571,0.9833333333333334,2.6795713901519775,2.6795713901519775,0.0
862,0.05578876659274101,0.03855248434203012,0.9821428571428571,0.9833333333333334,0.03855248434203012,0.9821428571428571,0.9833333333333334,3.612511157989502,3.612511157989502,0.0
863,0.03855248540639877,0.04122861794063023,0.9821428571428571,0.9938271604938271,0.04122861794063023,0.9821428571428571,0.9938271604938271,2.023512601852417,2.023512601852417,0.0
864,0.04122861847281456,0.05489929233278547,0.9642857142857143,0.9876543209876543,0.05489929233278547,0.9642857142857143,0.9876543209876543,2.9886019229888916,2.9886019229888916,0.0
865,0.054899293929338455,0.035662216799599786,0.9821428571428571,0.9938271604938271,0.035662216799599786,0.9821428571428571,0.9938271604938271,4.353418350219727,4.353418350219727,0.0
866,0.0356622152030468,0.04401063919067383,0.9821428571428571,0.9833333333333334,0.04401063919067383,0.9821428571428571,0.9833333333333334,1.94022798538208,1.94022798538208,0.0
867,0.04401063919067383,0.05720551950590951,0.9821428571428571,0.9833333333333334,0.05720551950590951,0.9821428571428571,0.9833333333333334,2.832998275756836,2.832998275756836,0.0
868,0.05720552057027817,0.03898716824395316,0.9821428571428571,0.9833333333333334,0.03898716824395316,0.9821428571428571,0.9833333333333334,3.721740484237671,3.721740484237671,0.0
869,0.0389871671795845,0.03988539746829441,0.9821428571428571,0.9938271604938271,0.03988539746829441,0.9821428571428571,0.9938271604938271,2.1543312072753906,2.1543312072753906,0.0
870,0.039885398000478745,0.05251897232873099,0.9821428571428571,0.9938271604938271,0.05251897232873099,0.9821428571428571,0.9938271604938271,2.695735216140747,2.695735216140747,0.0
871,0.052518971264362335,0.03490161682878222,0.9821428571428571,0.9938271604938271,0.03490161682878222,0.9821428571428571,0.9938271604938271,4.085770130157471,4.085770130157471,0.0
872,0.03490161523222923,0.04490994981357029,0.9821428571428571,0.9833333333333334,0.04490994981357029,0.9821428571428571,0.9833333333333334,1.6456273794174194,1.6456273794174194,0.0
873,0.04490995034575462,0.0580709661756243,0.9821428571428571,0.9833333333333334,0.0580709661756243,0.9821428571428571,0.9833333333333334,2.8287880420684814,2.8287880420684814,0.0
874,0.058070965111255646,0.040038858141217916,0.9821428571428571,0.9833333333333334,0.040038858141217916,0.9821428571428571,0.9833333333333334,3.652557134628296,3.652557134628296,0.0
875,0.040038857609033585,0.03759849922997611,0.9821428571428571,0.9938271604938271,0.03759849922997611,0.9821428571428571,0.9938271604938271,2.233576536178589,2.233576536178589,0.0
876,0.03759849816560745,0.049014189413615634,0.9821428571428571,0.9938271604938271,0.049014189413615634,0.9821428571428571,0.9938271604938271,2.344999313354492,2.344999313354492,0.0
877,0.04901418834924698,0.03335122338363102,0.9821428571428571,0.9938271604938271,0.03335122338363102,0.9821428571428571,0.9938271604938271,3.837348699569702,3.837348699569702,0.0
878,0.03335122391581535,0.046104954821722846,0.9821428571428571,0.9833333333333334,0.046104954821722846,0.9821428571428571,0.9833333333333334,1.3567897081375122,1.3567897081375122,0.0
879,0.04610495641827583,0.05970565336091178,0.9821428571428571,0.9833333333333334,0.05970565336091178,0.9821428571428571,0.9833333333333334,2.974911689758301,2.974911689758301,0.0
880,0.05970565229654312,0.04072449888501849,0.9821428571428571,0.9833333333333334,0.04072449888501849,0.9821428571428571,0.9833333333333334,3.766294479370117,3.766294479370117,0.0
881,0.0407244972884655,0.03594188179288592,0.9821428571428571,0.9938271604938271,0.03594188179288592,0.9821428571428571,0.9938271604938271,2.409958839416504,2.409958839416504,0.0
882,0.03594188019633293,0.04727940048490252,0.9821428571428571,0.9938271604938271,0.04727940048490252,0.9821428571428571,0.9938271604938271,2.2561545372009277,2.2561545372009277,0.0
883,0.04727939888834953,0.03203559560435159,1.0,1.0,0.03203559560435159,1.0,1.0,3.8345484733581543,3.8345484733581543,0.0
884,0.032035596668720245,0.04697504639625549,0.9821428571428571,0.9833333333333334,0.04697504639625549,0.9821428571428571,0.9833333333333334,1.2415165901184082,1.2415165901184082,0.0
885,0.04697504639625549,0.061159772532326837,0.9642857142857143,0.9666666666666667,0.061159772532326837,0.9642857142857143,0.9666666666666667,3.1487929821014404,3.1487929821014404,0.0
886,0.06115977093577385,0.04120313695498875,0.9821428571428571,0.9833333333333334,0.04120313695498875,0.9821428571428571,0.9833333333333334,3.8922817707061768,3.8922817707061768,0.0
887,0.04120313748717308,0.03471429220267704,0.9821428571428571,0.9938271604938271,0.03471429220267704,0.9821428571428571,0.9938271604938271,2.5578887462615967,2.5578887462615967,0.0
888,0.034714292734861374,0.04581816281591143,0.9821428571428571,0.9938271604938271,0.04581816281591143,0.9821428571428571,0.9938271604938271,2.152444362640381,2.152444362640381,0.0
889,0.045818161219358444,0.031199465904917036,1.0,1.0,0.031199465904917036,1.0,1.0,3.7776687145233154,3.7776687145233154,0.0
890,0.031199466437101364,0.04723432660102844,0.9821428571428571,0.9833333333333334,0.04723432660102844,0.9821428571428571,0.9833333333333334,1.1399190425872803,1.1399190425872803,0.0
891,0.04723432660102844,0.061525127717426846,0.9642857142857143,0.9666666666666667,0.061525127717426846,0.9642857142857143,0.9666666666666667,3.2343127727508545,3.2343127727508545,0.0
892,0.0615251287817955,0.04104945915085929,0.9821428571428571,0.9833333333333334,0.04104945915085929,0.9821428571428571,0.9833333333333334,3.9588255882263184,3.9588255882263184,0.0
893,0.04104945808649063,0.0340374048267092,0.9821428571428571,0.9938271604938271,0.0340374048267092,0.9821428571428571,0.9938271604938271,2.6066205501556396,2.6066205501556396,0.0
894,0.034037403762340546,0.04510943804468427,0.9821428571428571,0.9938271604938271,0.04510943804468427,0.9821428571428571,0.9938271604938271,2.111283779144287,2.111283779144287,0.0
895,0.04510943964123726,0.030693935496466502,1.0,1.0,0.030693935496466502,1.0,1.0,3.7546424865722656,3.7546424865722656,0.0
896,0.030693935230374336,0.046791021312986104,0.9821428571428571,0.9833333333333334,0.046791021312986104,0.9821428571428571,0.9833333333333334,1.1165986061096191,1.1165986061096191,0.0
897,0.04679102078080177,0.06104126572608948,0.9642857142857143,0.9666666666666667,0.06104126572608948,0.9642857142857143,0.9666666666666667,3.244309902191162,3.244309902191162,0.0
898,0.06104126572608948,0.04046165517398289,0.9821428571428571,0.9833333333333334,0.04046165517398289,0.9821428571428571,0.9833333333333334,3.9767439365386963,3.9767439365386963,0.0
899,0.04046165570616722,0.03402648227555411,0.9821428571428571,0.9938271604938271,0.03402648227555411,0.9821428571428571,0.9938271604938271,2.5865776538848877,2.5865776538848877,0.0
900,0.034026481211185455,0.045566950525556295,0.9821428571428571,0.9938271604938271,0.045566950525556295,0.9821428571428571,0.9938271604938271,2.202481508255005,2.202481508255005,0.0
901,0.045566949993371964,0.030637900744165694,1.0,1.0,0.030637900744165694,1.0,1.0,3.821587324142456,3.821587324142456,0.0
902,0.03063790127635002,0.045600712299346924,0.9821428571428571,0.9833333333333334,0.045600712299346924,0.9821428571428571,0.9833333333333334,1.2276346683502197,1.2276346683502197,0.0
903,0.045600712299346924,0.0591783949307033,0.9821428571428571,0.9833333333333334,0.0591783949307033,0.9821428571428571,0.9833333333333334,3.121189594268799,3.121189594268799,0.0
904,0.059178393334150314,0.03942793181964329,0.9821428571428571,0.9833333333333334,0.03942793181964329,0.9821428571428571,0.9833333333333334,3.9003913402557373,3.9003913402557373,0.0
905,0.03942793235182762,0.033896216324397495,0.9821428571428571,0.9938271604938271,0.033896216324397495,0.9821428571428571,0.9938271604938271,2.4329395294189453,2.4329395294189453,0.0
906,0.03389621526002884,0.04522275498935154,0.9821428571428571,0.9938271604938271,0.04522275498935154,0.9821428571428571,0.9938271604938271,2.186333656311035,2.186333656311035,0.0
907,0.04522275552153587,0.03044805143560682,1.0,1.0,0.03044805143560682,1.0,1.0,3.768427610397339,3.768427610397339,0.0
908,0.030448051169514656,0.044206512825829644,0.9821428571428571,0.9833333333333334,0.044206512825829644,0.9821428571428571,0.9833333333333334,1.26128089427948,1.26128089427948,0.0
909,0.04420651122927666,0.05780432905469622,0.9821428571428571,0.9833333333333334,0.05780432905469622,0.9821428571428571,0.9833333333333334,3.0395009517669678,3.0395009517669678,0.0
910,0.057804327458143234,0.03835475870541164,0.9821428571428571,0.9833333333333334,0.03835475870541164,0.9821428571428571,0.9833333333333334,3.9375717639923096,3.9375717639923096,0.0
911,0.03835475817322731,0.03373027699334281,0.9821428571428571,0.9938271604938271,0.03373027699334281,0.9821428571428571,0.9938271604938271,2.392061948776245,2.392061948776245,0.0
912,0.03373027592897415,0.04514509865215847,0.9821428571428571,0.9938271604938271,0.04514509865215847,0.9821428571428571,0.9938271604938271,2.261730670928955,2.261730670928955,0.0
913,0.045145098119974136,0.03012887920652117,1.0,1.0,0.03012887920652117,1.0,1.0,3.799492835998535,3.799492835998535,0.0
914,0.030128879472613335,0.04322765554700579,0.9821428571428571,0.9833333333333334,0.04322765554700579,0.9821428571428571,0.9833333333333334,1.338227391242981,1.338227391242981,0.0
915,0.043227653950452805,0.05672084007944379,0.9821428571428571,0.9833333333333334,0.05672084007944379,0.9821428571428571,0.9833333333333334,3.0307552814483643,3.0307552814483643,0.0
916,0.05672084167599678,0.037446251937321255,0.9821428571428571,0.9833333333333334,0.037446251937321255,0.9821428571428571,0.9833333333333334,3.969677209854126,3.969677209854126,0.0
917,0.03744625300168991,0.03381997559751783,0.9821428571428571,0.9938271604938271,0.03381997559751783,0.9821428571428571,0.9938271604938271,2.348630666732788,2.348630666732788,0.0
918,0.033819977194070816,0.045486854655402045,0.9821428571428571,0.9938271604938271,0.045486854655402045,0.9821428571428571,0.9938271604938271,2.3667538166046143,2.3667538166046143,0.0
919,0.04548685625195503,0.029987103172710965,1.0,1.0,0.029987103172710965,1.0,1.0,3.866736650466919,3.866736650466919,0.0
920,0.02998710237443447,0.042408990008490424,0.9821428571428571,0.9833333333333334,0.042408990008490424,0.9821428571428571,0.9833333333333334,1.3827484846115112,1.3827484846115112,0.0
921,0.04240899160504341,0.055497322763715475,0.9821428571428571,0.9833333333333334,0.055497322763715475,0.9821428571428571,0.9833333333333334,2.92313289642334,2.92313289642334,0.0
922,0.05549732223153114,0.03712855918066842,0.9821428571428571,0.9833333333333334,0.03712855918066842,0.9821428571428571,0.9833333333333334,3.86979603767395,3.86979603767395,0.0
923,0.03712856024503708,0.03307595210415976,0.9821428571428571,0.9938271604938271,0.03307595210415976,0.9821428571428571,0.9938271604938271,2.287635564804077,2.287635564804077,0.0
924,0.03307595103979111,0.044142182384218485,0.9821428571428571,0.9938271604938271,0.044142182384218485,0.9821428571428571,0.9938271604938271,2.247792959213257,2.247792959213257,0.0
925,0.04414218291640282,0.02929389476776123,1.0,1.0,0.02929389476776123,1.0,1.0,3.779071807861328,3.779071807861328,0.0
926,0.02929389476776123,0.0428455514567239,0.9821428571428571,0.9833333333333334,0.0428455514567239,0.9821428571428571,0.9833333333333334,1.2714779376983643,1.2714779376983643,0.0
927,0.042845550924539566,0.05674364311354501,0.9821428571428571,0.9833333333333334,0.05674364311354501,0.9821428571428571,0.9833333333333334,3.0700368881225586,3.0700368881225586,0.0
928,0.056743644177913666,0.0374076919896262,0.9821428571428571,0.9833333333333334,0.0374076919896262,0.9821428571428571,0.9833333333333334,4.012613773345947,4.012613773345947,0.0
929,0.03740769252181053,0.0320070960691997,0.9821428571428571,0.9938271604938271,0.0320070960691997,0.9821428571428571,0.9938271604938271,2.4578299522399902,2.4578299522399902,0.0
930,0.03200709447264671,0.04284669245992388,0.9821428571428571,0.9938271604938271,0.04284669245992388,0.9821428571428571,0.9938271604938271,2.1515517234802246,2.1515517234802246,0.0
931,0.042846690863370895,0.02859280364853995,1.0,1.0,0.02859280364853995,1.0,1.0,3.7365119457244873,3.7365119457244873,0.0
932,0.028592804446816444,0.04281625151634216,0.9821428571428571,0.9833333333333334,0.04281625151634216,0.9821428571428571,0.9833333333333334,1.2226444482803345,1.2226444482803345,0.0
933,0.04281625151634216,0.05683868697711399,0.9821428571428571,0.9833333333333334,0.05683868697711399,0.9821428571428571,0.9833333333333334,3.1888155937194824,3.1888155937194824,0.0
934,0.056838687509298325,0.037008579288210185,0.9821428571428571,0.9833333333333334,0.037008579288210185,0.9821428571428571,0.9833333333333334,4.121397972106934,4.121397972106934,0.0
935,0.037008579820394516,0.03144068803106036,0.9821428571428571,0.9938271604938271,0.03144068803106036,0.9821428571428571,0.9938271604938271,2.534044027328491,2.534044027328491,0.0
936,0.03144068643450737,0.04238789847918919,0.9821428571428571,0.9938271604938271,0.04238789847918919,0.9821428571428571,0.9938271604938271,2.18548846244812,2.18548846244812,0.0
937,0.04238789901137352,0.028052100113459995,1.0,1.0,0.028052100113459995,1.0,1.0,3.7775321006774902,3.7775321006774902,0.0
938,0.02805210091173649,0.042229924883161275,0.9821428571428571,0.9833333333333334,0.042229924883161275,0.9821428571428571,0.9833333333333334,1.2519980669021606,1.2519980669021606,0.0
939,0.042229924350976944,0.056092453854424615,0.9821428571428571,0.9833333333333334,0.056092453854424615,0.9821428571428571,0.9833333333333334,3.1929585933685303,3.1929585933685303,0.0
940,0.05609245225787163,0.03635011400495257,0.9821428571428571,0.9833333333333334,0.03635011400495257,0.9821428571428571,0.9833333333333334,4.161020755767822,4.161020755767822,0.0
941,0.03635011240839958,0.031240173748561313,0.9821428571428571,0.9938271604938271,0.031240173748561313,0.9821428571428571,0.9938271604938271,2.4983420372009277,2.4983420372009277,0.0
942,0.031240174546837807,0.042286115033285956,0.9821428571428571,0.9938271604938271,0.042286115033285956,0.9821428571428571,0.9938271604938271,2.2310197353363037,2.2310197353363037,0.0
943,0.042286116629838943,0.027811214327812195,1.0,1.0,0.027811214327812195,1.0,1.0,3.7954702377319336,3.7954702377319336,0.0
944,0.027811214327812195,0.041502492768423896,0.9821428571428571,0.9833333333333334,0.041502492768423896,0.9821428571428571,0.9833333333333334,1.2769700288772583,1.2769700288772583,0.0
945,0.04150249436497688,0.05509239435195923,0.9821428571428571,0.9833333333333334,0.05509239435195923,0.9821428571428571,0.9833333333333334,3.120443105697632,3.120443105697632,0.0
946,0.05509239435195923,0.03568541577884129,0.9821428571428571,0.9833333333333334,0.03568541577884129,0.9821428571428571,0.9833333333333334,4.118378162384033,4.118378162384033,0.0
947,0.03568541631102562,0.0313824542931148,0.9821428571428571,0.9938271604938271,0.0313824542931148,0.9821428571428571,0.9938271604938271,2.4163200855255127,2.4163200855255127,0.0
948,0.03138245269656181,0.04270566787038531,0.9821428571428571,0.9938271604938271,0.04270566787038531,0.9821428571428571,0.9938271604938271,2.2890219688415527,2.2890219688415527,0.0
949,0.04270566627383232,0.027916393109730313,1.0,1.0,0.027916393109730313,1.0,1.0,3.8377184867858887,3.8377184867858887,0.0
950,0.02791639231145382,0.04035280006272452,0.9821428571428571,0.9833333333333334,0.04035280006272452,0.9821428571428571,0.9833333333333334,1.3448560237884521,1.3448560237884521,0.0
951,0.040352798998355865,0.05334789412362235,0.9821428571428571,0.9833333333333334,0.05334789412362235,0.9821428571428571,0.9833333333333334,2.972815990447998,2.972815990447998,0.0
952,0.05334789305925369,0.03474512483392443,0.9821428571428571,0.9833333333333334,0.03474512483392443,0.9821428571428571,0.9833333333333334,4.003584384918213,4.003584384918213,0.0
953,0.034745123237371445,0.03249857681138175,0.9821428571428571,0.9938271604938271,0.03249857681138175,0.9821428571428571,0.9938271604938271,2.2777910232543945,2.2777910232543945,0.0
954,0.03249857574701309,0.0446057277066367,0.9821428571428571,0.9938271604938271,0.0446057277066367,0.9821428571428571,0.9938271604938271,2.49489426612854,2.49489426612854,0.0
955,0.04460572823882103,0.02840772909777505,1.0,1.0,0.02840772909777505,1.0,1.0,4.006565093994141,4.006565093994141,0.0
956,0.028407728299498558,0.039862215518951416,0.9821428571428571,0.9833333333333334,0.039862215518951416,0.9821428571428571,0.9833333333333334,1.4752898216247559,1.4752898216247559,0.0
957,0.039862215518951416,0.05279141238757542,0.9821428571428571,0.9833333333333334,0.05279141238757542,0.9821428571428571,0.9833333333333334,2.885256767272949,2.885256767272949,0.0
958,0.05279141291975975,0.0350708259003503,0.9821428571428571,0.9833333333333334,0.0350708259003503,0.9821428571428571,0.9833333333333334,3.9150218963623047,3.9150218963623047,0.0
959,0.03507082536816597,0.03074111895901816,0.9821428571428571,0.9938271604938271,0.03074111895901816,0.9821428571428571,0.9938271604938271,2.2559444904327393,2.2559444904327393,0.0
960,0.030741119757294655,0.04084657345499311,0.9821428571428571,0.9938271604938271,0.04084657345499311,0.9821428571428571,0.9938271604938271,2.0623655319213867,2.0623655319213867,0.0
961,0.0408465750515461,0.027424384440694536,1.0,1.0,0.027424384440694536,1.0,1.0,3.5802836418151855,3.5802836418151855,0.0
962,0.027424383908510208,0.04035040310450962,0.9821428571428571,0.9833333333333334,0.04035040310450962,0.9821428571428571,0.9833333333333334,1.1449072360992432,1.1449072360992432,0.0
963,0.040350403636693954,0.05359781214169094,0.9821428571428571,0.9833333333333334,0.05359781214169094,0.9821428571428571,0.9833333333333334,2.9909017086029053,2.9909017086029053,0.0
964,0.05359781160950661,0.03503850741045816,0.9821428571428571,0.9833333333333334,0.03503850741045816,0.9821428571428571,0.9833333333333334,4.050309658050537,4.050309658050537,0.0
965,0.03503850847482681,0.02975177764892578,0.9821428571428571,0.9938271604938271,0.02975177764892578,0.9821428571428571,0.9938271604938271,2.414017677307129,2.414017677307129,0.0
966,0.02975177764892578,0.04009664484432766,0.9821428571428571,0.9938271604938271,0.04009664484432766,0.9821428571428571,0.9938271604938271,2.063372850418091,2.063372850418091,0.0
967,0.040096644312143326,0.026514327951839993,1.0,1.0,0.026514327951839993,1.0,1.0,3.660794258117676,3.660794258117676,0.0
968,0.0265143271535635,0.04018622211047581,0.9821428571428571,0.9833333333333334,0.04018622211047581,0.9821428571428571,0.9833333333333334,1.2139310836791992,1.2139310836791992,0.0
969,0.04018622264266014,0.05397239327430725,0.9821428571428571,0.9833333333333334,0.05397239327430725,0.9821428571428571,0.9833333333333334,3.1878502368927,3.1878502368927,0.0
970,0.05397239327430725,0.03441023187977927,0.9821428571428571,0.9833333333333334,0.03441023187977927,0.9821428571428571,0.9833333333333334,4.247775554656982,4.247775554656982,0.0
971,0.034410230815410614,0.029576516577175686,0.9821428571428571,0.9938271604938271,0.029576516577175686,0.9821428571428571,0.9938271604938271,2.517658233642578,2.517658233642578,0.0
972,0.029576515778899193,0.04054121460233416,0.9821428571428571,0.9938271604938271,0.04054121460233416,0.9821428571428571,0.9938271604938271,2.229130506515503,2.229130506515503,0.0
973,0.040541213005781174,0.026221756424222673,1.0,1.0,0.026221756424222673,1.0,1.0,3.8199636936187744,3.8199636936187744,0.0
974,0.026221755892038345,0.0393878093787602,0.9821428571428571,0.9833333333333334,0.0393878093787602,0.9821428571428571,0.9833333333333334,1.3124182224273682,1.3124182224273682,0.0
975,0.03938781097531319,0.05282655358314514,0.9821428571428571,0.9833333333333334,0.05282655358314514,0.9821428571428571,0.9833333333333334,3.1408023834228516,3.1408023834228516,0.0
976,0.05282655358314514,0.03373258241585323,0.9821428571428571,0.9833333333333334,0.03373258241585323,0.9821428571428571,0.9833333333333334,4.204158306121826,4.204158306121826,0.0
977,0.0337325818836689,0.029576535735811506,0.9821428571428571,0.9938271604938271,0.029576535735811506,0.9821428571428571,0.9938271604938271,2.4302427768707275,2.4302427768707275,0.0
978,0.029576536267995834,0.04050119859831674,0.9821428571428571,0.9938271604938271,0.04050119859831674,0.9821428571428571,0.9938271604938271,2.238708734512329,2.238708734512329,0.0
979,0.040501199662685394,0.02632016156400953,1.0,1.0,0.02632016156400953,1.0,1.0,3.8030402660369873,3.8030402660369873,0.0
980,0.026320161297917366,0.038229248353413174,0.9821428571428571,0.9833333333333334,0.038229248353413174,0.9821428571428571,0.9833333333333334,1.33275306224823,1.33275306224823,0.0
981,0.03822924941778183,0.050929780517305644,0.9821428571428571,0.9833333333333334,0.050929780517305644,0.9821428571428571,0.9833333333333334,2.9626078605651855,2.9626078605651855,0.0
982,0.050929781049489975,0.03287966123649052,0.9821428571428571,0.9833333333333334,0.03287966123649052,0.9821428571428571,0.9833333333333334,4.0719685554504395,4.0719685554504395,0.0
983,0.03287966176867485,0.029795917017119273,0.9821428571428571,0.9938271604938271,0.029795917017119273,0.9821428571428571,0.9938271604938271,2.2775068283081055,2.2775068283081055,0.0
984,0.029795916751027107,0.04067310690879822,0.9821428571428571,0.9938271604938271,0.04067310690879822,0.9821428571428571,0.9938271604938271,2.2589800357818604,2.2589800357818604,0.0
985,0.04067310690879822,0.026402205228805542,1.0,1.0,0.026402205228805542,1.0,1.0,3.793761730194092,3.793761730194092,0.0
986,0.026402205228805542,0.03728470632008144,0.9821428571428571,0.9833333333333334,0.03728470632008144,0.9821428571428571,0.9833333333333334,1.362884759902954,1.362884759902954,0.0
987,0.03728470578789711,0.04968184658459255,0.9821428571428571,0.9833333333333334,0.04968184658459255,0.9821428571428571,0.9833333333333334,2.852412462234497,2.852412462234497,0.0
988,0.04968184605240822,0.0321501578603472,0.9821428571428571,0.9833333333333334,0.0321501578603472,0.9821428571428571,0.9833333333333334,3.9975571632385254,3.9975571632385254,0.0
989,0.032150156795978546,0.029814232672963823,0.9821428571428571,0.9938271604938271,0.029814232672963823,0.9821428571428571,0.9938271604938271,2.2018134593963623,2.2018134593963623,0.0
990,0.029814232140779495,0.04078433769089835,0.9821428571428571,0.9938271604938271,0.04078433769089835,0.9821428571428571,0.9938271604938271,2.2964675426483154,2.2964675426483154,0.0
991,0.040784336626529694,0.02619641806398119,1.0,1.0,0.02619641806398119,1.0,1.0,3.829395294189453,3.829395294189453,0.0
992,0.026196418330073357,0.036919636385781426,0.9821428571428571,0.9833333333333334,0.036919636385781426,0.9821428571428571,0.9833333333333334,1.3841345310211182,1.3841345310211182,0.0
993,0.03691963478922844,0.049618542194366455,0.9821428571428571,0.9833333333333334,0.049618542194366455,0.9821428571428571,0.9833333333333334,2.8767316341400146,2.8767316341400146,0.0
994,0.049618542194366455,0.03198570651667459,0.9821428571428571,0.9833333333333334,0.03198570651667459,0.9821428571428571,0.9833333333333334,4.036627292633057,4.036627292633057,0.0
995,0.03198570758104324,0.02932379501206534,0.9821428571428571,0.9938271604938271,0.02932379501206534,0.9821428571428571,0.9938271604938271,2.2462687492370605,2.2462687492370605,0.0
996,0.029323795810341835,0.040065152304513116,0.9821428571428571,0.9938271604938271,0.040065152304513116,0.9821428571428571,0.9938271604938271,2.244957447052002,2.244957447052002,0.0
997,0.04006515070796013,0.025862340416227068,1.0,1.0,0.025862340416227068,1.0,1.0,3.7860822677612305,3.7860822677612305,0.0
998,0.02586233988404274,0.03665700129100254,0.9821428571428571,0.9833333333333334,0.03665700129100254,0.9821428571428571,0.9833333333333334,1.3668745756149292,1.3668745756149292,0.0
999,0.036657001823186874,0.04920164602143424,0.9821428571428571,0.9833333333333334,0.04920164602143424,0.9821428571428571,0.9833333333333334,2.8922226428985596,2.8922226428985596,0.0
1000,0.04920164495706558,0.031506204179355075,0.9821428571428571,0.9833333333333334,0.031506204179355075,0.9821428571428571,0.9833333333333334,4.049472332000732,4.049472332000732,0.0
