source,stratum,state_id,intervention,argmax_action,argmax_name,policy_entropy,top1_probability,logits,probabilities,js_from_normal,argmax_changed_from_normal
bc_validation,phase:approach,validation:18300:46,normal,1,forward,2.081492851233697,0.3230150043964386,"[-0.5476693, 2.1001258, 0.2563673, 0.3460697, 1.7470198, -1.5793284, -1.1884786, 0.5099198, 0.7347599, -1.4646062, -0.6582521, 0.3763539, -0.722071, 0.133652]","[0.0228718, 0.323015, 0.051108, 0.0559044, 0.2269189, 0.0081518, 0.0120504, 0.0658575, 0.0824616, 0.0091428, 0.0204774, 0.0576233, 0.0192114, 0.0452058]",,
bc_validation,phase:approach,validation:18300:46,zero,1,forward,2.1739976400522814,0.2955440580844879,"[-0.9197791, 1.904013, 0.185154, 0.3910884, 1.3973354, -1.4139647, -1.1726276, 0.750814, 0.9710159, -1.3283688, -0.4217407, -0.0757559, -0.7958537, 0.234578]","[0.0175495, 0.2955441, 0.0529823, 0.065098, 0.1780635, 0.0107064, 0.0136287, 0.0932812, 0.116259, 0.0116632, 0.0288775, 0.040815, 0.0198648, 0.0556667]",0.006314675238866536,False
bc_validation,phase:approach,validation:18300:46,earlier_same_episode,1,forward,2.0359365907375797,0.34436917304992676,"[-0.6182688, 2.2088082, 0.4012423, 0.4921247, 1.7887061, -1.6343048, -1.2787924, 0.6166891, 0.5505995, -1.4513903, -0.6253889, 0.3097432, -0.8534533, 0.0634239]","[0.0203817, 0.3443692, 0.0564948, 0.0618697, 0.2262436, 0.0073787, 0.0105288, 0.070077, 0.0655954, 0.0088597, 0.0202371, 0.051555, 0.0161102, 0.0402991]",0.001123800972409248,False
bc_validation,phase:approach,validation:18300:46,foreign_diagnostic_state,4,turn_right,2.2971073168626828,0.2727048397064209,"[-0.4957759, 0.9067616, -0.4149645, -0.6158108, 1.70083, -0.5389168, -0.2978036, 0.3030722, 0.5085312, -2.0556736, 0.4057894, 0.546432, -0.980867, 0.8117142]","[0.0303193, 0.1232632, 0.0328712, 0.0268899, 0.2727048, 0.0290391, 0.036957, 0.0673991, 0.0827721, 0.0063718, 0.0746902, 0.0859695, 0.0186658, 0.1120869]",0.05158413634834636,True
bc_validation,phase:approach,validation:18300:77,normal,1,forward,1.722780865718676,0.531807005405426,"[-1.0655781, 2.9010499, 0.3533018, 1.0822656, 0.9109152, -1.6188244, -1.6141286, 0.6322607, 1.2579517, -0.6001114, -0.700056, -0.2595372, -0.8726434, -0.2498502]","[0.0100709, 0.531807, 0.041618, 0.0862713, 0.0726858, 0.0057916, 0.0058188, 0.0550087, 0.1028408, 0.0160405, 0.0145149, 0.0225491, 0.0122141, 0.0227686]",,
bc_validation,phase:approach,validation:18300:77,zero,1,forward,2.144621995352898,0.3059169054031372,"[-0.8901655, 1.9612294, 0.2036489, 0.355303, 1.4978263, -1.4284296, -1.2079265, 0.7330617, 0.9092153, -1.2777996, -0.3747056, -0.0806549, -0.8813933, 0.1714313]","[0.0176709, 0.3059169, 0.0527589, 0.0613986, 0.1924642, 0.0103156, 0.0128605, 0.0895812, 0.1068365, 0.0119925, 0.0295883, 0.0397031, 0.0178266, 0.0510863]",0.040171454993462176,False
bc_validation,phase:approach,validation:18300:77,earlier_same_episode,1,forward,1.7868969351702961,0.5021139979362488,"[-1.0613619, 2.7908909, 0.2790977, 1.082377, 0.8761141, -1.552905, -1.5586504, 0.5996515, 1.341629, -0.6395934, -0.7044686, -0.2452325, -0.7943446, -0.2081608]","[0.0106608, 0.502114, 0.0407328, 0.0909503, 0.0739989, 0.006521, 0.0064837, 0.0561254, 0.117868, 0.0162541, 0.0152331, 0.0241119, 0.0139237, 0.0250225]",0.0006045382339242427,False
bc_validation,phase:approach,validation:18300:77,foreign_diagnostic_state,4,turn_right,2.3033457017929773,0.26468798518180847,"[-0.3137996, 0.616092, -0.6468987, -0.8702977, 1.6771094, -0.4198646, -0.110157, 0.2777354, 0.430857, -2.0957494, 0.5256026, 0.7058165, -0.9479995, 0.9928139]","[0.0361488, 0.0916094, 0.0259078, 0.0207209, 0.264688, 0.032511, 0.0443133, 0.0653121, 0.0761191, 0.0060842, 0.0836838, 0.1002091, 0.0191718, 0.1335207]",0.19534546157682697,True
bc_validation,phase:approach,validation:18300:121,normal,1,forward,0.9357210673204781,0.7967923879623413,"[-0.6685658, 4.1376376, 0.902577, 0.6190364, 1.3968407, -2.2848213, -2.3021028, 1.0909472, 0.2059438, -0.0796862, -0.8267058, -0.2696265, -1.7020577, -0.9505786]","[0.0065168, 0.7967924, 0.03136, 0.0236176, 0.0514082, 0.0012945, 0.0012723, 0.0378603, 0.0156254, 0.0117432, 0.0055636, 0.0097117, 0.0023184, 0.0049154]",,
bc_validation,phase:approach,validation:18300:121,zero,1,forward,1.9873634734288408,0.3624074459075928,"[-0.5766637, 2.2418087, 0.1661864, 0.2073899, 1.783309, -1.6145204, -1.5254775, 0.8563561, 0.5083711, -1.1316084, -0.2952329, -0.0043261, -1.2665132, -0.1563153]","[0.0216347, 0.3624074, 0.0454743, 0.0473871, 0.2291254, 0.0076633, 0.0083769, 0.0906782, 0.0640287, 0.0124205, 0.0286664, 0.0383454, 0.0108531, 0.0329386]",0.10928603683877433,False
bc_validation,phase:approach,validation:18300:121,earlier_same_episode,1,forward,1.7148359468514478,0.4420827329158783,"[-0.3254845, 2.7578704, 0.3938728, 0.2374393, 2.2663035, -1.9516318, -1.7656293, 0.7792783, 0.1628969, -1.0327357, -0.4864509, 0.2356974, -1.4728761, -0.4386542]","[0.0202497, 0.4420827, 0.041575, 0.0355545, 0.2704075, 0.0039828, 0.004797, 0.061124, 0.0330005, 0.0099831, 0.017239, 0.0354926, 0.0064286, 0.018083]",0.08130437288921896,False
bc_validation,phase:approach,validation:18300:121,foreign_diagnostic_state,1,forward,1.9873634734288408,0.3624074459075928,"[-0.5766637, 2.2418087, 0.1661864, 0.2073899, 1.783309, -1.6145204, -1.5254775, 0.8563561, 0.5083711, -1.1316084, -0.2952329, -0.0043261, -1.2665132, -0.1563153]","[0.0216347, 0.3624074, 0.0454743, 0.0473871, 0.2291254, 0.0076633, 0.0083769, 0.0906782, 0.0640287, 0.0124205, 0.0286664, 0.0383454, 0.0108531, 0.0329386]",0.10928603683877433,False
bc_validation,phase:approach,validation:18300:153,normal,1,forward,0.8355183048504357,0.8171483278274536,"[-0.4622998, 4.3915997, 0.8895338, 0.447325, 1.7235496, -2.5240593, -2.6249421, 1.4068301, -0.4216255, 0.4392373, -1.0046413, -0.4062397, -2.0593312, -1.4340439]","[0.006372, 0.8171483, 0.0246248, 0.0158243, 0.0566998, 0.0008107, 0.0007329, 0.0413078, 0.0066366, 0.0156968, 0.0037046, 0.0067395, 0.0012903, 0.0024113]",,
bc_validation,phase:approach,validation:18300:153,zero,1,forward,1.8257896355817855,0.3664492666721344,"[-0.2839878, 2.3506851, -0.1872789, 0.0793383, 2.1818876, -1.6259059, -1.78016, 0.8433823, 0.0218293, -0.7948368, -0.3453699, -0.0492533, -1.4951485, -0.5694246]","[0.02629, 0.3664493, 0.0289594, 0.0378077, 0.3095323, 0.0068707, 0.0058886, 0.0811709, 0.0356948, 0.0157736, 0.0247248, 0.0332456, 0.0078305, 0.0197618]",0.1232915564754747,False
bc_validation,phase:approach,validation:18300:153,earlier_same_episode,1,forward,0.971690663942371,0.7814671993255615,"[-0.341309, 4.0671921, 0.5972936, 0.5318257, 1.6680994, -2.3546119, -2.4746857, 1.0572261, -0.0890291, 0.2766098, -0.9335245, -0.3654936, -1.9411695, -1.289053]","[0.0095131, 0.7814672, 0.0243194, 0.0227783, 0.0709575, 0.0012704, 0.0011267, 0.0385211, 0.012243, 0.0176474, 0.0052617, 0.0092858, 0.0019209, 0.0036874]",0.0018596872326490429,False
bc_validation,phase:approach,validation:18300:153,foreign_diagnostic_state,4,turn_right,1.5496668900188695,0.4363642930984497,"[0.2659737, 2.6891153, 1.2078974, -1.0957595, 3.1883779, -2.3700411, -2.1114852, 2.1312954, -1.7676272, -0.7906184, -0.4992294, 0.2454906, -2.2774608, -1.0074786]","[0.0234782, 0.2648636, 0.0602195, 0.0060155, 0.4363643, 0.0016821, 0.0021785, 0.1516227, 0.0030724, 0.0081619, 0.010923, 0.0230022, 0.0018453, 0.0065707]",0.18619574636562092,True
bc_validation,phase:approach,validation:18300:184,normal,1,forward,1.1307995645028543,0.7177029252052307,"[-0.7047125, 3.9677083, 1.7583985, 0.5968007, 1.584054, -2.4249928, -2.6753719, 1.2070595, -0.9154934, 1.0468014, -0.78328, -1.14557, -1.9796722, -1.9543322]","[0.0067102, 0.7177029, 0.0787868, 0.0246592, 0.0661815, 0.0012012, 0.0009352, 0.0453952, 0.005435, 0.0386733, 0.0062032, 0.0043179, 0.0018751, 0.0019232]",,
bc_validation,phase:approach,validation:18300:184,zero,1,forward,2.349455255101918,0.21512968838214874,"[0.0910035, 1.2355138, -0.2011438, -0.0739988, 1.111003, -1.2907041, -1.4369018, 0.6742455, -0.1857275, -0.4068523, 0.0221753, -0.3966362, -0.6792294, -0.6967589]","[0.0684929, 0.2151297, 0.0511408, 0.0580746, 0.1899442, 0.017202, 0.0148623, 0.1227283, 0.0519354, 0.0416322, 0.0639373, 0.0420597, 0.0317057, 0.0311548]",0.17327510720709427,False
bc_validation,phase:approach,validation:18300:184,earlier_same_episode,1,forward,1.0756048468083435,0.7435896396636963,"[-0.5577496, 3.9802487, 1.4048691, 0.3455172, 1.3404763, -2.4262321, -2.5780642, 1.3975611, -0.7461438, 1.0126319, -0.8502807, -0.9609631, -1.8493768, -1.7492834]","[0.0079525, 0.7435896, 0.0566057, 0.0196241, 0.0530756, 0.0012275, 0.0010546, 0.0561935, 0.006587, 0.0382396, 0.0059356, 0.0053136, 0.0021855, 0.0024156]",0.0019226171897262327,False
bc_validation,phase:approach,validation:18300:184,foreign_diagnostic_state,4,turn_right,1.572033425475537,0.5642075538635254,"[0.6022431, 1.5015892, 0.9404747, -1.2696338, 3.0251544, -1.9941863, -1.6816994, 1.1887212, -1.5469521, -0.4863169, -0.3640184, 0.0022639, -1.5181462, -0.9089618]","[0.0500244, 0.1229597, 0.0701575, 0.0076955, 0.5642076, 0.0037288, 0.0050966, 0.0899262, 0.0058317, 0.0168433, 0.0190344, 0.0274545, 0.0060022, 0.0110376]",0.256654541309598,True
bc_validation,phase:approach,validation:18301:32,normal,1,forward,1.0038009223930568,0.7776718139648438,"[-0.3982963, 4.035058, 0.9378093, 0.0835436, 1.1122068, -2.6329157, -2.2919726, 1.178622, 0.1557546, 1.0017669, -1.2703241, -0.6178329, -1.4193282, -0.8306776]","[0.0092345, 0.7776718, 0.03513, 0.0149512, 0.0418233, 0.0009884, 0.00139, 0.0446953, 0.0160708, 0.0374503, 0.003861, 0.0074143, 0.0033265, 0.0059929]",,
bc_validation,phase:approach,validation:18301:32,zero,1,forward,2.141022231655936,0.30048486590385437,"[-0.2674773, 1.8751736, -0.0695039, -0.1226149, 1.5923055, -1.6557001, -1.4617881, 0.8097548, 0.3602579, -0.3071681, -0.3825293, -0.2235724, -1.0134623, 0.0008543]","[0.0352599, 0.3004849, 0.0429794, 0.0407562, 0.2264512, 0.008798, 0.0106807, 0.1035421, 0.0660546, 0.0338878, 0.0314279, 0.0368425, 0.0167226, 0.0461122]",0.13766885852885086,False
bc_validation,phase:approach,validation:18301:32,earlier_same_episode,1,forward,1.2413338692801115,0.6756389737129211,"[-0.1268697, 3.7052743, 1.4087527, -0.2097763, 1.9845203, -2.6189144, -2.2943091, 0.9689963, -0.5990435, 0.4985179, -1.1049424, -0.5077369, -1.911357, -0.9754242]","[0.0146364, 0.675639, 0.0679748, 0.0134719, 0.1208929, 0.001211, 0.0016754, 0.0437889, 0.0091279, 0.0273551, 0.0055038, 0.0100006, 0.0024572, 0.0062649]",0.01590341127208132,False
bc_validation,phase:approach,validation:18301:32,foreign_diagnostic_state,4,turn_right,1.5679352008934269,0.517047643661499,"[0.0840325, 2.1617932, 1.4593863, -1.2919011, 3.1518056, -2.2122753, -1.663868, 1.3241183, -1.3493476, -0.2023384, -0.5637962, -0.0423117, -1.756588, -0.4307942]","[0.0240555, 0.1921205, 0.0951748, 0.0060765, 0.5170476, 0.0024207, 0.004189, 0.0831335, 0.0057373, 0.0180653, 0.0125853, 0.0212003, 0.0038181, 0.0143756]",0.2342774731831202,True
bc_validation,phase:approach,validation:18303:31,normal,1,forward,1.0805383081125863,0.7620216608047485,"[-0.3752264, 3.8392951, 0.8510921, 0.1130788, 1.0430481, -2.4978096, -2.0616214, 0.838352, 0.4005167, 0.4870166, -1.0451373, -0.360775, -1.3551586, -0.5380346]","[0.0112622, 0.7620217, 0.038389, 0.0183524, 0.0465128, 0.0013483, 0.0020856, 0.0379031, 0.0244639, 0.0266742, 0.0057635, 0.0114262, 0.0042271, 0.0095701]",,
bc_validation,phase:approach,validation:18303:31,zero,1,forward,2.128549465673471,0.32339662313461304,"[-0.4124173, 1.9846736, 0.0205129, -0.0261357, 1.489192, -1.6905715, -1.349643, 0.8517368, 0.5504131, -0.6785571, -0.2738467, -0.1609205, -1.0786394, 0.1423356]","[0.0294234, 0.3233966, 0.045364, 0.0432964, 0.1970383, 0.0081959, 0.0115255, 0.1041615, 0.0770627, 0.0225481, 0.0337966, 0.0378369, 0.0151132, 0.0512411]",0.11261310616262163,False
bc_validation,phase:approach,validation:18303:31,earlier_same_episode,1,forward,1.499385911900458,0.4525654911994934,"[-0.2891986, 3.2586737, 1.6964674, -0.9375572, 2.8467774, -2.6903284, -2.1840787, 1.4597524, -0.8685799, -0.107325, -0.79919, -0.221834, -1.8477492, -0.8446331]","[0.0130275, 0.4525655, 0.0948907, 0.0068121, 0.2997762, 0.0011805, 0.0019585, 0.0748893, 0.0072986, 0.015626, 0.007823, 0.0139353, 0.0027415, 0.0074755]",0.08577982365378323,False
bc_validation,phase:approach,validation:18303:31,foreign_diagnostic_state,4,turn_right,1.613896173486575,0.5050557851791382,"[-0.2125636, 2.0977402, 1.4465934, -1.0825676, 3.0286341, -2.0395627, -1.4361957, 0.9754668, -0.8786103, -0.4194035, -0.4656663, -0.0184127, -1.672544, -0.1969623]","[0.0197563, 0.1990936, 0.1038168, 0.0082769, 0.5050558, 0.0031787, 0.0058115, 0.0648127, 0.0101495, 0.0160648, 0.0153385, 0.0239896, 0.0045882, 0.0200669]",0.21656066904477317,True
bc_validation,phase:approach,validation:18303:63,normal,1,forward,1.1822287498495658,0.7251928448677063,"[-0.7025072, 3.7407596, 0.9521331, 0.0361001, 1.1548051, -2.310596, -2.0440307, 1.2185245, 0.4727201, 0.495358, -1.1070671, -0.4125776, -1.3496264, -0.5798186]","[0.0085264, 0.7251928, 0.0446034, 0.017846, 0.0546245, 0.0017076, 0.0022292, 0.0582185, 0.0276161, 0.0282484, 0.0056894, 0.0113942, 0.004464, 0.0096394]",,
bc_validation,phase:approach,validation:18303:63,zero,1,forward,2.1276653013743667,0.294118195772171,"[-0.6666819, 1.9140567, 0.0940557, -0.0815187, 1.6577487, -1.4095453, -1.2594831, 0.9553751, 0.5765702, -0.7689546, -0.3863758, -0.0750776, -1.0410659, 0.1489694]","[0.0222701, 0.2941182, 0.0476547, 0.0399811, 0.2276191, 0.010595, 0.0123104, 0.1127643, 0.0772074, 0.020105, 0.0294752, 0.0402394, 0.0153154, 0.0503448]",0.11171776651432694,False
bc_validation,phase:approach,validation:18303:63,earlier_same_episode,1,forward,1.1263598065987839,0.7429676055908203,"[-0.7059324, 3.8231471, 0.9663373, 0.1154298, 1.1034194, -2.3269107, -2.0634277, 1.2236526, 0.3939807, 0.5140864, -1.0975481, -0.4042168, -1.3922178, -0.6180095]","[0.0080171, 0.7429676, 0.0426848, 0.0182276, 0.0489561, 0.001585, 0.0020628, 0.0552108, 0.0240825, 0.0271558, 0.0054192, 0.0108405, 0.0040361, 0.0087539]",0.0002565097998400869,False
bc_validation,phase:approach,validation:18303:63,foreign_diagnostic_state,4,turn_right,1.6596425707475235,0.4973733723163605,"[0.0520096, 1.8925382, 1.1289177, -1.1905138, 2.9914508, -2.0192814, -1.3855985, 1.5641577, -1.0217688, -0.8716735, -0.7343728, 0.4104582, -1.5592481, -0.1036447]","[0.0263087, 0.1657413, 0.0772315, 0.0075941, 0.4973734, 0.0033155, 0.0062482, 0.1193485, 0.0089901, 0.010446, 0.0119833, 0.0376506, 0.0052522, 0.0225164]",0.2188654565624344,True
bc_validation,phase:contact,validation:18300:192,normal,1,forward,1.1575222253425075,0.6808158755302429,"[-1.1818987, 3.9624426, 2.4673102, 1.3663836, 1.1086856, -2.0159144, -2.437324, 0.3176181, -0.9137881, 0.836592, -0.1762706, -1.4939898, -2.033267, -2.2359943]","[0.0039707, 0.6808159, 0.1526518, 0.0507663, 0.0392337, 0.0017245, 0.0011315, 0.017787, 0.0051917, 0.0298875, 0.0108545, 0.0029062, 0.0016948, 0.0013838]",,
bc_validation,phase:contact,validation:18300:192,zero,1,forward,2.4137577974360367,0.23787501454353333,"[-0.1650426, 1.2715129, 0.1978184, 0.1711604, 0.2887226, -1.0797237, -1.1754571, 0.3621984, -0.0352685, -0.7347687, 0.4572239, -0.5243365, -0.4655699, -0.6760468]","[0.0565537, 0.237875, 0.0812923, 0.0791538, 0.0890284, 0.0226579, 0.0205894, 0.0958161, 0.0643904, 0.0319913, 0.1053677, 0.039484, 0.0418739, 0.0339261]",0.1741235027503192,False
bc_validation,phase:contact,validation:18300:192,earlier_same_episode,1,forward,1.0136741999413186,0.7570483684539795,"[-0.709359, 4.1039371, 1.9066401, 0.4169807, 1.0374656, -2.4327724, -2.5465431, 1.3750627, -0.7930211, 0.7290427, -0.5943137, -1.0153772, -1.8387043, -1.8409359]","[0.006148, 0.7570484, 0.0841104, 0.0189626, 0.0352673, 0.0010972, 0.0009792, 0.0494298, 0.0056546, 0.0259075, 0.0068976, 0.0045272, 0.0019873, 0.0019829]",0.01431143512665041,False
bc_validation,phase:contact,validation:18300:192,foreign_diagnostic_state,4,turn_right,1.791432657156029,0.40636447072029114,"[-0.2778953, 1.6388942, 1.811814, -0.7680415, 2.4950609, -1.4906145, -1.5064034, 0.5065139, -1.2890685, -0.5593599, 0.0846992, -0.3799391, -1.5570085, -1.2724574]","[0.0253884, 0.1726185, 0.2052038, 0.0155514, 0.4063645, 0.0075502, 0.0074319, 0.0556289, 0.0092361, 0.0191601, 0.0364845, 0.0229255, 0.0070652, 0.0093908]",0.19907974127202854,True
bc_validation,phase:contact,validation:18300:344,normal,1,forward,1.9272518911058052,0.37407922744750977,"[-0.6030793, 2.3405716, 1.5664686, 0.8802534, 1.080971, -1.0176557, -1.3509258, -0.5830522, -1.4557948, -0.0634689, 1.2616389, -1.0076395, -1.7033268, -1.3643652]","[0.0197039, 0.3740792, 0.1724944, 0.0868471, 0.1061515, 0.0130168, 0.0093275, 0.0201025, 0.0083989, 0.0337989, 0.1271713, 0.0131478, 0.0065572, 0.009203]",,
bc_validation,phase:contact,validation:18300:344,zero,1,forward,2.4875287493612426,0.20100483298301697,"[0.0223592, 1.0528306, 0.1800683, 0.0956315, 0.1313455, -0.8514692, -0.9846431, 0.0845307, -0.3185066, -0.3105698, 0.5175813, -0.4565214, -0.3692046, -0.5461247]","[0.0717263, 0.2010048, 0.083979, 0.0771792, 0.0799854, 0.029935, 0.0262025, 0.0763272, 0.0510085, 0.0514149, 0.117693, 0.0444328, 0.0484869, 0.0406246]",0.07084483951042723,False
bc_validation,phase:contact,validation:18300:344,earlier_same_episode,1,forward,1.705093696298114,0.3623722791671753,"[-1.2370425, 2.7285097, 2.5238264, 1.3230218, 1.691703, -1.4337806, -2.0067785, -0.1834077, -1.1357729, 0.4887335, 0.2472952, -1.3528146, -1.8598784, -1.9800128]","[0.0068697, 0.3623723, 0.2952991, 0.0888709, 0.1284918, 0.0056428, 0.0031816, 0.0197027, 0.0076018, 0.0385862, 0.0303094, 0.0061187, 0.0036851, 0.0032679]",0.02959297891538141,False
bc_validation,phase:contact,validation:18300:344,foreign_diagnostic_state,4,turn_right,1.8819973982342229,0.36972934007644653,"[0.4792323, 1.701679, 1.5270798, -1.3067675, 2.4250312, -1.7871132, -1.5486804, 1.3173361, -1.81958, -0.5631115, -0.144157, -0.0109775, -1.3927003, -1.062149]","[0.0528244, 0.1793643, 0.150629, 0.0088549, 0.3697293, 0.0054774, 0.0069522, 0.1221288, 0.0053024, 0.0186273, 0.0283204, 0.0323548, 0.0081258, 0.0113089]",0.12051421969404455,True
bc_validation,phase:contact,validation:18300:457,normal,1,forward,1.2519758725646417,0.6533326506614685,"[-1.0473076, 3.7412841, 2.2856266, 1.1652863, 1.0849891, -1.810039, -2.2154403, -0.0816621, -1.0305517, 1.0710433, 0.0451629, -1.4477781, -1.9550428, -2.0787187]","[0.0054385, 0.6533327, 0.1523878, 0.0497042, 0.0458691, 0.0025364, 0.0016911, 0.014284, 0.0055303, 0.0452338, 0.0162155, 0.0036438, 0.0021941, 0.0019388]",,
bc_validation,phase:contact,validation:18300:457,zero,1,forward,2.5026960888434155,0.19404742121696472,"[0.0261704, 1.0077089, 0.1581636, 0.0674628, 0.1921436, -0.8360533, -0.9626375, 0.0947083, -0.3115098, -0.2504156, 0.4271958, -0.4311898, -0.3572873, -0.5272946]","[0.0727162, 0.1940474, 0.0829765, 0.0757817, 0.0858445, 0.0307024, 0.0270519, 0.0778748, 0.0518774, 0.0551457, 0.1085911, 0.0460259, 0.0495562, 0.0418085]",0.18390058959758407,False
bc_validation,phase:contact,validation:18300:457,earlier_same_episode,1,forward,1.2477252654506763,0.6563860177993774,"[-1.0192897, 3.7372229, 2.2650735, 1.1323242, 1.07828, -1.7895579, -2.1928773, -0.1181953, -1.0745554, 1.0312762, 0.1140247, -1.4198898, -1.972585, -2.0644403]","[0.005642, 0.656386, 0.1505958, 0.0485139, 0.0459616, 0.0026116, 0.0017448, 0.0138922, 0.0053386, 0.0438512, 0.0175236, 0.0037797, 0.0021748, 0.0019839]",3.050670194003671e-05,False
bc_validation,phase:contact,validation:18300:457,foreign_diagnostic_state,4,turn_right,1.8521535535897045,0.3899635374546051,"[0.4389398, 1.7081327, 1.5445664, -1.3517036, 2.5001793, -1.7861027, -1.535676, 1.2464821, -1.8034574, -0.460164, -0.1915318, -0.0351279, -1.3990067, -1.0451931]","[0.0496408, 0.1766211, 0.1499708, 0.0082827, 0.3899635, 0.0053643, 0.0068909, 0.1113141, 0.005272, 0.0202006, 0.0264258, 0.0308997, 0.0079, 0.0112535]",0.2032675466626268,True
bc_validation,phase:contact,validation:18301:127,normal,1,forward,1.5291155613476066,0.5133841037750244,"[-0.8002548, 3.2746618, 0.7622828, -0.3443142, 1.9203192, -2.0626452, -1.8122497, 0.0681793, 0.6577152, 2.3356533, -1.5860026, -1.0891485, -1.1655473, -0.7958162]","[0.0087243, 0.5133841, 0.0416227, 0.0137639, 0.1325131, 0.0024688, 0.0031712, 0.0207915, 0.0374901, 0.2007411, 0.0039763, 0.0065353, 0.0060546, 0.0087631]",,
bc_validation,phase:contact,validation:18301:127,zero,4,turn_right,1.9875795427379646,0.3836611807346344,"[-0.3665415, 1.6495682, -0.1895475, -0.4730966, 2.2483439, -1.1622961, -1.1408213, -0.05054, 0.2057104, 0.9624171, -0.7166682, -0.5385985, -0.8595397, -0.0581668]","[0.0280749, 0.2108157, 0.0335108, 0.0252372, 0.3836612, 0.0126685, 0.0129435, 0.0385084, 0.0497558, 0.1060418, 0.0197815, 0.0236371, 0.0171479, 0.0382158]",0.09270862441790978,True
bc_validation,phase:contact,validation:18301:127,earlier_same_episode,1,forward,1.3545906018503362,0.6206997036933899,"[-0.7362159, 3.5883458, 0.9126986, -0.3576136, 1.8032653, -2.1262023, -1.8555588, 0.382587, 0.3764547, 2.0704441, -1.4025036, -1.0614873, -1.3868922, -0.9217621]","[0.0082177, 0.6206997, 0.0427428, 0.0119998, 0.1041432, 0.0020468, 0.002683, 0.0251558, 0.025002, 0.1360396, 0.0042207, 0.0059359, 0.0042871, 0.006826]",0.007456759677839038,False
bc_validation,phase:contact,validation:18301:127,foreign_diagnostic_state,4,turn_right,1.1407958489420102,0.7181271314620972,"[0.1254314, 1.9280447, 1.0664037, -1.5676442, 3.8010745, -1.6877036, -1.4479088, 0.5341642, -1.3311154, 0.6931741, -0.5569422, -0.2554323, -1.7663705, -0.6298375]","[0.0181924, 0.1103455, 0.0466175, 0.0033465, 0.7181271, 0.0029679, 0.0037722, 0.0273779, 0.0042395, 0.0320965, 0.0091947, 0.0124303, 0.0027434, 0.0085483]",0.22724496467218663,True
bc_validation,phase:contact,validation:18301:293,normal,4,turn_right,1.6789288652745173,0.4427044689655304,"[-1.3099014, 2.373595, 1.5808473, 1.0445724, 2.9950304, -1.255061, -1.5623716, -0.0821179, -0.3288582, 1.0328466, -1.0151224, -0.6192013, -1.921867, -0.7755308]","[0.0059773, 0.2378088, 0.1076321, 0.0629565, 0.4427045, 0.0063143, 0.0046436, 0.0204045, 0.0159429, 0.0622226, 0.0080265, 0.0119254, 0.0032414, 0.0101995]",,
bc_validation,phase:contact,validation:18301:293,zero,4,turn_right,1.7505178118172506,0.5519593954086304,"[-0.8226324, 1.1454482, 0.5194271, 0.2650649, 2.8181217, -0.5119591, -0.8479812, 0.0801986, -0.030849, -0.0353401, -0.4553927, -0.0681108, -1.2386676, 0.1140808]","[0.0144793, 0.1036273, 0.0554111, 0.0429664, 0.5519594, 0.0197547, 0.0141169, 0.0357143, 0.0319606, 0.0318174, 0.0209044, 0.0307916, 0.0095514, 0.0369451]",0.03914672376238337,False
bc_validation,phase:contact,validation:18301:293,earlier_same_episode,1,forward,1.641745269992378,0.45982107520103455,"[-1.2247156, 3.1085572, 1.4786726, 0.8492331, 2.4449906, -1.4613355, -1.6351786, 0.1676587, -0.239018, 1.3616383, -1.25682, -0.5882276, -1.929037, -0.7601755]","[0.0060349, 0.4598211, 0.0901029, 0.048015, 0.236813, 0.0047633, 0.0040032, 0.0242869, 0.0161717, 0.0801515, 0.0058443, 0.011405, 0.0029839, 0.0096033]",0.03552495426206938,True
bc_validation,phase:contact,validation:18301:293,foreign_diagnostic_state,4,turn_right,0.9008638383133669,0.798959493637085,"[-0.4433069, 1.4362124, 1.7719246, -1.1141009, 4.230289, -0.9904681, -1.1112379, 0.4831522, -1.4991704, 0.0495472, -0.5223673, 0.1795253, -1.9926617, -0.3323803]","[0.0074612, 0.0488734, 0.0683708, 0.0038149, 0.7989595, 0.004317, 0.0038259, 0.0188436, 0.0025957, 0.0122138, 0.006894, 0.0139091, 0.0015846, 0.0083365]",0.090132149895053,False
bc_validation,phase:contact,validation:18302:58,normal,1,forward,1.0091970022812138,0.7686949968338013,"[-0.7583064, 4.0739779, 1.1909142, -0.1116559, 1.6717674, -2.2776091, -2.1620226, 1.0309073, 0.0895673, 0.7224849, -1.0847182, -0.5231137, -1.7139546, -0.8425509]","[0.0061252, 0.768695, 0.0430185, 0.0116938, 0.0695804, 0.0013406, 0.0015049, 0.0366577, 0.0143003, 0.0269289, 0.0044194, 0.0077493, 0.0023555, 0.0056303]",,
bc_validation,phase:contact,validation:18302:58,zero,1,forward,1.9701334922864049,0.3367713391780853,"[-0.6252178, 2.1915348, 0.1399961, -0.1754589, 1.9959573, -1.4183882, -1.4218625, 0.8806394, 0.2643841, -0.4570059, -0.3278137, -0.1025962, -1.3022776, 0.0134677]","[0.0201389, 0.3367713, 0.0432876, 0.0315764, 0.2769471, 0.009111, 0.0090794, 0.0907863, 0.0490212, 0.0238281, 0.0271142, 0.033963, 0.0102327, 0.0381428]",0.11210528068095985,False
bc_validation,phase:contact,validation:18302:58,earlier_same_episode,1,forward,0.945753020295307,0.7884577512741089,"[-0.6959131, 4.1742973, 1.1747603, -0.1046117, 1.6100532, -2.3692923, -2.2022841, 1.1261587, -0.0191998, 0.6865975, -1.0420506, -0.5147235, -1.7249894, -0.8825516]","[0.0060489, 0.7884578, 0.0392732, 0.0109263, 0.0606934, 0.0011348, 0.0013411, 0.0374101, 0.0119005, 0.024104, 0.0042791, 0.0072504, 0.0021615, 0.005019]",0.0003819193519458007,False
bc_validation,phase:contact,validation:18302:58,foreign_diagnostic_state,4,turn_right,1.4397075271092,0.5543718338012695,"[-0.0909961, 2.4212968, 1.3948085, -1.3976905, 3.3980267, -2.0740821, -1.6827357, 1.3585273, -1.316893, -0.4848258, -0.5600894, 0.183924, -2.0059559, -0.5263866]","[0.0169254, 0.2087434, 0.074785, 0.0045819, 0.5543718, 0.0023297, 0.0034455, 0.0721204, 0.0049675, 0.0114156, 0.010588, 0.022281, 0.0024939, 0.0109509]",0.20565326937809378,True
bc_validation,phase:contact,validation:18302:262,normal,4,turn_right,1.9829898986501884,0.3979642391204834,"[1.3886209, -1.0583076, -0.5627445, -1.6310705, 2.4381511, -0.311143, 0.1967501, 0.6816714, -1.3600568, -2.4500141, 1.0943632, 1.0186251, -0.1768599, 0.2910062]","[0.1393281, 0.0120601, 0.0197957, 0.0068015, 0.3979642, 0.025459, 0.0423074, 0.0687091, 0.0089187, 0.0029988, 0.1038112, 0.0962391, 0.0291178, 0.0464891]",,
bc_validation,phase:contact,validation:18302:262,zero,4,turn_right,2.1913037265066055,0.36824825406074524,"[0.3728528, -0.0220666, 0.3030767, -0.6393685, 1.9226284, -0.8644165, -0.5678408, 0.5171807, -0.514062, -1.5740532, 0.490395, 0.0386403, -0.5432177, -0.3609205]","[0.0781775, 0.0526709, 0.0729085, 0.0284105, 0.3682483, 0.0226852, 0.0305171, 0.0903155, 0.0322032, 0.0111571, 0.0879285, 0.0559674, 0.0312779, 0.0375325]",0.03245982174297156,False
bc_validation,phase:contact,validation:18302:262,earlier_same_episode,4,turn_right,2.0012637352777127,0.3183988332748413,"[-0.1271573, 1.4029971, 1.5760331, 0.162699, 2.1486604, -1.4759568, -1.4883081, 1.3685876, -0.8659003, -0.889104, -0.1075816, -0.2931648, -1.3942592, -1.2552016]","[0.0327037, 0.1510546, 0.1795902, 0.0436998, 0.3183988, 0.0084883, 0.0083841, 0.1459453, 0.015623, 0.0152647, 0.0333502, 0.0277013, 0.0092109, 0.0105851]",0.1459759452322225,False
bc_validation,phase:contact,validation:18302:262,foreign_diagnostic_state,4,turn_right,1.523857926371337,0.563450813293457,"[1.2195474, 0.4775311, 1.1201353, -2.4593709, 3.3064494, -1.5746863, -0.8613609, 2.0493031, -2.0430107, -1.5767391, 0.0413802, 0.776873, -1.1467085, -0.313806]","[0.0699079, 0.0332868, 0.0632924, 0.0017652, 0.5634508, 0.0042757, 0.0087257, 0.1602818, 0.0026768, 0.0042669, 0.0215206, 0.044903, 0.0065596, 0.0150869]",0.07046720370561753,False
bc_validation,phase:contact,validation:18303:135,normal,7,attack,0.6155500705997525,0.8637756109237671,"[-0.4601623, 2.4687839, 1.8416944, -0.0115903, 1.722162, -2.5570858, -2.5751791, 5.1734061, -1.4890441, 0.0596554, -1.5086141, -0.7046797, -1.9822192, -1.5497764]","[0.0030887, 0.0577828, 0.0308643, 0.0048371, 0.027387, 0.0003794, 0.0003726, 0.8637756, 0.0011039, 0.0051943, 0.0010825, 0.0024187, 0.0006741, 0.0010389]",,
bc_validation,phase:contact,validation:18303:135,zero,7,attack,1.5252692174208378,0.6037910580635071,"[-0.5524786, 0.6246645, 0.0027289, -0.1306268, 1.5637848, -1.2887925, -1.2659746, 3.014704, -0.2258601, -0.8048372, -0.769477, -0.1678658, -0.8355367, -0.3144391]","[0.0170482, 0.055323, 0.0297032, 0.0259948, 0.1415013, 0.008164, 0.0083524, 0.6037911, 0.0236335, 0.0132459, 0.0137226, 0.0250446, 0.0128454, 0.0216301]",0.06872920139282249,False
bc_validation,phase:contact,validation:18303:135,earlier_same_episode,7,attack,1.1338532409409314,0.7304728031158447,"[-0.5546897, 1.7366194, 0.227376, -0.0474843, 1.0569767, -2.047941, -1.8864957, 3.7748401, 0.3182766, 0.2684101, -1.8661525, -0.4317729, -0.7273193, -0.7043973]","[0.0096231, 0.0951516, 0.0210358, 0.0159805, 0.0482226, 0.0021617, 0.0025405, 0.7304728, 0.0230376, 0.021917, 0.0025927, 0.0108817, 0.0080973, 0.0082851]",0.024237391412161906,False
bc_validation,phase:contact,validation:18303:135,foreign_diagnostic_state,7,attack,1.0753414959942629,0.6926633715629578,"[0.3417827, 1.1265267, 1.1851467, -1.4156435, 2.7221043, -2.1391726, -1.6808249, 4.0824866, -2.0761342, -0.7839949, -0.8776575, 0.0881094, -1.6607779, -0.6813968]","[0.016442, 0.0360384, 0.0382141, 0.0028361, 0.1777116, 0.0013756, 0.0021754, 0.6926634, 0.0014651, 0.0053338, 0.0048569, 0.0127581, 0.0022195, 0.0059101]",0.04384882976553469,False
bc_validation,phase:pickup,validation:18301:341,normal,7,attack,1.28341394448433,0.4394160509109497,"[-0.762035, 3.616643, 2.0301561, -0.0226269, 1.1189212, -2.6808918, -2.4953341, 3.7128394, -0.503765, 0.0174999, -1.4822949, -0.7084868, -1.6607071, -1.3809265]","[0.0050057, 0.3991153, 0.0816763, 0.0104854, 0.0328361, 0.0007347, 0.0008845, 0.4394161, 0.0064808, 0.0109147, 0.0024359, 0.005281, 0.0020379, 0.0026958]",,
bc_validation,phase:pickup,validation:18301:341,zero,1,forward,2.2448918124504553,0.23100645840168,"[-0.9269672, 1.5328904, 0.3601772, -0.1669732, 0.9087091, -1.3925577, -1.1733454, 1.3116573, 0.9896361, -1.3121499, -0.3495764, -0.0793451, -0.7880867, -0.0532025]","[0.0197388, 0.2310065, 0.0715025, 0.0422068, 0.1237501, 0.0123913, 0.0154284, 0.1851586, 0.1341812, 0.0134288, 0.0351625, 0.0460722, 0.0226797, 0.0472925]",0.1373654025990729,True
bc_validation,phase:pickup,validation:18301:341,earlier_same_episode,8,forward_attack,1.5211499631586907,0.6339910626411438,"[-0.6634712, 0.3654344, -0.7800605, -0.4296766, -0.2567368, -0.8546941, -0.8815365, 0.9669176, 3.0315342, -0.9607782, -0.8399095, 0.0501459, 0.45837, 0.1918888]","[0.015753, 0.0440769, 0.0140194, 0.0199021, 0.0236595, 0.0130111, 0.0126665, 0.0804325, 0.6339911, 0.0117016, 0.0132049, 0.0321575, 0.0483696, 0.0370545]",0.4055340977406377,True
bc_validation,phase:pickup,validation:18301:341,foreign_diagnostic_state,7,attack,1.8382431001318023,0.27793020009994507,"[-0.0839859, 1.9828931, 1.549502, -1.7338533, 2.2656016, -2.1835673, -1.5162562, 2.3307884, -0.9951646, -1.1920346, -0.7281592, 0.4497703, -1.5159554, -0.29866]","[0.0248435, 0.1962668, 0.1272411, 0.0047718, 0.2603907, 0.0030435, 0.0059318, 0.2779302, 0.0099883, 0.0082034, 0.0130452, 0.0423662, 0.0059336, 0.0200438]",0.09982226734800306,False
bc_validation,phase:pickup,validation:18301:371,normal,1,forward,1.4294155943748144,0.5348159670829773,"[-0.8969178, 3.4469235, 2.5363333, 0.3319358, 2.0029869, -1.8453128, -2.2509685, 0.5132568, -1.3741195, 0.4886463, 0.0767489, -1.108019, -2.1219864, -2.1030252]","[0.0069454, 0.534816, 0.2151494, 0.0237346, 0.1262149, 0.0026904, 0.0017933, 0.0284531, 0.0043097, 0.0277614, 0.0183889, 0.0056236, 0.0020401, 0.0020792]",,
bc_validation,phase:pickup,validation:18301:371,zero,1,forward,2.4688332645547173,0.2113291174173355,"[0.0079001, 1.128523, 0.1763654, 0.1820986, 0.1033218, -0.7710572, -1.0202463, 0.0497522, -0.266834, -0.4794014, 0.6030084, -0.437427, -0.3308209, -0.5520266]","[0.0689095, 0.2113291, 0.0815535, 0.0820224, 0.0758089, 0.0316215, 0.0246468, 0.0718547, 0.0523556, 0.0423298, 0.1249486, 0.0441444, 0.0491105, 0.0393646]",0.16326241544978767,False
bc_validation,phase:pickup,validation:18301:371,earlier_same_episode,1,forward,1.1739100048028925,0.7208879590034485,"[-0.4499187, 3.6762424, 1.5329623, 0.7311029, 0.4307997, -2.0182257, -2.2550426, 0.7000749, -0.3003768, 0.7231376, -0.538615, -1.0612603, -1.4341334, -1.6807075]","[0.0116385, 0.720888, 0.0845382, 0.0379149, 0.0280795, 0.0024254, 0.001914, 0.0367565, 0.0135159, 0.0376141, 0.0106507, 0.0063153, 0.0043497, 0.0033992]",0.04235251979870837,False
bc_validation,phase:pickup,validation:18301:371,foreign_diagnostic_state,4,turn_right,1.9310173832367354,0.23523162305355072,"[0.5498169, 2.0009634, 1.7136415, -1.3360441, 2.0318596, -1.8814173, -1.6853276, 1.8485763, -2.1280684, -0.7383533, -0.0509523, 0.0098887, -1.470986, -0.9574653]","[0.0534383, 0.228075, 0.1711179, 0.0081065, 0.2352316, 0.0046987, 0.0057167, 0.1958379, 0.0036717, 0.0147369, 0.029305, 0.0311433, 0.0070832, 0.0118372]",0.09840091124275832,True
bc_validation,phase:pickup,validation:18301:402,normal,1,forward,1.6521628313989927,0.45781177282333374,"[-0.4451557, 2.8825366, 1.8987983, 0.2686577, 2.0218122, -1.6724451, -1.8761801, -0.2783793, -1.2508101, 0.1279553, 0.5495649, -0.9009532, -1.8542587, -1.8559507]","[0.0164244, 0.4578118, 0.1711807, 0.0335346, 0.1935883, 0.0048137, 0.0039265, 0.0194052, 0.0073383, 0.0291331, 0.044411, 0.0104121, 0.0040135, 0.0040067]",,
bc_validation,phase:pickup,validation:18301:402,zero,1,forward,2.4621511383433496,0.2078389972448349,"[0.3450283, 1.10927, -0.0156836, 0.1029113, 0.0656388, -0.9244686, -1.0495454, -0.0090462, -0.3178457, -0.5331388, 0.6445691, -0.3299396, -0.285081, -0.5875883]","[0.0967879, 0.207839, 0.0674786, 0.075975, 0.0731954, 0.0271948, 0.0239975, 0.0679279, 0.0498814, 0.0402196, 0.13059, 0.0492818, 0.0515428, 0.0380882]",0.13257019020765187,False
bc_validation,phase:pickup,validation:18301:402,earlier_same_episode,1,forward,1.1112847690376975,0.7175413966178894,"[-0.7134594, 3.8960083, 2.0987544, 0.9020814, 0.9932912, -1.9358778, -2.2542338, -0.3178882, -0.9207467, 0.9069088, 0.1159288, -1.2134844, -1.8362197, -2.0588636]","[0.0071446, 0.7175414, 0.118935, 0.0359419, 0.0393743, 0.0021042, 0.0015305, 0.0106115, 0.0058071, 0.0361158, 0.0163749, 0.0043333, 0.0023247, 0.0018607]",0.051359967825714906,False
bc_validation,phase:pickup,validation:18301:402,foreign_diagnostic_state,1,forward,2.4621511383433496,0.2078389972448349,"[0.3450283, 1.10927, -0.0156836, 0.1029113, 0.0656388, -0.9244686, -1.0495454, -0.0090462, -0.3178457, -0.5331388, 0.6445691, -0.3299396, -0.285081, -0.5875883]","[0.0967879, 0.207839, 0.0674786, 0.075975, 0.0731954, 0.0271948, 0.0239975, 0.0679279, 0.0498814, 0.0402196, 0.13059, 0.0492818, 0.0515428, 0.0380882]",0.13257019020765187,False
bc_validation,phase:pickup,validation:18301:457,normal,4,turn_right,0.9068524484778527,0.7898363471031189,"[0.0475496, 1.0658361, 2.0306919, -1.635812, 4.1815462, -1.2820212, -0.9967875, 0.5480455, -1.719806, -0.7463989, 0.0125562, 0.0416922, -1.640022, -0.9810626]","[0.0126522, 0.0350269, 0.0919249, 0.0023501, 0.7898363, 0.0033476, 0.0044526, 0.0208703, 0.0021608, 0.0057195, 0.0122171, 0.0125783, 0.0023402, 0.0045232]",,
bc_validation,phase:pickup,validation:18301:457,zero,4,turn_right,2.1828677062460464,0.3814821243286133,"[0.2910214, -0.077277, 0.4301549, -0.987662, 1.979187, -0.373094, -0.4397312, 0.0813465, -0.7165701, -1.0888684, 0.5834855, 0.0407973, -0.3972557, -0.2088857]","[0.0705201, 0.0487936, 0.0810472, 0.0196331, 0.3814821, 0.0362987, 0.0339587, 0.0571811, 0.0257467, 0.0177433, 0.0944776, 0.0549088, 0.0354322, 0.0427766]",0.12115988250221979,False
bc_validation,phase:pickup,validation:18301:457,earlier_same_episode,7,attack,1.5098719880419385,0.41231605410575867,"[-0.1085654, 2.1553714, 3.0137117, -1.0761378, 2.4365711, -1.8798394, -2.1386514, 3.4359834, -2.1993034, -0.3514935, -0.6545337, -0.4255923, -2.0515106, -1.509358]","[0.0119084, 0.1145691, 0.2702962, 0.0045252, 0.1517718, 0.0020258, 0.0015639, 0.4123161, 0.0014718, 0.0093401, 0.0068983, 0.008673, 0.0017062, 0.0029342]",0.2623466397494018,True
bc_validation,phase:pickup,validation:18301:457,foreign_diagnostic_state,4,turn_right,1.0866375132509434,0.7420351505279541,"[0.4449379, 0.785777, 1.846689, -1.9804738, 3.8933723, -1.2089738, -0.8284878, 0.8630628, -1.9823821, -0.9537624, 0.0953154, 0.2596087, -1.3305883, -0.6155304]","[0.0235933, 0.0331752, 0.0958432, 0.0020866, 0.7420352, 0.0045134, 0.0066031, 0.0358408, 0.0020827, 0.0058256, 0.0166322, 0.019602, 0.0039966, 0.0081702]",0.0033287311280691496,False
bc_validation,phase:pickup,validation:18302:302,normal,1,forward,1.3104312123054707,0.6257098913192749,"[-0.8167155, 3.6710474, 2.0833337, 1.9879549, 1.1411052, -2.0069978, -2.3467245, 0.181876, -1.2208879, 0.335416, -0.020088, -1.2471551, -2.1719046, -2.3415403]","[0.0070366, 0.6257099, 0.1278903, 0.116256, 0.0498463, 0.0021401, 0.0015237, 0.0191005, 0.0046971, 0.0222703, 0.0156075, 0.0045754, 0.0018147, 0.0015316]",,
bc_validation,phase:pickup,validation:18302:302,zero,1,forward,2.400554866316254,0.23154787719249725,"[0.168251, 1.2624753, -0.1308822, 0.4858933, 0.3709069, -1.0962098, -1.2163926, 0.3875454, -0.2282365, -0.98326, 0.4352714, -0.2664677, -0.5380837, -0.8564837]","[0.077522, 0.2315479, 0.0574795, 0.1065064, 0.0949375, 0.0218916, 0.0194125, 0.0965303, 0.0521474, 0.0245093, 0.101249, 0.0501914, 0.0382532, 0.027822]",0.1558161474602895,False
bc_validation,phase:pickup,validation:18302:302,earlier_same_episode,1,forward,1.3755674975627636,0.415435791015625,"[-0.2853497, 3.5712576, 2.2055161, 0.274554, 1.3745, -2.4147666, -2.7195015, 3.4766428, -1.6890305, -0.0086688, -0.7924665, -0.5862056, -2.0982022, -2.0492933]","[0.0087821, 0.4154358, 0.1060156, 0.0153732, 0.0461811, 0.0010443, 0.0007699, 0.3779316, 0.0021577, 0.0115814, 0.0052889, 0.0065004, 0.0014331, 0.001505]",0.13517098907983807,False
bc_validation,phase:pickup,validation:18302:302,foreign_diagnostic_state,4,turn_right,1.9447952076645163,0.3772289454936981,"[0.9701508, 1.3873174, 0.8547577, -0.9213434, 2.3248897, -1.8871912, -1.4720348, 1.3111987, -1.6913465, -1.2590996, -0.0976024, 0.3180716, -1.3034387, -0.9744306]","[0.0973306, 0.1477143, 0.0867231, 0.014682, 0.3772289, 0.0055888, 0.0084649, 0.1368878, 0.0067979, 0.0104737, 0.0334603, 0.0507055, 0.0100194, 0.0139229]",0.24354415344267777,True
bc_validation,phase:pickup,validation:18303:138,normal,1,forward,1.3426291926390053,0.6088060140609741,"[-0.8702898, 3.7261896, 1.9668317, 0.0894327, 1.5165112, -2.517468, -2.3353424, 2.2608583, -0.5232557, 0.7002335, -1.3298311, -0.8974359, -1.6874813, -1.4693313]","[0.0061412, 0.608806, 0.1048092, 0.0160345, 0.0668079, 0.0011827, 0.001419, 0.1406351, 0.008689, 0.029534, 0.0038786, 0.0059767, 0.0027124, 0.0033736]",,
bc_validation,phase:pickup,validation:18303:138,zero,7,attack,2.29661850973402,0.19561922550201416,"[-0.7382293, 1.1737649, 0.0885569, -0.3029487, 1.2860963, -1.2717712, -1.0290904, 1.2911687, 0.5505709, -0.6095316, -0.3334344, -0.2387609, -0.5559318, -0.2227743]","[0.0257072, 0.1739497, 0.0587657, 0.0397279, 0.1946295, 0.0150779, 0.0192192, 0.1956192, 0.0932769, 0.029238, 0.038535, 0.0423615, 0.0308479, 0.0430442]",0.15310571810602552,True
bc_validation,phase:pickup,validation:18303:138,earlier_same_episode,1,forward,1.8711345336718284,0.4297569990158081,"[-0.7956286, 2.6141336, 0.509774, -0.0458947, 0.7883765, -2.1220832, -1.7686882, 1.7137164, 1.0484376, 0.8380163, -1.5583003, -0.6593124, -0.5094699, -0.6641114]","[0.0142031, 0.429757, 0.0523976, 0.0300599, 0.069232, 0.0037697, 0.0053677, 0.1746533, 0.0897945, 0.0727554, 0.0066246, 0.0162773, 0.0189086, 0.0161994]",0.04727733285326199,False
bc_validation,phase:pickup,validation:18303:138,foreign_diagnostic_state,4,turn_right,1.5663343920197836,0.5398985743522644,"[-0.24138, 1.554876, 1.4830185, -1.4655821, 3.0888665, -1.9406387, -1.4393963, 1.6053896, -1.2000877, -0.5930733, -0.552475, 0.0891907, -1.6363984, -0.7493855]","[0.0193199, 0.1164417, 0.1083681, 0.0056799, 0.5398986, 0.003532, 0.0058306, 0.1224747, 0.007407, 0.0135915, 0.0141546, 0.0268887, 0.004788, 0.0116247]",0.209128546226299,True
bc_validation,phase:pickup,validation:18303:169,normal,1,forward,1.6516145234466528,0.3962654769420624,"[-1.520595, 2.8755066, 1.6545695, 2.5198028, 0.2701068, -1.9621068, -2.1637039, 1.5596169, -0.22622, -0.2463729, -0.5574834, -1.2292224, -1.5277981, -1.8327304]","[0.0048841, 0.3962655, 0.1168799, 0.2776554, 0.0292736, 0.0031408, 0.0025673, 0.1062925, 0.0178206, 0.0174651, 0.0127955, 0.0065362, 0.004849, 0.0035746]",,
bc_validation,phase:pickup,validation:18303:169,zero,7,attack,2.3230444128819725,0.21399453282356262,"[-0.6042954, 1.2114381, 0.1413988, -0.1540203, 0.4697023, -1.2921158, -1.0009106, 1.2964982, 0.6739314, -1.4526151, 0.0477458, -0.1871162, -0.5616153, -0.4617479]","[0.0319815, 0.1965448, 0.0674139, 0.0501707, 0.0936116, 0.0160761, 0.0215105, 0.2139945, 0.1148221, 0.0136923, 0.061387, 0.0485375, 0.033376, 0.0368813]",0.1458651398023979,True
bc_validation,phase:pickup,validation:18303:169,earlier_same_episode,1,forward,1.479855954717257,0.51487797498703,"[-0.931012, 3.3961091, 2.2956853, -0.2256943, 1.9125373, -2.402302, -2.3527279, 2.0240653, -0.8415926, -0.3155737, -0.6784853, -0.7266161, -1.8842944, -1.764558]","[0.0067992, 0.514878, 0.1713154, 0.013765, 0.1167877, 0.0015613, 0.0016407, 0.130567, 0.0074352, 0.0125817, 0.0087525, 0.0083412, 0.0026209, 0.0029543]",0.09637953423990117,False
bc_validation,phase:pickup,validation:18303:169,foreign_diagnostic_state,7,attack,2.3230444128819725,0.21399453282356262,"[-0.6042954, 1.2114381, 0.1413988, -0.1540203, 0.4697023, -1.2921158, -1.0009106, 1.2964982, 0.6739314, -1.4526151, 0.0477458, -0.1871162, -0.5616153, -0.4617479]","[0.0319815, 0.1965448, 0.0674139, 0.0501707, 0.0936116, 0.0160761, 0.0215105, 0.2139945, 0.1148221, 0.0136923, 0.061387, 0.0485375, 0.033376, 0.0368813]",0.1458651398023979,True
bc_validation,phase:pickup,validation:18303:200,normal,1,forward,1.2193027172879467,0.6787623763084412,"[-0.9607602, 3.7213871, 2.0630391, 1.1456202, 0.954035, -1.6385487, -2.0963552, -0.4871737, -0.7883129, 0.8930114, 0.149721, -1.3664823, -1.7389873, -1.9486179]","[0.0062847, 0.6787624, 0.1292726, 0.0516507, 0.0426454, 0.003191, 0.0020189, 0.0100917, 0.0074676, 0.0401208, 0.0190793, 0.0041887, 0.0028861, 0.0023403]",,
bc_validation,phase:pickup,validation:18303:200,zero,1,forward,2.4963700917969818,0.197259783744812,"[0.1296836, 1.0403754, 0.1180296, 0.0765466, 0.1308899, -0.7905293, -0.9329287, 0.0330499, -0.2310746, -0.5196644, 0.5177269, -0.4414867, -0.2052707, -0.4622959]","[0.0793469, 0.1972598, 0.0784276, 0.0752407, 0.0794427, 0.0316145, 0.0274185, 0.0720382, 0.0553165, 0.0414497, 0.1169648, 0.0448202, 0.0567625, 0.0438972]",0.18790887800742434,False
bc_validation,phase:pickup,validation:18303:200,earlier_same_episode,1,forward,1.1592765456656755,0.7256984710693359,"[-0.44758, 3.6694405, 1.5460875, 0.4075663, 0.5305728, -1.8922162, -2.1702433, 0.7868804, -0.5107616, 0.5433753, -0.2976049, -1.0267274, -1.4560584, -1.7387278]","[0.0118238, 0.7256985, 0.0868152, 0.0278062, 0.0314458, 0.0027884, 0.0021116, 0.0406328, 0.0110999, 0.031851, 0.013737, 0.0066258, 0.004313, 0.003251]",0.010978322033174203,False
bc_validation,phase:pickup,validation:18303:200,foreign_diagnostic_state,1,forward,1.6159085128913766,0.37432682514190674,"[-0.211222, 2.7391095, 1.754351, -0.9869682, 2.6330514, -1.9528452, -1.9142114, 0.2897192, -0.8767639, 0.1512865, -0.3081757, -0.5393977, -1.485402, -1.4457476]","[0.0195857, 0.3743268, 0.1398221, 0.0090165, 0.3366592, 0.0034321, 0.0035673, 0.0323217, 0.0100669, 0.0281432, 0.0177759, 0.0141063, 0.0054773, 0.0056989]",0.10307036002893552,False
bc_validation,phase:recovery,validation:18300:104,normal,1,forward,1.948362856933248,0.3247581720352173,"[-0.689458, 2.2545369, 0.7262946, -0.0008716, 2.1578736, -1.5331099, -1.344535, 0.2332543, 0.7314836, -0.908275, -0.5385043, 0.3622291, -1.2301455, 0.0607514]","[0.0171001, 0.3247582, 0.0704454, 0.0340446, 0.2948355, 0.0073554, 0.0088818, 0.0430257, 0.0708119, 0.0137394, 0.0198865, 0.0489487, 0.0099582, 0.0362086]",,
bc_validation,phase:recovery,validation:18300:104,zero,1,forward,2.1765570797674885,0.28182128071784973,"[-0.986808, 1.8765799, 0.4510936, 0.3559842, 1.5078411, -1.3071191, -1.227089, 0.5071252, 1.0640253, -0.9139401, -0.3330479, -0.0963706, -1.1432517, 0.2541717]","[0.016085, 0.2818213, 0.0677474, 0.0616009, 0.1949093, 0.0116765, 0.0126493, 0.0716518, 0.1250506, 0.0173008, 0.0309275, 0.0391861, 0.0137555, 0.0556379]",0.01611664245847607,False
bc_validation,phase:recovery,validation:18300:104,earlier_same_episode,1,forward,1.8021091775903204,0.4922243356704712,"[-1.2171208, 2.7970252, 0.7178953, 1.1107824, 0.8333191, -1.4448647, -1.58216, 0.3716245, 1.4203398, -0.1640057, -0.6545461, -0.3387715, -1.1494215, -0.2204824]","[0.0088888, 0.4922243, 0.0615472, 0.0911669, 0.0690775, 0.0070784, 0.0061703, 0.0435336, 0.1242442, 0.0254802, 0.0156014, 0.0213946, 0.0095114, 0.0240811]",0.06215587708675946,False
bc_validation,phase:recovery,validation:18300:104,foreign_diagnostic_state,4,turn_right,1.55685367166834,0.3839016854763031,"[-0.9710929, 2.8985379, 1.7300577, -0.2947966, 2.9490805, -2.029994, -1.7533953, 0.3441719, 0.0799409, -0.3303292, -0.8644654, -0.0766402, -1.7296351, -0.3861599]","[0.0076157, 0.3649805, 0.1134502, 0.0149769, 0.3839017, 0.0026414, 0.0034831, 0.0283741, 0.0217855, 0.0144541, 0.0084726, 0.018628, 0.0035668, 0.0136692]",0.025808887967536488,True
bc_validation,phase:recovery,validation:18300:275,normal,1,forward,1.2635228144343875,0.6482862234115601,"[-1.0826792, 3.7283428, 2.2894382, 1.3230629, 1.0039582, -1.7153047, -2.1994467, -0.1938338, -1.0728118, 0.9749781, 0.2476156, -1.4756181, -1.9797497, -2.0620813]","[0.0052768, 0.6482862, 0.1537654, 0.0585015, 0.0425189, 0.002803, 0.0017273, 0.0128347, 0.0053291, 0.0413043, 0.0199575, 0.0035622, 0.0021517, 0.0019816]",,
bc_validation,phase:recovery,validation:18300:275,zero,1,forward,2.4849845258473082,0.20130892097949982,"[0.0012353, 1.0591043, 0.2049393, 0.1450994, 0.1165867, -0.8465913, -0.9960461, 0.073972, -0.3096598, -0.3342511, 0.5327291, -0.4776337, -0.3543163, -0.5398028]","[0.0698934, 0.2013089, 0.0856848, 0.0807078, 0.0784391, 0.0299385, 0.0257824, 0.0751667, 0.0512173, 0.0499731, 0.1189217, 0.0432978, 0.0489804, 0.040688]",0.1764509843585637,False
bc_validation,phase:recovery,validation:18300:275,earlier_same_episode,4,turn_right,1.6641283087137355,0.327429860830307,"[-0.5523737, 2.540674, 2.273983, -0.1861531, 2.6469564, -1.8003823, -1.9049846, 0.5425187, -1.5193228, 0.012113, 0.1380005, -0.7906115, -1.9740252, -1.787123]","[0.0133557, 0.2944153, 0.2254955, 0.0192626, 0.3274299, 0.0038341, 0.0034533, 0.0399183, 0.0050784, 0.0234866, 0.0266374, 0.0105245, 0.0032229, 0.0038853]",0.11219974312942008,True
bc_validation,phase:recovery,validation:18300:275,foreign_diagnostic_state,1,forward,1.8447257526026353,0.3820452094078064,"[0.2484258, 2.3849447, 1.3854275, -0.5717528, 1.9265113, -2.011354, -1.816765, 0.1907484, -0.8437085, -0.0180996, -0.3307774, -0.4443381, -1.2650021, -1.223047]","[0.0451062, 0.3820452, 0.1406144, 0.0198627, 0.241557, 0.0047079, 0.0057192, 0.0425782, 0.0151331, 0.034553, 0.025275, 0.0225618, 0.0099303, 0.0103558]",0.08321890186681466,False
bc_validation,phase:recovery,validation:18301:97,normal,1,forward,1.7838791420237057,0.5152362585067749,"[-0.4979317, 2.7782042, 0.5374962, 0.0357865, 1.293575, -2.0854042, -1.556057, 0.7638125, 0.6610093, 0.2784568, -0.9085013, -0.275613, -1.1660095, -0.0796886]","[0.0194625, 0.5152363, 0.0548125, 0.0331887, 0.1167455, 0.0039789, 0.0067556, 0.0687333, 0.0620184, 0.0423039, 0.0129089, 0.0243081, 0.0099783, 0.0295692]",,
bc_validation,phase:recovery,validation:18301:97,zero,1,forward,2.155428642656328,0.28850018978118896,"[-0.6328037, 1.8659106, 0.0670165, -0.2730292, 1.5906687, -1.5165871, -1.1904664, 0.8877541, 0.6683917, -0.4584246, -0.4388259, -0.1052722, -0.9900825, 0.1944451]","[0.023712, 0.2885002, 0.0477415, 0.0339794, 0.2190837, 0.0097982, 0.0135762, 0.1084771, 0.0871104, 0.0282293, 0.028788, 0.0401858, 0.0165884, 0.0542298]",0.034387956111194135,False
bc_validation,phase:recovery,validation:18301:97,earlier_same_episode,8,forward_attack,1.7184162201207125,0.5543133616447449,"[-0.580677, 1.1786392, -0.7855208, -0.7022107, 0.693549, -1.2935976, -0.9767456, 0.2068307, 2.8330035, 0.2267403, -0.9278235, -0.1352849, 0.0273842, 0.3868412]","[0.0182479, 0.1059922, 0.0148679, 0.0161596, 0.0652532, 0.0089453, 0.0122801, 0.0401073, 0.5543134, 0.0409138, 0.0128958, 0.0284868, 0.0335189, 0.0480176]",0.20504465921223908,True
bc_validation,phase:recovery,validation:18301:97,foreign_diagnostic_state,1,forward,1.6844174101508342,0.4079374670982361,"[-0.0781015, 2.7392097, 1.0042514, -0.9026303, 2.4721241, -2.2980521, -1.7388912, 0.8021469, -0.1531062, -0.2163343, -0.946981, 0.0803722, -1.3841935, -0.4163769]","[0.024381, 0.4079375, 0.0719633, 0.0106896, 0.31232, 0.0026481, 0.0046321, 0.0587947, 0.0226192, 0.0212333, 0.0102259, 0.0285677, 0.0066042, 0.0173836]",0.03804604417481746,False
bc_validation,phase:recovery,validation:18301:168,normal,1,forward,1.5580045439563892,0.4886026680469513,"[-0.873723, 3.2158115, 0.8059366, -0.3704008, 1.8154938, -2.0168514, -1.787194, 0.0357252, 0.8160181, 2.4575763, -1.6511598, -1.1540902, -1.086383, -0.7421817]","[0.0081826, 0.4886027, 0.0438895, 0.0135358, 0.1204497, 0.0026088, 0.0032823, 0.0203171, 0.0443342, 0.2289067, 0.0037606, 0.006182, 0.0066151, 0.009333]",,
bc_validation,phase:recovery,validation:18301:168,zero,4,turn_right,2.021396094885721,0.3654373288154602,"[-0.4222967, 1.6257552, -0.110517, -0.5104113, 2.1778965, -1.147311, -1.122818, -0.0443399, 0.2398093, 1.0200428, -0.7239593, -0.5805489, -0.8192936, -0.0340867]","[0.0271371, 0.210388, 0.0370653, 0.0248482, 0.3654373, 0.013143, 0.0134689, 0.0396012, 0.0526153, 0.1148057, 0.0200703, 0.0231652, 0.0182452, 0.0400093]",0.09170645462156878,True
bc_validation,phase:recovery,validation:18301:168,earlier_same_episode,8,forward_attack,2.0353954798421143,0.3198769688606262,"[-0.5058038, 0.635356, -0.6973251, -0.3967295, 1.7689415, -0.7543355, -0.69644, -1.193764, 2.177213, 1.4800133, -0.919045, -0.6419251, 0.1598082, 0.3836786]","[0.0218657, 0.0684483, 0.0180546, 0.0243856, 0.2126537, 0.0170541, 0.0180705, 0.0109897, 0.319877, 0.1592916, 0.0144642, 0.019083, 0.0425437, 0.0532183]",0.18856823852364485,True
bc_validation,phase:recovery,validation:18301:168,foreign_diagnostic_state,4,turn_right,1.4285758046967947,0.5569644570350647,"[0.0728835, 2.4582417, 0.9991617, -1.2197719, 3.3539844, -1.9249512, -1.6753001, -0.065876, -0.4530613, 1.2282819, -0.9844349, -0.6067508, -1.4007756, -0.6808769]","[0.0209345, 0.227411, 0.0528617, 0.0057474, 0.5569645, 0.0028393, 0.0036445, 0.0182222, 0.0123722, 0.0664732, 0.0072724, 0.0106097, 0.0047958, 0.0098517]",0.1321722375072849,True
bc_validation,phase:recovery,validation:18301:420,normal,10,fine_turn_left,1.2570125883148557,0.7148752212524414,"[0.8588071, -0.4345859, -0.7329461, -0.6990264, 0.3270625, 0.7111032, 0.4953931, -1.4307243, -1.3943207, -1.7293848, 3.5217538, 0.5758791, -0.4228079, 0.3003206]","[0.0498571, 0.0136777, 0.0101493, 0.0104995, 0.029295, 0.0430111, 0.0346656, 0.0050512, 0.0052385, 0.0037471, 0.7148752, 0.037571, 0.0138398, 0.028522]",,
bc_validation,phase:recovery,validation:18301:420,zero,10,fine_turn_left,2.222121487531584,0.37499234080314636,"[0.4532537, 0.2315577, -0.1347249, -0.1953493, 0.3186017, -0.2338343, -0.4468638, -0.4772451, -0.565331, -0.9912739, 1.9105054, -0.1760428, -0.3147601, -0.2280588]","[0.0873265, 0.0699624, 0.0485054, 0.0456522, 0.0763251, 0.0439286, 0.0355001, 0.0344378, 0.0315341, 0.0205966, 0.3749923, 0.0465421, 0.0405137, 0.0441831]",0.07714496031499407,False
bc_validation,phase:recovery,validation:18301:420,earlier_same_episode,1,forward,1.8716014299241612,0.3729335069656372,"[-0.6151494, 2.4927516, 1.5362189, 1.0578637, 1.1830482, -0.8868377, -1.3768208, -1.0561672, -1.2143871, -0.0278423, 1.790512, -1.0318958, -1.7775677, -1.5861528]","[0.0166681, 0.3729335, 0.1432896, 0.0888112, 0.1006548, 0.0127027, 0.0077821, 0.010724, 0.0091546, 0.0299883, 0.184779, 0.0109874, 0.0052126, 0.0063123]",0.27889027409637185,True
bc_validation,phase:recovery,validation:18301:420,foreign_diagnostic_state,4,turn_right,2.02489670331323,0.3481884300708771,"[0.8996571, 1.5424873, 0.7929577, -1.0499769, 2.1637423, -1.3907062, -1.2719597, 0.1660002, -1.2676451, -0.8900455, 0.8705225, 0.0752507, -1.1322112, -0.8966087]","[0.0983624, 0.1870711, 0.0884077, 0.0139995, 0.3481884, 0.0099572, 0.0112126, 0.0472287, 0.0112611, 0.0164275, 0.095538, 0.0431314, 0.0128944, 0.01632]",0.30198695540314147,True
bc_validation,phase:recovery,validation:18302:151,normal,4,turn_right,1.568161690981491,0.5955434441566467,"[-0.5126688, 1.237555, 1.2095112, -0.411499, 3.0898755, -1.404493, -1.2555884, 0.6710093, 0.0699074, -0.5800222, -0.6091436, 0.0480571, -1.3680127, -0.1092722]","[0.0162311, 0.0934245, 0.0908409, 0.0179592, 0.5955434, 0.0066533, 0.0077215, 0.0530168, 0.0290642, 0.0151739, 0.0147384, 0.028436, 0.0069004, 0.0242964]",,
bc_validation,phase:recovery,validation:18302:151,zero,4,turn_right,1.600040548214882,0.5931919813156128,"[-0.3617715, 0.7770756, 0.4462856, -1.0264105, 3.0088284, -1.0443507, -0.9273844, 1.228933, -0.1421528, -1.1194904, -0.2544939, 0.3853806, -1.2602115, 0.1957928]","[0.0203874, 0.0636733, 0.0457401, 0.0104885, 0.593192, 0.010302, 0.0115803, 0.1000453, 0.0253946, 0.0095563, 0.0226962, 0.0430374, 0.0083018, 0.0356049]",0.012020397105595076,False
bc_validation,phase:recovery,validation:18302:151,earlier_same_episode,1,forward,1.5335068149924205,0.4895608127117157,"[-0.6740581, 3.3427141, 1.8261607, -0.6856217, 2.4584811, -2.4709187, -2.0919118, 1.9412342, -0.7436943, 0.300198, -1.1838081, -0.3655717, -2.1066351, -0.7555436]","[0.0088175, 0.4895608, 0.1074424, 0.0087161, 0.2022037, 0.0014621, 0.0021359, 0.1205457, 0.0082244, 0.0233592, 0.0052962, 0.0120038, 0.0021047, 0.0081275]",0.14382410709958007,True
bc_validation,phase:recovery,validation:18302:151,foreign_diagnostic_state,4,turn_right,0.9128361750770606,0.7908654808998108,"[-0.0831902, 1.673562, 1.5357115, -1.8892496, 4.2899823, -1.9212223, -1.5484165, 1.4553341, -1.1222534, -0.638306, -0.6823094, 0.3547731, -1.8032334, -0.4263504]","[0.0099737, 0.0577837, 0.0503429, 0.0016387, 0.7908655, 0.0015871, 0.0023042, 0.0464548, 0.0035286, 0.005725, 0.0054785, 0.0154548, 0.0017859, 0.0070766]",0.030231344250764236,False
bc_validation,phase:recovery,validation:18302:224,normal,10,fine_turn_left,1.773704660148453,0.526578962802887,"[1.1153812, -0.6481268, -1.5078425, -0.0193532, -0.149747, 0.2867994, 0.5851494, -1.1233996, -0.7649273, -2.1335506, 2.8106186, 0.7660836, 0.0276312, 0.7370589]","[0.0966565, 0.016571, 0.0070142, 0.0310758, 0.0272768, 0.0422068, 0.0568793, 0.0103025, 0.0147443, 0.0037518, 0.526579, 0.0681606, 0.0325707, 0.0662107]",,
bc_validation,phase:recovery,validation:18302:224,zero,10,fine_turn_left,2.363534517305538,0.27129602432250977,"[0.2356678, 0.5001597, -0.2186251, -0.0971953, 0.7181547, -0.733278, -0.6654299, -0.173177, -0.1303349, -1.3120265, 1.4798203, -0.2514896, -0.5051391, -0.2777578]","[0.0781835, 0.101855, 0.0496384, 0.0560472, 0.1266649, 0.0296693, 0.0317521, 0.0519464, 0.0542203, 0.0166326, 0.271296, 0.0480336, 0.0372723, 0.0467883]",0.08654787025488626,False
bc_validation,phase:recovery,validation:18302:224,earlier_same_episode,1,forward,1.7719623121419614,0.4200255274772644,"[-0.4836011, 2.720118, 1.9282839, 1.3191769, 1.4425497, -1.677907, -1.6167706, -0.2777943, -1.4419448, -0.318942, 0.9952216, -0.9995834, -2.0200677, -1.6854317]","[0.0170576, 0.4200255, 0.1902771, 0.1034796, 0.1170671, 0.005167, 0.0054927, 0.0209555, 0.0065421, 0.0201108, 0.074845, 0.0101819, 0.0036698, 0.0051283]",0.3650044428502775,True
bc_validation,phase:recovery,validation:18302:224,foreign_diagnostic_state,4,turn_right,1.604966054927973,0.49879828095436096,"[0.296442, 2.1459868, 1.3990755, -1.0662119, 2.9978414, -2.0126536, -1.7167858, 0.7123991, -1.2181616, -0.7378621, 0.3302233, -0.1870391, -1.6041127, -1.2050548]","[0.0334751, 0.2127988, 0.10083, 0.008569, 0.4987983, 0.0033258, 0.0044708, 0.0507423, 0.007361, 0.0118995, 0.0346253, 0.0206419, 0.0050041, 0.0074581]",0.40166917336945684,True
bc_validation,phase:recovery,validation:18302:259,normal,10,fine_turn_left,2.393026968303545,0.20797991752624512,"[0.5016742, -0.2921866, -0.6687929, 1.0669274, -0.520802, 0.1915386, 0.0095274, -0.9405136, -0.1266367, -1.5369442, 1.291563, 0.5986869, 0.0042449, -0.0901899]","[0.0944011, 0.0426784, 0.0292853, 0.1661359, 0.0339564, 0.0692288, 0.0577086, 0.0223174, 0.0503622, 0.0122918, 0.2079799, 0.1040182, 0.0574045, 0.0522316]",,
bc_validation,phase:recovery,validation:18302:259,zero,10,fine_turn_left,2.537307613702556,0.14419452846050262,"[0.0268931, 0.2094695, 0.2151969, 0.5624734, 0.4811538, -0.5425893, -0.3549059, -0.5659558, -0.1095054, -0.95417, 0.7402194, -0.0914681, -0.3681508, -0.1831784]","[0.070657, 0.08481, 0.0852971, 0.1207132, 0.1112854, 0.039979, 0.0482327, 0.0390557, 0.0616479, 0.0264902, 0.1441945, 0.0627699, 0.0475981, 0.0572693]",0.034935992162314994,False
bc_validation,phase:recovery,validation:18302:259,earlier_same_episode,2,forward_jump,2.3057158068778856,0.1947093904018402,"[-0.0983102, 1.2220918, 1.3246323, 0.482944, 0.9313455, -0.878295, -1.0090666, 0.6885324, -1.1818379, -0.9035249, 0.6203771, 0.1135185, -1.2883921, -1.0314476]","[0.0469257, 0.1757333, 0.1947094, 0.0839163, 0.1313967, 0.0215114, 0.0188745, 0.10307, 0.0158796, 0.0209754, 0.0962793, 0.0579972, 0.0142746, 0.0184567]",0.1383384778996277,True
bc_validation,phase:recovery,validation:18302:259,foreign_diagnostic_state,4,turn_right,1.744419302935135,0.40660154819488525,"[0.249315, 2.0342076, 1.9406397, -0.7461272, 2.7305388, -2.0148411, -1.5110501, 0.907533, -1.5968966, -0.6218445, -0.1566224, 0.0645684, -1.6192312, -1.1062049]","[0.0340085, 0.2026545, 0.1845526, 0.0125682, 0.4066015, 0.0035341, 0.0058488, 0.0656822, 0.0053677, 0.0142314, 0.0226616, 0.0282718, 0.0052491, 0.0087678]",0.3214127990733529,True
bc_validation,phase:search,validation:18300:0,normal,4,turn_right,2.2301633901118647,0.3237285614013672,"[-0.8005204, 0.9640326, 0.4478764, 0.3320594, 1.939852, -0.9702777, -0.591457, 0.6383851, 0.5731444, -1.3459326, -0.2804779, 0.1478372, -0.9572043, 0.2969914]","[0.0208955, 0.1220079, 0.0728156, 0.0648523, 0.3237286, 0.0176331, 0.0257542, 0.088097, 0.082533, 0.0121111, 0.0351483, 0.053941, 0.0178651, 0.0626175]",,
bc_validation,phase:search,validation:18300:0,zero,4,turn_right,2.2301633901118647,0.3237285614013672,"[-0.8005204, 0.9640326, 0.4478764, 0.3320594, 1.939852, -0.9702777, -0.591457, 0.6383851, 0.5731444, -1.3459326, -0.2804779, 0.1478372, -0.9572043, 0.2969914]","[0.0208955, 0.1220079, 0.0728156, 0.0648523, 0.3237286, 0.0176331, 0.0257542, 0.088097, 0.082533, 0.0121111, 0.0351483, 0.053941, 0.0178651, 0.0626175]",0.0,False
bc_validation,phase:search,validation:18300:0,earlier_same_episode,4,turn_right,2.2301633901118647,0.3237285614013672,"[-0.8005204, 0.9640326, 0.4478764, 0.3320594, 1.939852, -0.9702777, -0.591457, 0.6383851, 0.5731444, -1.3459326, -0.2804779, 0.1478372, -0.9572043, 0.2969914]","[0.0208955, 0.1220079, 0.0728156, 0.0648523, 0.3237286, 0.0176331, 0.0257542, 0.088097, 0.082533, 0.0121111, 0.0351483, 0.053941, 0.0178651, 0.0626175]",0.0,False
bc_validation,phase:search,validation:18300:0,foreign_diagnostic_state,4,turn_right,1.4662429916603827,0.5384415984153748,"[-0.7204371, 2.3176363, 1.9323177, -0.6737853, 3.3465891, -2.0593767, -1.5541949, 1.01975, -0.8543835, -0.7294219, -0.6201552, 0.0640776, -1.8238422, -0.6701123]","[0.0092226, 0.1924288, 0.1308966, 0.009663, 0.5384416, 0.0024174, 0.0040064, 0.0525539, 0.0080664, 0.0091401, 0.0101954, 0.0202098, 0.0030595, 0.0096986]",0.08348452390352101,False
bc_validation,phase:search,validation:18300:23,normal,4,turn_right,1.701822567627895,0.55171138048172,"[-0.740607, 1.2275087, 0.9435199, 0.1868013, 2.9349461, -1.2128832, -0.9750655, 0.6542435, 0.1474407, -1.8776376, -0.4799014, 0.4396845, -1.0116669, 0.1687443]","[0.0139778, 0.1000418, 0.0753089, 0.0353352, 0.5517114, 0.0087163, 0.0110564, 0.0563917, 0.0339714, 0.0044837, 0.0181411, 0.0455023, 0.0106591, 0.0347029]",,
bc_validation,phase:search,validation:18300:23,zero,4,turn_right,1.9537624327978411,0.45263761281967163,"[-0.9193899, 1.0142407, 0.6333807, 0.0213387, 2.4914327, -1.0078571, -0.8529321, 0.8022142, 0.5727029, -1.7905704, -0.4637494, 0.1350338, -0.9298512, 0.3471654]","[0.0149434, 0.1033271, 0.0706007, 0.0382827, 0.4526376, 0.0136782, 0.0159702, 0.0835858, 0.0664442, 0.0062532, 0.0235685, 0.0428923, 0.0147879, 0.0530282]",0.008441929769416052,False
bc_validation,phase:search,validation:18300:23,earlier_same_episode,4,turn_right,1.5361958372524966,0.6097118854522705,"[-0.5172849, 1.1544856, 0.9615428, -0.3078108, 3.1763449, -1.4359206, -0.99713, 1.0301824, -0.1135625, -1.8606578, -0.5057811, 0.4617531, -1.1831607, 0.2346654]","[0.0151706, 0.0807314, 0.0665654, 0.0187057, 0.6097119, 0.006054, 0.0093887, 0.0712948, 0.0227162, 0.003959, 0.0153461, 0.0403824, 0.007795, 0.0321788]",0.004119625302040716,False
bc_validation,phase:search,validation:18300:23,foreign_diagnostic_state,4,turn_right,1.2108438522566325,0.6628705859184265,"[-0.6553861, 2.2296369, 1.9361105, -0.789936, 3.8500311, -2.0607777, -1.7738925, 1.1982121, -0.9325665, -1.2610782, -0.6486495, 0.1179792, -1.8227831, -0.5075711]","[0.007324, 0.1311295, 0.0977741, 0.006402, 0.6628706, 0.0017964, 0.0023933, 0.0467475, 0.005551, 0.0039967, 0.0073735, 0.0158715, 0.0022791, 0.0084908]",0.029681402214322496,False
bc_validation,phase:search,validation:18300:112,normal,1,forward,1.8770830339673856,0.3746280074119568,"[-0.6511167, 2.5269578, 0.8052022, 0.608941, 2.0230494, -2.0686116, -1.7815863, 1.4936956, -0.2120269, -0.5092182, -0.706424, 0.2274888, -1.9202797, -0.3855511]","[0.0156092, 0.374628, 0.0669655, 0.0550321, 0.226337, 0.0037824, 0.0050399, 0.1333092, 0.0242144, 0.0179889, 0.0147693, 0.0375797, 0.0043872, 0.020357]",,
bc_validation,phase:search,validation:18300:112,zero,1,forward,2.2026676992269976,0.2651984989643097,"[-0.8351963, 1.8076817, 0.327367, 0.9476784, 1.3140165, -1.4312433, -1.2795202, 1.1910391, 0.3738221, -0.8689868, -0.3760949, 0.0780241, -1.4732406, 0.0882622]","[0.0188705, 0.2651985, 0.0603502, 0.1122216, 0.1618732, 0.0103974, 0.0121009, 0.1431418, 0.0632199, 0.0182435, 0.0298654, 0.0470317, 0.0099698, 0.0475156]",0.023607433985996403,False
bc_validation,phase:search,validation:18300:112,earlier_same_episode,1,forward,1.8909441815484374,0.32576748728752136,"[-1.248233, 2.3847861, 0.7247407, 2.2800193, 0.5495009, -1.5208561, -1.7593583, 1.2347289, 0.6893368, -0.2073042, -0.6368731, -0.3580281, -1.5528916, -0.6226448]","[0.0086121, 0.3257675, 0.0619383, 0.2933649, 0.0519821, 0.0065571, 0.0051657, 0.1031441, 0.0597838, 0.0243881, 0.0158715, 0.0209758, 0.0063503, 0.0160989]",0.08231517801493446,False
bc_validation,phase:search,validation:18300:112,foreign_diagnostic_state,1,forward,2.2026676992269976,0.2651984989643097,"[-0.8351963, 1.8076817, 0.327367, 0.9476784, 1.3140165, -1.4312433, -1.2795202, 1.1910391, 0.3738221, -0.8689868, -0.3760949, 0.0780241, -1.4732406, 0.0882622]","[0.0188705, 0.2651985, 0.0603502, 0.1122216, 0.1618732, 0.0103974, 0.0121009, 0.1431418, 0.0632199, 0.0182435, 0.0298654, 0.0470317, 0.0099698, 0.0475156]",0.023607433985996403,False
bc_validation,phase:search,validation:18300:405,normal,4,turn_right,1.0876984741878317,0.712163507938385,"[-0.1182181, 1.4585474, 2.319524, -1.2242805, 4.0051303, -1.6568446, -1.3255402, 1.1956546, -2.0252943, -0.4426131, -0.1720467, -0.268771, -2.1416957, -1.3190719]","[0.0115301, 0.0557973, 0.1319867, 0.0038148, 0.7121635, 0.0024752, 0.0034475, 0.0428983, 0.0017124, 0.0083358, 0.0109258, 0.0099185, 0.0015242, 0.0034698]",,
bc_validation,phase:search,validation:18300:405,zero,4,turn_right,2.2207442639501123,0.36271536350250244,"[0.3751912, -0.11547, 0.3347054, -0.8186945, 1.8848417, -0.5583306, -0.437746, 0.4004341, -0.8303292, -0.8708931, 0.4068189, 0.0116222, -0.5926337, -0.2819313]","[0.0801555, 0.0490729, 0.0769751, 0.0242904, 0.3627154, 0.0315145, 0.0355532, 0.0822046, 0.0240094, 0.023055, 0.0827311, 0.0557233, 0.0304517, 0.0415478]",0.11894332534549061,False
bc_validation,phase:search,validation:18300:405,earlier_same_episode,1,forward,1.6302562746378373,0.35227125883102417,"[-0.9498351, 2.8308713, 2.5256293, 0.4941241, 2.4633336, -1.667842, -1.7818848, 0.183713, -1.4959574, 0.4490531, -0.0011363, -1.1752919, -2.2587335, -1.8640413]","[0.0080341, 0.3522713, 0.2596045, 0.034044, 0.2439257, 0.0039184, 0.0034961, 0.0249592, 0.0046533, 0.0325437, 0.0207468, 0.0064124, 0.0021702, 0.0032203]",0.14403312809026625,True
bc_validation,phase:search,validation:18300:405,foreign_diagnostic_state,4,turn_right,1.2596231417697228,0.6961414217948914,"[0.6816021, 1.1217443, 1.2473794, -1.5232565, 3.5260947, -1.5490242, -1.1538399, 0.8174991, -1.3668513, -0.7973118, -0.3340704, 0.1680416, -1.3243202, -0.8506864]","[0.0404902, 0.0628784, 0.0712958, 0.0044647, 0.6961414, 0.0043511, 0.0064599, 0.0463841, 0.0052206, 0.0092271, 0.0146639, 0.0242278, 0.0054474, 0.0087475]",0.012765291179613787,False
bc_validation,phase:search,validation:18301:2,normal,4,turn_right,1.045662754664567,0.7560329437255859,"[0.8271435, 0.5289835, -0.088196, -1.2055883, 3.8997078, -1.6463765, -1.0826124, 1.69205, -1.2669175, -2.0103996, -0.2154511, 0.996003, -1.4645913, -0.4850855]","[0.035006, 0.0259809, 0.0140157, 0.004585, 0.7560329, 0.0029506, 0.005185, 0.0831318, 0.0043123, 0.0020503, 0.012341, 0.0414455, 0.0035388, 0.0094243]",,
bc_validation,phase:search,validation:18301:2,zero,4,turn_right,1.4495580653868978,0.6469337940216064,"[0.1077202, 0.6153482, -0.1476627, -0.4973217, 3.1091928, -1.2567945, -1.1668868, 1.1076647, -0.4766591, -1.7257329, -0.1378509, 0.5007869, -1.3328165, -0.5369799]","[0.0321615, 0.0534314, 0.024913, 0.0175619, 0.6469338, 0.0082174, 0.0089905, 0.0874193, 0.0179285, 0.0051414, 0.0251586, 0.0476479, 0.0076159, 0.016879]",0.013032655896544123,False
bc_validation,phase:search,validation:18301:2,earlier_same_episode,4,turn_right,1.4495580653868978,0.6469337940216064,"[0.1077202, 0.6153482, -0.1476627, -0.4973217, 3.1091928, -1.2567945, -1.1668868, 1.1076647, -0.4766591, -1.7257329, -0.1378509, 0.5007869, -1.3328165, -0.5369799]","[0.0321615, 0.0534314, 0.024913, 0.0175619, 0.6469338, 0.0082174, 0.0089905, 0.0874193, 0.0179285, 0.0051414, 0.0251586, 0.0476479, 0.0076159, 0.016879]",0.013032655896544123,False
bc_validation,phase:search,validation:18301:2,foreign_diagnostic_state,4,turn_right,0.8012092075912939,0.8265740275382996,"[0.3977506, 1.5770916, 0.8183347, -1.2756888, 4.3887367, -2.1489828, -1.826427, 1.4356076, -1.2628027, -1.3120369, -0.4740829, 0.604104, -1.8338401, -0.9703057]","[0.0152763, 0.0496821, 0.0232635, 0.0028658, 0.826574, 0.0011967, 0.0016522, 0.0431275, 0.002903, 0.0027635, 0.0063883, 0.0187775, 0.00164, 0.0038894]",0.01277148716822992,False
bc_validation,phase:search,validation:18302:3,normal,4,turn_right,0.3898152617157469,0.9337514042854309,"[-0.2004731, 0.8367947, 1.0175941, -2.2394869, 5.2511373, -1.285542, -0.9935623, 0.9857267, -1.3073218, 0.1857335, -0.7385666, 0.0931119, -1.3493663, -0.1058656]","[0.0040052, 0.0113007, 0.0135403, 0.0005213, 0.9337514, 0.0013533, 0.0018121, 0.0131156, 0.0013241, 0.0058932, 0.0023385, 0.0053719, 0.0012696, 0.0044027]",,
bc_validation,phase:search,validation:18302:3,zero,4,turn_right,0.920477289313936,0.8182476162910461,"[-0.4715042, 0.302835, 0.1571546, -1.2272692, 3.9313149, -0.6336628, -0.5751028, 0.4788699, -0.4104606, 0.2321356, -0.662026, -0.0188004, -0.7307194, 0.2394994]","[0.0100176, 0.0217298, 0.018784, 0.0047048, 0.8182476, 0.008518, 0.0090318, 0.0259124, 0.0106482, 0.0202466, 0.0082798, 0.0157533, 0.0077302, 0.0203962]",0.018862828671025435,False
bc_validation,phase:search,validation:18302:3,earlier_same_episode,4,turn_right,0.920477289313936,0.8182476162910461,"[-0.4715042, 0.302835, 0.1571546, -1.2272692, 3.9313149, -0.6336628, -0.5751028, 0.4788699, -0.4104606, 0.2321356, -0.662026, -0.0188004, -0.7307194, 0.2394994]","[0.0100176, 0.0217298, 0.018784, 0.0047048, 0.8182476, 0.008518, 0.0090318, 0.0259124, 0.0106482, 0.0202466, 0.0082798, 0.0157533, 0.0077302, 0.0203962]",0.018862828671025435,False
bc_validation,phase:search,validation:18302:3,foreign_diagnostic_state,4,turn_right,0.4644953905982976,0.9142787456512451,"[-0.223458, 1.4718024, 1.4210351, -1.9475467, 5.1678615, -1.5160933, -1.2798511, 1.0394775, -1.681681, 0.1855952, -0.7154978, 0.0260772, -1.7667352, -0.4848864]","[0.0041654, 0.0226934, 0.0215701, 0.0007428, 0.9142787, 0.0011436, 0.0014483, 0.014728, 0.0009691, 0.0062706, 0.0025466, 0.005346, 0.0008901, 0.0032072]",0.0016190963043681429,False
bc_validation,phase:search,validation:18303:3,normal,4,turn_right,0.6352533460796441,0.8700812458992004,"[0.2879074, 1.136659, 0.992286, -2.3265474, 4.8085227, -1.6189858, -1.403983, 1.9349204, -1.5030189, -0.680137, -0.5163042, 0.4073799, -1.5391148, -0.4406646]","[0.0094685, 0.0221253, 0.0191509, 0.0006932, 0.8700812, 0.0014065, 0.0017438, 0.0491553, 0.0015794, 0.0035964, 0.0042366, 0.0106701, 0.0015234, 0.0045695]",,
bc_validation,phase:search,validation:18303:3,zero,4,turn_right,1.1446057904177367,0.7483111023902893,"[-0.1696441, 0.5791571, 0.1607378, -1.1210672, 3.5884175, -1.0613539, -1.0638242, 1.1184853, -0.4604782, -0.790835, -0.3204677, 0.2158346, -1.14186, -0.0863529]","[0.0174573, 0.0369128, 0.0242918, 0.0067418, 0.7483111, 0.0071567, 0.007139, 0.0633001, 0.0130518, 0.0093799, 0.0150133, 0.0256678, 0.0066031, 0.0189736]",0.017438744872214574,False
bc_validation,phase:search,validation:18303:3,earlier_same_episode,4,turn_right,1.1446057904177367,0.7483111023902893,"[-0.1696441, 0.5791571, 0.1607378, -1.1210672, 3.5884175, -1.0613539, -1.0638242, 1.1184853, -0.4604782, -0.790835, -0.3204677, 0.2158346, -1.14186, -0.0863529]","[0.0174573, 0.0369128, 0.0242918, 0.0067418, 0.7483111, 0.0071567, 0.007139, 0.0633001, 0.0130518, 0.0093799, 0.0150133, 0.0256678, 0.0066031, 0.0189736]",0.017438744872214574,False
bc_validation,phase:search,validation:18303:3,foreign_diagnostic_state,4,turn_right,1.1446057904177367,0.7483111023902893,"[-0.1696441, 0.5791571, 0.1607378, -1.1210672, 3.5884175, -1.0613539, -1.0638242, 1.1184853, -0.4604782, -0.790835, -0.3204677, 0.2158346, -1.14186, -0.0863529]","[0.0174573, 0.0369128, 0.0242918, 0.0067418, 0.7483111, 0.0071567, 0.007139, 0.0633001, 0.0130518, 0.0093799, 0.0150133, 0.0256678, 0.0066031, 0.0189736]",0.017438744872214574,False
bc_validation,phase:search,validation:18303:201,normal,1,forward,1.2358864070321458,0.6710047125816345,"[-0.9837563, 3.6992462, 2.0915043, 1.1689453, 0.9071406, -1.6304262, -2.0782773, -0.5285228, -0.7762257, 0.9187238, 0.1737961, -1.3854747, -1.6889435, -1.9090489]","[0.0062076, 0.6710047, 0.1344287, 0.0534355, 0.0411272, 0.0032515, 0.0020777, 0.0097865, 0.0076393, 0.0416064, 0.0197534, 0.0041539, 0.0030667, 0.0024608]",,
bc_validation,phase:search,validation:18303:201,zero,1,forward,2.50583306157621,0.1897500902414322,"[0.092799, 0.9970195, 0.1500309, 0.0539171, 0.0576469, -0.7581284, -0.8848034, -0.0247856, -0.1964945, -0.5132449, 0.561437, -0.4672686, -0.1286943, -0.4113484]","[0.0768217, 0.1897501, 0.0813466, 0.0738921, 0.0741682, 0.0328043, 0.0289013, 0.0682995, 0.0575235, 0.0419066, 0.122747, 0.0438783, 0.0615589, 0.0464019]",0.191242945980136,False
bc_validation,phase:search,validation:18303:201,earlier_same_episode,1,forward,1.612509450423626,0.5024775862693787,"[-0.3848437, 3.0231473, 1.9007463, -0.3618851, 1.7758019, -1.8226724, -2.0295212, 1.0335745, -1.009147, 0.1554055, -0.1389884, -0.7809548, -1.4816447, -1.6705631]","[0.0166359, 0.5024776, 0.1635551, 0.0170222, 0.1443449, 0.0039501, 0.003212, 0.0687157, 0.0089107, 0.0285543, 0.0212725, 0.0111948, 0.0055553, 0.004599]",0.04252895867376927,False
bc_validation,phase:search,validation:18303:201,foreign_diagnostic_state,1,forward,1.6452887398693952,0.4356958866119385,"[-0.0457001, 2.8425307, 1.7756643, -0.5266525, 2.2789338, -1.9664484, -1.917159, 0.5178283, -1.1881016, -0.067301, -0.2360665, -0.5702624, -1.5972114, -1.4059454]","[0.0242572, 0.4356959, 0.1499164, 0.0149957, 0.2479799, 0.0035536, 0.0037332, 0.0426165, 0.0077393, 0.0237388, 0.0200524, 0.0143558, 0.0051408, 0.0062243]",0.071414576468416,False
student_dev,early,student:11:18500:0,normal,10,fine_turn_left,2.568571440013661,0.13281577825546265,"[0.2919233, -0.215525, 0.216097, 0.2311501, 0.5424143, -0.1821617, 0.0884085, -0.6442423, -0.3065217, -0.7159416, 0.6787399, -0.0980556, -0.0348284, -0.0438944]","[0.0902106, 0.0543094, 0.0836231, 0.0848914, 0.1158895, 0.056152, 0.073599, 0.0353741, 0.0495857, 0.0329266, 0.1328158, 0.061079, 0.0650655, 0.0644783]",,
student_dev,early,student:11:18500:0,zero,10,fine_turn_left,2.568571440013661,0.13281577825546265,"[0.2919233, -0.215525, 0.216097, 0.2311501, 0.5424143, -0.1821617, 0.0884085, -0.6442423, -0.3065217, -0.7159416, 0.6787399, -0.0980556, -0.0348284, -0.0438944]","[0.0902106, 0.0543094, 0.0836231, 0.0848914, 0.1158895, 0.056152, 0.073599, 0.0353741, 0.0495857, 0.0329266, 0.1328158, 0.061079, 0.0650655, 0.0644783]",0.0,False
student_dev,early,student:11:18500:0,earlier_same_episode,10,fine_turn_left,2.568571440013661,0.13281577825546265,"[0.2919233, -0.215525, 0.216097, 0.2311501, 0.5424143, -0.1821617, 0.0884085, -0.6442423, -0.3065217, -0.7159416, 0.6787399, -0.0980556, -0.0348284, -0.0438944]","[0.0902106, 0.0543094, 0.0836231, 0.0848914, 0.1158895, 0.056152, 0.073599, 0.0353741, 0.0495857, 0.0329266, 0.1328158, 0.061079, 0.0650655, 0.0644783]",0.0,False
student_dev,early,student:11:18500:0,foreign_diagnostic_state,4,turn_right,1.6256575116778176,0.5101493000984192,"[0.1055593, 1.5474678, 1.9184155, -1.1058605, 2.9339428, -1.4048437, -1.0865437, 0.0921791, -0.9728534, -0.223274, -0.3620318, -0.1059075, -1.264165, -1.0049762]","[0.0301541, 0.1275143, 0.1847819, 0.0089791, 0.5101493, 0.0066587, 0.0091542, 0.0297533, 0.0102565, 0.0217038, 0.0188918, 0.0244066, 0.0076645, 0.0099322]",0.19536721362712078,True
student_dev,early,student:11:18500:55,normal,4,turn_right,2.4954131923657976,0.20304089784622192,"[0.549687, -0.735973, -0.3199244, -0.6821532, 1.119295, -0.0954011, 0.0147687, 0.1870151, -0.5612599, -0.562262, 0.0096266, 0.1367461, 0.0102327, 0.1323546]","[0.1148698, 0.0317578, 0.0481436, 0.0335139, 0.2030409, 0.0602626, 0.0672812, 0.0799281, 0.0378205, 0.0377827, 0.0669361, 0.0760095, 0.0669767, 0.0756764]",,
student_dev,early,student:11:18500:55,zero,4,turn_right,2.3141188006156876,0.3293066620826721,"[0.2337334, -0.2290671, 0.2926682, -0.8479333, 1.7363136, -0.2594483, -0.1731693, 0.2097635, -0.6854511, -0.6545814, 0.2156971, 0.0461768, -0.4123077, -0.0892502]","[0.0732889, 0.0461367, 0.077738, 0.0248471, 0.3293067, 0.0447561, 0.0487891, 0.0715531, 0.0292309, 0.0301473, 0.0719789, 0.0607552, 0.0384119, 0.0530601]",0.017972730410988125,False
student_dev,early,student:11:18500:55,earlier_same_episode,4,turn_right,2.497311007159111,0.20212775468826294,"[0.5388333, -0.7391608, -0.346531, -0.6666649, 1.1048852, -0.1509954, 0.0299722, 0.1972294, -0.5429361, -0.5444109, -0.0552333, 0.1165135, 0.0173776, 0.1377171]","[0.1147606, 0.0319718, 0.0473461, 0.0343757, 0.2021278, 0.057571, 0.0689918, 0.0815523, 0.0389033, 0.0388459, 0.0633568, 0.0752283, 0.0681283, 0.0768405]",6.770947908240244e-05,False
student_dev,early,student:11:18500:55,foreign_diagnostic_state,4,turn_right,1.0478680284600044,0.7671557664871216,"[0.3738455, 0.9359887, 1.332364, -1.6431706, 3.8178461, -1.2775029, -0.9059837, 0.5359272, -1.1805193, -0.5266029, -0.5669171, 0.1030573, -1.2487875, -0.556655]","[0.0245004, 0.0429842, 0.0638929, 0.0032598, 0.7671558, 0.004699, 0.0068132, 0.0288114, 0.0051775, 0.0099567, 0.0095632, 0.0186884, 0.0048358, 0.0096619]",0.20940208775753905,False
student_dev,early,student:11:18500:110,normal,4,turn_right,2.440719628185781,0.21176773309707642,"[0.7982805, -0.6283388, -0.4031286, -0.7869836, 1.2218785, -0.3693836, -0.1225839, 0.3896458, -0.5536605, -1.0726959, 0.1912585, 0.208206, 0.1086134, 0.2042129]","[0.1386416, 0.0332905, 0.0416992, 0.0284068, 0.2117677, 0.0431304, 0.0552036, 0.0921352, 0.0358718, 0.0213471, 0.0755557, 0.0768471, 0.0695625, 0.0765408]",,
student_dev,early,student:11:18500:110,zero,4,turn_right,2.2206815499385817,0.36459535360336304,"[0.4255084, -0.1890849, 0.351863, -0.9040474, 1.9126707, -0.5084546, -0.3500486, 0.3262245, -0.6991856, -1.0473366, 0.3979028, 0.0484895, -0.4096251, -0.1348379]","[0.0824033, 0.0445687, 0.0765528, 0.0218035, 0.3645954, 0.0323839, 0.0379424, 0.074615, 0.0267606, 0.0188928, 0.0801596, 0.0565207, 0.0357479, 0.0470532]",0.024473568177971142,False
student_dev,early,student:11:18500:110,earlier_same_episode,4,turn_right,2.4454493773501,0.20889459550380707,"[0.795447, -0.6133345, -0.3866884, -0.7668943, 1.2082276, -0.3302076, -0.1212879, 0.3663985, -0.5651529, -1.0975212, 0.243823, 0.2171023, 0.0958781, 0.1893848]","[0.138248, 0.0337935, 0.0423901, 0.028983, 0.2088946, 0.0448532, 0.0552746, 0.0900172, 0.0354616, 0.0208235, 0.0796327, 0.0775331, 0.0686815, 0.0754136]",5.670792455106491e-05,False
student_dev,early,student:11:18500:110,foreign_diagnostic_state,4,turn_right,1.1085041402911553,0.7513709664344788,"[0.6520174, 0.8044706, 1.2263008, -1.6371255, 3.723959, -1.3998435, -0.9345975, 0.5522774, -1.0776744, -0.8156412, -0.4687836, 0.1942647, -1.006248, -0.5354134]","[0.0348119, 0.0405449, 0.0618209, 0.0035283, 0.751371, 0.0044732, 0.0071231, 0.0315073, 0.0061735, 0.0080229, 0.0113493, 0.0220256, 0.0066306, 0.0106178]",0.1887174812190796,False
student_dev,early,student:11:18500:166,normal,4,turn_right,2.4956971996864583,0.19784753024578094,"[0.5960469, -0.7929112, -0.3694699, -0.6550632, 1.0929601, -0.1394129, 0.0368307, 0.1850834, -0.5565457, -0.577153, 0.0002698, 0.1368851, 0.0667817, 0.1443226]","[0.1203716, 0.0300128, 0.0458359, 0.0344488, 0.1978475, 0.0576923, 0.0688113, 0.0798077, 0.0380154, 0.03724, 0.0663409, 0.0760523, 0.0709034, 0.0766201]",,
student_dev,early,student:11:18500:166,zero,4,turn_right,2.324973253158224,0.32326042652130127,"[0.2974648, -0.2851038, 0.2384937, -0.8281146, 1.7106897, -0.2982271, -0.149039, 0.2078013, -0.6784309, -0.6679481, 0.2119786, 0.054396, -0.3561816, -0.0714977]","[0.0786678, 0.043933, 0.0741628, 0.0255249, 0.3232604, 0.0433602, 0.0503365, 0.0719211, 0.0296463, 0.0299587, 0.0722222, 0.0616926, 0.0409187, 0.0543949]",0.017708771645169465,False
student_dev,early,student:11:18500:166,earlier_same_episode,4,turn_right,2.4921910471032045,0.2001122534275055,"[0.5955235, -0.8001794, -0.3800684, -0.6859053, 1.1061704, -0.1527179, 0.0463703, 0.2191504, -0.5506904, -0.5439512, -0.0550988, 0.1347876, 0.0725484, 0.1467803]","[0.1200888, 0.0297411, 0.0452698, 0.0333415, 0.2001123, 0.0568258, 0.0693439, 0.0824225, 0.0381688, 0.0384269, 0.0626529, 0.0757543, 0.0711832, 0.0766683]",5.3088254430361474e-05,False
student_dev,early,student:11:18500:166,foreign_diagnostic_state,4,turn_right,1.0434172295056823,0.7503764033317566,"[0.1888648, 1.3963774, 1.7748477, -1.8052571, 3.9919484, -1.5169619, -1.2325999, 1.1406015, -1.5513378, -0.462444, -0.5704381, 0.052006, -1.5793823, -0.9189079]","[0.0167348, 0.0559805, 0.0817343, 0.0022782, 0.7503764, 0.0030394, 0.0040391, 0.0433466, 0.0029367, 0.0087249, 0.0078318, 0.0145943, 0.0028555, 0.0055274]",0.23224903164060745,False
student_dev,mid,student:11:18500:167,normal,4,turn_right,2.4983629765601374,0.19746124744415283,"[0.5963858, -0.7354916, -0.3355762, -0.6518309, 1.0889028, -0.1331719, 0.0132694, 0.1706715, -0.5750542, -0.5675547, 0.0180277, 0.1292707, 0.0258677, 0.1462245]","[0.1206659, 0.0318535, 0.0475159, 0.0346331, 0.1974612, 0.0581757, 0.0673504, 0.0788314, 0.0373968, 0.0376783, 0.0676716, 0.0756343, 0.0682043, 0.0769275]",,
student_dev,mid,student:11:18500:167,zero,4,turn_right,2.3268381696489526,0.3216010332107544,"[0.3001272, -0.2404828, 0.2703471, -0.8217815, 1.7069333, -0.2896573, -0.1717324, 0.1979772, -0.6997963, -0.6586791, 0.2287783, 0.0477544, -0.3890663, -0.0688976]","[0.0787679, 0.0458739, 0.0764568, 0.0256514, 0.321601, 0.0436726, 0.0491387, 0.0711191, 0.0289793, 0.0301957, 0.0733437, 0.0611991, 0.03954, 0.0544608]",0.017527515789886143,False
student_dev,mid,student:11:18500:167,earlier_same_episode,4,turn_right,2.492632588876736,0.20060907304286957,"[0.6057555, -0.7560033, -0.3483418, -0.6847541, 1.1113274, -0.1382148, 0.0266398, 0.2129375, -0.5722077, -0.5349242, -0.038391, 0.1371941, 0.0372513, 0.1506868]","[0.1209995, 0.0310012, 0.0466041, 0.0332907, 0.2006091, 0.0575018, 0.0678073, 0.081693, 0.0372564, 0.0386716, 0.0635381, 0.0757338, 0.0685307, 0.0767626]",6.830303671649248e-05,False
student_dev,mid,student:11:18500:167,foreign_diagnostic_state,4,turn_right,1.0218891123550893,0.7768913507461548,"[0.5083356, 0.7940646, 1.1701772, -1.7023128, 3.8703365, -1.2352465, -0.8725045, 0.8109023, -1.3009956, -0.7253306, -0.4971712, 0.2536088, -1.2113514, -0.5389901]","[0.0269316, 0.0358387, 0.0522031, 0.0029525, 0.7768914, 0.0047101, 0.0067697, 0.0364473, 0.0044104, 0.0078431, 0.0098532, 0.0208754, 0.004824, 0.0094496]",0.21251974322124795,False
student_dev,mid,student:11:18500:222,normal,4,turn_right,2.441502453548581,0.22760067880153656,"[0.6705322, -0.6744962, -0.3807579, -0.8094751, 1.3014829, -0.1986128, -0.0440185, 0.244183, -0.5284994, -0.9476954, 0.1642305, 0.2284294, 0.1474147, 0.225741]","[0.1211031, 0.0315513, 0.0423239, 0.0275674, 0.2276007, 0.0507797, 0.0592693, 0.0790668, 0.0365109, 0.0240087, 0.0729913, 0.077831, 0.0717742, 0.077622]",,
student_dev,mid,student:11:18500:222,zero,4,turn_right,2.19674803922564,0.3834536075592041,"[0.2896674, -0.2359806, 0.3625582, -0.9495372, 1.9750204, -0.3596358, -0.271996, 0.1858107, -0.6641361, -0.9432014, 0.3443633, 0.0614918, -0.3627952, -0.1058298]","[0.0710842, 0.042023, 0.0764591, 0.020587, 0.3834536, 0.0371351, 0.0405365, 0.0640721, 0.0273868, 0.0207179, 0.0750805, 0.056582, 0.0370179, 0.0478642]",0.024109394051422865,False
student_dev,mid,student:11:18500:222,earlier_same_episode,4,turn_right,2.44928792385496,0.2220178246498108,"[0.6583431, -0.6696885, -0.3774937, -0.7781112, 1.2650104, -0.207012, -0.0498519, 0.2232166, -0.5253802, -0.9929856, 0.2069396, 0.2149055, 0.1311825, 0.2160982]","[0.1210363, 0.0320744, 0.0429593, 0.0287787, 0.2220178, 0.0509444, 0.0596143, 0.0783326, 0.0370537, 0.0232141, 0.0770679, 0.0776843, 0.0714451, 0.077777]",5.957393218066371e-05,False
student_dev,mid,student:11:18500:222,foreign_diagnostic_state,4,turn_right,1.038008722165604,0.7411530017852783,"[0.0244096, 1.7372502, 1.9674441, -1.6968453, 4.1014485, -1.6226532, -1.4155952, 1.3192343, -1.7055298, -0.5872176, -0.4881518, 0.0251328, -1.7775064, -1.0913228]","[0.0125682, 0.0696867, 0.0877246, 0.0022477, 0.741153, 0.0024208, 0.0029777, 0.0458783, 0.0022283, 0.0068178, 0.0075278, 0.0125773, 0.0020735, 0.0041183]",0.22382279539068353,False
student_dev,mid,student:11:18500:277,normal,4,turn_right,2.4930399805188217,0.19958072900772095,"[0.6179797, -0.7345681, -0.3705611, -0.6812586, 1.1040543, -0.1256782, 0.0168059, 0.1645747, -0.5546197, -0.5934664, 0.0062941, 0.1545164, 0.0413895, 0.136143]","[0.1227493, 0.0317406, 0.0456774, 0.0334786, 0.1995807, 0.0583516, 0.0672872, 0.0780024, 0.0379984, 0.0365506, 0.0665836, 0.0772217, 0.0689619, 0.0758159]",,
student_dev,mid,student:11:18500:277,zero,4,turn_right,2.31654698755211,0.32750460505485535,"[0.3229325, -0.2459089, 0.2358375, -0.8461177, 1.731397, -0.2874505, -0.1671063, 0.1808776, -0.6799296, -0.6834366, 0.2155655, 0.0730652, -0.3716349, -0.0742901]","[0.0800809, 0.0453403, 0.0734014, 0.0248781, 0.3275046, 0.0434954, 0.0490578, 0.0694761, 0.0293759, 0.0292731, 0.0719284, 0.0623754, 0.0399836, 0.0538291]",0.017846661669323693,False
student_dev,mid,student:11:18500:277,earlier_same_episode,4,turn_right,2.489258028845584,0.2029535174369812,"[0.6177499, -0.7447286, -0.380672, -0.6863769, 1.1276581, -0.1225656, 0.0318776, 0.1921714, -0.5534787, -0.546783, -0.0451945, 0.1579442, 0.0544552, 0.1371286]","[0.1218839, 0.0312054, 0.0449094, 0.0330804, 0.2029535, 0.0581341, 0.067843, 0.0796379, 0.0377823, 0.0380361, 0.0628106, 0.0769583, 0.0693922, 0.0753729]",5.1937299844257456e-05,False
student_dev,mid,student:11:18500:277,foreign_diagnostic_state,4,turn_right,1.0200120925215852,0.7516107559204102,"[0.0471278, 1.6890054, 1.8345283, -1.7025586, 4.0970941, -1.5617336, -1.3340641, 1.2675136, -1.7677267, -0.4455397, -0.5088566, 0.0252959, -1.8526049, -1.0317268]","[0.0130953, 0.0676353, 0.07823, 0.0022763, 0.7516108, 0.0026206, 0.0032906, 0.0443733, 0.0021327, 0.0080011, 0.0075102, 0.0128125, 0.0019592, 0.0044522]",0.24070960992760615,False
student_dev,mid,student:11:18500:333,normal,4,turn_right,2.46510682936873,0.21237727999687195,"[0.6338239, -0.8372421, -0.3965434, -0.7636293, 1.2184286, -0.1195134, 0.0566284, 0.1574222, -0.4682775, -0.797425, 0.0532209, 0.1966871, 0.2599741, 0.2807271]","[0.1183634, 0.0271858, 0.042241, 0.0292625, 0.2123773, 0.0557246, 0.0664576, 0.0735053, 0.0393171, 0.0282901, 0.0662315, 0.0764489, 0.0814435, 0.0831514]",,
student_dev,mid,student:11:18500:333,zero,4,turn_right,2.245990751467921,0.3637970983982086,"[0.2733002, -0.3956956, 0.3123628, -0.9228801, 1.8934863, -0.2828722, -0.1466514, 0.1244479, -0.6056093, -0.8241738, 0.2345617, 0.065469, -0.2233707, -0.0011582]","[0.0719816, 0.0368706, 0.074849, 0.0217634, 0.3637971, 0.0412742, 0.0472976, 0.0620263, 0.0298893, 0.0240212, 0.0692464, 0.0584738, 0.0438046, 0.0547048]",0.022835541451832066,False
student_dev,mid,student:11:18500:333,earlier_same_episode,4,turn_right,2.4696104147165996,0.20996131002902985,"[0.6199692, -0.8187222, -0.3771313, -0.7491217, 1.198684, -0.1307882, 0.0447157, 0.1533206, -0.4750651, -0.8330231, 0.0906211, 0.1892997, 0.2323867, 0.2682684]","[0.1177082, 0.0279249, 0.0434282, 0.0299377, 0.2099613, 0.0555593, 0.0662182, 0.0738149, 0.0393767, 0.0275283, 0.0693288, 0.076519, 0.079888, 0.0828066]",3.699719232187053e-05,False
student_dev,mid,student:11:18500:333,foreign_diagnostic_state,4,turn_right,0.9672785155966541,0.7804959416389465,"[0.281517, 1.2342802, 1.6367159, -1.8734854, 4.0762067, -1.4278423, -1.1239728, 1.0120819, -1.4118706, -0.5914838, -0.5942077, 0.1130902, -1.3302889, -0.7581421]","[0.0175533, 0.0455132, 0.0680633, 0.0020345, 0.7804959, 0.0031768, 0.0043049, 0.036445, 0.003228, 0.0073319, 0.007312, 0.0148324, 0.0035023, 0.0062064]",0.23010150593179296,False
student_dev,late,student:11:18500:334,normal,4,turn_right,2.4748626064186956,0.20703300833702087,"[0.6014865, -0.8587984, -0.3861325, -0.7608564, 1.1846999, -0.0851294, 0.0766251, 0.1473586, -0.4655859, -0.7460853, 0.0390202, 0.191254, 0.267741, 0.2712893]","[0.1155455, 0.0268262, 0.0430364, 0.0295866, 0.207033, 0.0581513, 0.0683611, 0.0733716, 0.0397493, 0.0300269, 0.0658381, 0.076664, 0.0827579, 0.0830521]",,
student_dev,late,student:11:18500:334,zero,4,turn_right,2.2700574437598298,0.352689653635025,"[0.2531695, -0.4278843, 0.2922512, -0.9085394, 1.8454547, -0.2582299, -0.1151184, 0.1153566, -0.5894721, -0.788709, 0.2140476, 0.0677477, -0.1949317, 0.0103212]","[0.0717583, 0.0363157, 0.0746182, 0.0224568, 0.3526897, 0.0430303, 0.0496508, 0.0625203, 0.0308971, 0.0253157, 0.0690052, 0.0596135, 0.0458421, 0.0562865]",0.021358071103809564,False
student_dev,late,student:11:18500:334,earlier_same_episode,4,turn_right,2.478977755425256,0.20393429696559906,"[0.5943713, -0.8591495, -0.3859832, -0.7331311, 1.1607158, -0.1100418, 0.0715019, 0.1354714, -0.4590646, -0.7815225, 0.0590204, 0.1823224, 0.2551615, 0.2694971]","[0.1157524, 0.0270566, 0.0434278, 0.0306904, 0.2039343, 0.0572278, 0.06862, 0.073153, 0.0403672, 0.0292406, 0.0677688, 0.0766619, 0.0824542, 0.0836448]",2.512321807865512e-05,False
student_dev,late,student:11:18500:334,foreign_diagnostic_state,4,turn_right,1.0006857264546833,0.7579182386398315,"[-0.0831762, 1.626489, 1.9029094, -1.6363355, 4.090867, -1.5009837, -1.2547452, 1.0003599, -1.5823841, -0.4300818, -0.5612753, -0.0106099, -1.687281, -1.0127151]","[0.0116643, 0.0644698, 0.0849972, 0.0024679, 0.7579182, 0.0028256, 0.0036145, 0.0344693, 0.0026047, 0.0082452, 0.0072314, 0.0125422, 0.0023453, 0.0046043]",0.24410857312688494,False
student_dev,late,student:11:18500:389,normal,4,turn_right,2.4328140571612153,0.2294730842113495,"[0.7832766, -0.5621294, -0.4652385, -0.8506494, 1.2948403, -0.2349193, -0.0560202, 0.1868349, -0.5483978, -0.8439913, 0.095993, 0.2289749, -0.0193409, 0.1443489]","[0.1375823, 0.0358311, 0.0394766, 0.0268508, 0.2294731, 0.0497011, 0.0594375, 0.0757759, 0.0363265, 0.0270302, 0.0691957, 0.0790373, 0.0616581, 0.0726239]",,
student_dev,late,student:11:18500:389,zero,4,turn_right,2.1986584316386457,0.38167041540145874,"[0.4422473, -0.0815411, 0.2279531, -1.0221343, 1.9656258, -0.3773476, -0.2794505, 0.153291, -0.6900833, -0.8552982, 0.3034756, 0.0973904, -0.4820375, -0.1463206]","[0.0831943, 0.0492737, 0.067147, 0.0192363, 0.3816704, 0.0366562, 0.0404263, 0.0623163, 0.026812, 0.0227288, 0.0724146, 0.0589283, 0.0330128, 0.046183]",0.022250052540860016,False
student_dev,late,student:11:18500:389,earlier_same_episode,4,turn_right,2.4310823289208745,0.23162218928337097,"[0.783627, -0.5550742, -0.464288, -0.8653024, 1.3110458, -0.2058098, -0.0573775, 0.1842803, -0.5496166, -0.8114641, 0.0896243, 0.2366659, 0.0015588, 0.1401112]","[0.1366863, 0.0358372, 0.039243, 0.0262787, 0.2316222, 0.0508181, 0.0589497, 0.0750641, 0.0360334, 0.0277323, 0.0682847, 0.0791012, 0.0625284, 0.0718207]",1.6098996369848966e-05,False
student_dev,late,student:11:18500:389,foreign_diagnostic_state,4,turn_right,0.9268869307953486,0.7878177762031555,"[0.2579231, 1.5751848, 1.6687323, -1.9507506, 4.2047553, -1.4934047, -1.2781392, 1.0597085, -1.5122207, -0.5443252, -0.4788688, 0.070828, -1.6326574, -0.9287162]","[0.0152173, 0.0568091, 0.0623799, 0.0016716, 0.7878178, 0.0026409, 0.0032752, 0.0339273, 0.0025916, 0.0068222, 0.0072837, 0.0126207, 0.0022976, 0.004645]",0.22576042949803232,False
student_dev,late,student:11:18500:444,normal,4,turn_right,2.475406252343383,0.21147112548351288,"[0.5463519, -0.8151162, -0.3864623, -0.7821068, 1.1979623, -0.0630246, 0.0628838, 0.1704877, -0.4548892, -0.7441782, 0.0377086, 0.1919059, 0.2120732, 0.2333145]","[0.11022, 0.0282476, 0.0433655, 0.0291956, 0.2114711, 0.0599255, 0.0679662, 0.0756876, 0.0404974, 0.0303243, 0.0662765, 0.0773261, 0.0789014, 0.0805953]",,
student_dev,late,student:11:18500:444,zero,4,turn_right,2.2591151160051517,0.3591860830783844,"[0.1925168, -0.3693746, 0.2890848, -0.9360866, 1.8647068, -0.2451756, -0.1270155, 0.1415813, -0.5678298, -0.7938881, 0.2030866, 0.0668133, -0.2416707, -0.0306205]","[0.0674678, 0.0384654, 0.074308, 0.0218248, 0.3591861, 0.0435521, 0.0490146, 0.0641174, 0.0315415, 0.0251598, 0.0681847, 0.0594983, 0.043705, 0.0539746]",0.02152057313451078,False
student_dev,late,student:11:18500:444,earlier_same_episode,4,turn_right,2.4776410177071644,0.20973321795463562,"[0.5399166, -0.8293756, -0.3961747, -0.7583806, 1.1799698, -0.1055887, 0.0655405, 0.1628132, -0.4384627, -0.7667836, 0.0253758, 0.1752979, 0.2037867, 0.2400179]","[0.1105848, 0.0281203, 0.0433667, 0.0301892, 0.2097332, 0.0579904, 0.068814, 0.0758441, 0.041571, 0.0299366, 0.0661049, 0.0767969, 0.0790162, 0.0819316]",2.2877496756481034e-05,False
student_dev,late,student:11:18500:444,foreign_diagnostic_state,4,turn_right,2.2591151160051517,0.3591860830783844,"[0.1925168, -0.3693746, 0.2890848, -0.9360866, 1.8647068, -0.2451756, -0.1270155, 0.1415813, -0.5678298, -0.7938881, 0.2030866, 0.0668133, -0.2416707, -0.0306205]","[0.0674678, 0.0384654, 0.074308, 0.0218248, 0.3591861, 0.0435521, 0.0490146, 0.0641174, 0.0315415, 0.0251598, 0.0681847, 0.0594983, 0.043705, 0.0539746]",0.02152057313451078,False
student_dev,late,student:11:18500:499,normal,4,turn_right,2.4231822132835776,0.22260907292366028,"[0.8749972, -0.600709, -0.5289969, -0.8388682, 1.2682619, -0.3535302, -0.0942363, 0.3141275, -0.566753, -0.8916949, 0.0556207, 0.2453693, -0.0066362, 0.1462788]","[0.1502278, 0.0343447, 0.036898, 0.0270662, 0.2226091, 0.0439752, 0.0569925, 0.0857369, 0.0355309, 0.0256735, 0.0662063, 0.0800399, 0.0622102, 0.0724889]",,
student_dev,late,student:11:18500:499,zero,4,turn_right,2.1976276117832447,0.3777613341808319,"[0.5347973, -0.1237669, 0.1766557, -1.0163294, 1.9557433, -0.481173, -0.3228139, 0.2845835, -0.7202241, -0.8913007, 0.2866774, 0.1198679, -0.5000679, -0.1457692]","[0.0912239, 0.0472169, 0.0637631, 0.0193403, 0.3777613, 0.0330277, 0.0386948, 0.07103, 0.0260052, 0.021916, 0.0711789, 0.060243, 0.0324095, 0.0461894]",0.02308973153595254,False
student_dev,late,student:11:18500:499,earlier_same_episode,4,turn_right,2.4208712516214024,0.22673268616199493,"[0.864951, -0.5619746, -0.4953544, -0.8741713, 1.2978992, -0.2914597, -0.1056509, 0.3162945, -0.5936316, -0.8697954, 0.096068, 0.2652885, -0.0132212, 0.1261565]","[0.1470575, 0.0353005, 0.0377324, 0.0258343, 0.2267327, 0.0462663, 0.0557134, 0.0849588, 0.0342005, 0.0259475, 0.0681656, 0.0807341, 0.0611085, 0.0702478]",7.561627103055079e-05,False
student_dev,late,student:11:18500:499,foreign_diagnostic_state,4,turn_right,0.9770494287488047,0.7766338586807251,"[0.4559097, 1.424614, 1.503746, -1.9567873, 4.0908961, -1.5806096, -1.2712454, 1.1534519, -1.4886186, -0.6106995, -0.5136811, 0.1376314, -1.5177439, -0.8341535]","[0.0204909, 0.053984, 0.0584294, 0.0018354, 0.7766339, 0.0026737, 0.0036431, 0.0411624, 0.0029313, 0.0070524, 0.0077709, 0.0149051, 0.0028472, 0.0056402]",0.21734628769926498,False
student_dev,raycast_log,student:11:18500:0,normal,10,fine_turn_left,2.568571440013661,0.13281577825546265,"[0.2919233, -0.215525, 0.216097, 0.2311501, 0.5424143, -0.1821617, 0.0884085, -0.6442423, -0.3065217, -0.7159416, 0.6787399, -0.0980556, -0.0348284, -0.0438944]","[0.0902106, 0.0543094, 0.0836231, 0.0848914, 0.1158895, 0.056152, 0.073599, 0.0353741, 0.0495857, 0.0329266, 0.1328158, 0.061079, 0.0650655, 0.0644783]",,
student_dev,raycast_log,student:11:18500:0,zero,10,fine_turn_left,2.568571440013661,0.13281577825546265,"[0.2919233, -0.215525, 0.216097, 0.2311501, 0.5424143, -0.1821617, 0.0884085, -0.6442423, -0.3065217, -0.7159416, 0.6787399, -0.0980556, -0.0348284, -0.0438944]","[0.0902106, 0.0543094, 0.0836231, 0.0848914, 0.1158895, 0.056152, 0.073599, 0.0353741, 0.0495857, 0.0329266, 0.1328158, 0.061079, 0.0650655, 0.0644783]",0.0,False
student_dev,raycast_log,student:11:18500:0,earlier_same_episode,10,fine_turn_left,2.568571440013661,0.13281577825546265,"[0.2919233, -0.215525, 0.216097, 0.2311501, 0.5424143, -0.1821617, 0.0884085, -0.6442423, -0.3065217, -0.7159416, 0.6787399, -0.0980556, -0.0348284, -0.0438944]","[0.0902106, 0.0543094, 0.0836231, 0.0848914, 0.1158895, 0.056152, 0.073599, 0.0353741, 0.0495857, 0.0329266, 0.1328158, 0.061079, 0.0650655, 0.0644783]",0.0,False
student_dev,raycast_log,student:11:18500:0,foreign_diagnostic_state,4,turn_right,1.6395271909163263,0.48117953538894653,"[0.0466428, 1.7054566, 2.0395064, -1.0240788, 2.9025979, -1.4887406, -1.1853763, 0.1804703, -1.0650475, -0.1691894, -0.3868457, -0.1568249, -1.3818071, -1.0615288]","[0.0276682, 0.1453434, 0.2029884, 0.0094836, 0.4811795, 0.005959, 0.0080709, 0.0316302, 0.0091029, 0.022297, 0.0179358, 0.0225744, 0.0066315, 0.009135]",0.19960059328285756,True
student_dev,raycast_log,student:11:18500:154,normal,4,turn_right,2.4755175341858937,0.207200288772583,"[0.5982142, -0.8536, -0.3792808, -0.7542799, 1.1840444, -0.0941564, 0.0668832, 0.1525816, -0.4633923, -0.7427796, 0.0411004, 0.1837457, 0.2635578, 0.2690758]","[0.1153367, 0.0270055, 0.0433957, 0.0298254, 0.2072003, 0.0577132, 0.0677975, 0.0738638, 0.0398949, 0.0301704, 0.0660718, 0.076202, 0.0825331, 0.0829898]",,
student_dev,raycast_log,student:11:18500:154,zero,4,turn_right,2.2712740305915817,0.3520911931991577,"[0.2516492, -0.4234875, 0.2983796, -0.8982082, 1.842515, -0.2659979, -0.1246002, 0.1190999, -0.5879019, -0.7842447, 0.2172034, 0.0600322, -0.1982386, 0.0076238]","[0.0717383, 0.036521, 0.0751702, 0.0227182, 0.3520912, 0.0427503, 0.0492434, 0.0628327, 0.0309841, 0.0254606, 0.0693093, 0.0592288, 0.0457475, 0.0562046]",0.021234090703271785,False
student_dev,raycast_log,student:11:18500:154,earlier_same_episode,4,turn_right,2.479077771836688,0.20441195368766785,"[0.5919531, -0.853613, -0.3806897, -0.7317718, 1.1622338, -0.1191293, 0.0626923, 0.1414923, -0.4546836, -0.7785338, 0.0602882, 0.1756766, 0.252217, 0.2671444]","[0.1155677, 0.0272292, 0.0436941, 0.0307574, 0.204412, 0.0567567, 0.068074, 0.0736553, 0.0405778, 0.0293523, 0.0679106, 0.0762167, 0.0822794, 0.0835168]",2.2147286233605004e-05,False
student_dev,raycast_log,student:11:18500:154,foreign_diagnostic_state,4,turn_right,0.9622510712357553,0.7782287001609802,"[0.1477025, 1.3398029, 1.7592385, -1.8550072, 4.113461, -1.408461, -1.1540289, 1.0292703, -1.4459898, -0.5112849, -0.5884175, 0.0627743, -1.425385, -0.8400689]","[0.0147503, 0.0485873, 0.0739063, 0.0019908, 0.7782287, 0.0031115, 0.004013, 0.0356172, 0.0029969, 0.0076314, 0.0070649, 0.0135493, 0.0030593, 0.0054931]",0.23884455294452017,False
student_dev,raycast_log,student:11:18500:326,normal,4,turn_right,2.4411844104211986,0.21137076616287231,"[0.7964406, -0.6384526, -0.4064518, -0.786997, 1.2205077, -0.3636096, -0.1151397, 0.3889304, -0.5526303, -1.0731302, 0.1904958, 0.2122008, 0.1114272, 0.2101295]","[0.1383168, 0.0329389, 0.0415399, 0.028392, 0.2113708, 0.0433582, 0.0555879, 0.0920228, 0.0358906, 0.021327, 0.0754599, 0.0771157, 0.0697232, 0.0769561]",,
student_dev,raycast_log,student:11:18500:326,zero,4,turn_right,2.220498149741691,0.3648313581943512,"[0.422324, -0.1952645, 0.3487956, -0.9073606, 1.9137287, -0.5046769, -0.3437918, 0.3290158, -0.6978024, -1.0490135, 0.3952171, 0.0527124, -0.4082522, -0.130167]","[0.0821076, 0.044276, 0.076287, 0.0217224, 0.3648314, 0.0324932, 0.0381648, 0.0747928, 0.0267867, 0.0188534, 0.0799118, 0.0567366, 0.0357823, 0.0472541]",0.024608487395677444,False
student_dev,raycast_log,student:11:18500:326,earlier_same_episode,4,turn_right,2.4460488401526566,0.2083548754453659,"[0.7935446, -0.6182159, -0.3877133, -0.7662356, 1.2057812, -0.3254981, -0.1171234, 0.3693386, -0.5666977, -1.0990537, 0.2433057, 0.2206873, 0.0953048, 0.1931437]","[0.1379658, 0.0336242, 0.0423407, 0.028998, 0.2083549, 0.0450586, 0.0554975, 0.0902696, 0.0354018, 0.0207887, 0.0795804, 0.0778006, 0.0686325, 0.0756869]",5.869622672050821e-05,False
student_dev,raycast_log,student:11:18500:326,foreign_diagnostic_state,4,turn_right,1.1364832039751924,0.7146510481834412,"[0.3357275, 1.4647411, 1.7699114, -1.9477088, 3.9184844, -1.6347252, -1.3655974, 1.5708417, -1.7014043, -0.7449037, -0.4398954, 0.168592, -1.5550547, -0.9206361]","[0.0198665, 0.0614394, 0.0833644, 0.0020251, 0.714651, 0.0027693, 0.0036245, 0.0683165, 0.0025906, 0.0067423, 0.0091469, 0.0168088, 0.0029989, 0.0056558]",0.20823848728186184,False
student_dev,raycast_log,student:11:18500:481,normal,4,turn_right,2.4796123577605416,0.21008406579494476,"[0.5310852, -0.8073056, -0.3657477, -0.7645029, 1.1849663, -0.0660666, 0.0568931, 0.2026798, -0.4512495, -0.7336688, 0.0179911, 0.1853259, 0.1784476, 0.2134131]","[0.1092487, 0.0286524, 0.0445581, 0.0299054, 0.2100841, 0.060128, 0.067995, 0.0786668, 0.0409066, 0.0308419, 0.0654007, 0.0773134, 0.0767834, 0.0795157]",,
student_dev,raycast_log,student:11:18500:481,zero,4,turn_right,2.264817110581898,0.356258749961853,"[0.175236, -0.3485757, 0.3044499, -0.9110844, 1.8520322, -0.2498295, -0.1313036, 0.1813698, -0.5664556, -0.7932475, 0.1849154, 0.0641837, -0.2730729, -0.0460793]","[0.0666104, 0.0394506, 0.0757982, 0.0224781, 0.3562587, 0.043545, 0.0490246, 0.0670203, 0.031727, 0.0252892, 0.0672583, 0.0596091, 0.0425446, 0.0533859]",0.02135834234124577,False
student_dev,raycast_log,student:11:18500:481,earlier_same_episode,4,turn_right,2.4819848850566597,0.20808576047420502,"[0.5269982, -0.8231214, -0.3813525, -0.7343647, 1.164438, -0.117225, 0.0642687, 0.1931524, -0.4374034, -0.7509934, -0.0075613, 0.1666428, 0.1715828, 0.2238568]","[0.1100033, 0.0285139, 0.0443521, 0.0311604, 0.2080858, 0.0577595, 0.069254, 0.0787804, 0.0419345, 0.0306465, 0.064454, 0.0767194, 0.0770994, 0.0812369]",3.4904388744875364e-05,False
student_dev,raycast_log,student:11:18500:481,foreign_diagnostic_state,4,turn_right,0.9872268432874725,0.7614364624023438,"[-0.1509115, 1.6813101, 1.8918018, -1.6296796, 4.1128769, -1.4928795, -1.2577327, 0.9771586, -1.5374339, -0.3976446, -0.5785232, -0.0495663, -1.7628427, -1.0397004]","[0.0107126, 0.0669295, 0.0826101, 0.0024416, 0.7614365, 0.0027995, 0.0035417, 0.0330985, 0.0026775, 0.0083703, 0.0069853, 0.0118552, 0.0021372, 0.0044045]",0.24235447410358013,False
student_dev,contact,student:11:18500:0,normal,10,fine_turn_left,2.568571440013661,0.13281577825546265,"[0.2919233, -0.215525, 0.216097, 0.2311501, 0.5424143, -0.1821617, 0.0884085, -0.6442423, -0.3065217, -0.7159416, 0.6787399, -0.0980556, -0.0348284, -0.0438944]","[0.0902106, 0.0543094, 0.0836231, 0.0848914, 0.1158895, 0.056152, 0.073599, 0.0353741, 0.0495857, 0.0329266, 0.1328158, 0.061079, 0.0650655, 0.0644783]",,
student_dev,contact,student:11:18500:0,zero,10,fine_turn_left,2.568571440013661,0.13281577825546265,"[0.2919233, -0.215525, 0.216097, 0.2311501, 0.5424143, -0.1821617, 0.0884085, -0.6442423, -0.3065217, -0.7159416, 0.6787399, -0.0980556, -0.0348284, -0.0438944]","[0.0902106, 0.0543094, 0.0836231, 0.0848914, 0.1158895, 0.056152, 0.073599, 0.0353741, 0.0495857, 0.0329266, 0.1328158, 0.061079, 0.0650655, 0.0644783]",0.0,False
student_dev,contact,student:11:18500:0,earlier_same_episode,10,fine_turn_left,2.568571440013661,0.13281577825546265,"[0.2919233, -0.215525, 0.216097, 0.2311501, 0.5424143, -0.1821617, 0.0884085, -0.6442423, -0.3065217, -0.7159416, 0.6787399, -0.0980556, -0.0348284, -0.0438944]","[0.0902106, 0.0543094, 0.0836231, 0.0848914, 0.1158895, 0.056152, 0.073599, 0.0353741, 0.0495857, 0.0329266, 0.1328158, 0.061079, 0.0650655, 0.0644783]",0.0,False
student_dev,contact,student:11:18500:0,foreign_diagnostic_state,4,turn_right,1.6213594119549837,0.4689425826072693,"[-0.0089733, 1.9054329, 2.147496, -0.8678833, 2.9769681, -1.596784, -1.3355503, 0.6962326, -1.5095918, -0.3438448, -0.2886131, -0.0897465, -1.713371, -1.2517424]","[0.0236778, 0.1606046, 0.2045901, 0.0100305, 0.4689426, 0.0048391, 0.0062837, 0.0479302, 0.00528, 0.0169398, 0.0179018, 0.0218405, 0.0043066, 0.006833]",0.2116950607019,True
student_dev,contact,student:11:18500:166,normal,4,turn_right,2.4956971996864583,0.19784753024578094,"[0.5960469, -0.7929112, -0.3694699, -0.6550632, 1.0929601, -0.1394129, 0.0368307, 0.1850834, -0.5565457, -0.577153, 0.0002698, 0.1368851, 0.0667817, 0.1443226]","[0.1203716, 0.0300128, 0.0458359, 0.0344488, 0.1978475, 0.0576923, 0.0688113, 0.0798077, 0.0380154, 0.03724, 0.0663409, 0.0760523, 0.0709034, 0.0766201]",,
student_dev,contact,student:11:18500:166,zero,4,turn_right,2.324973253158224,0.32326042652130127,"[0.2974648, -0.2851038, 0.2384937, -0.8281146, 1.7106897, -0.2982271, -0.149039, 0.2078013, -0.6784309, -0.6679481, 0.2119786, 0.054396, -0.3561816, -0.0714977]","[0.0786678, 0.043933, 0.0741628, 0.0255249, 0.3232604, 0.0433602, 0.0503365, 0.0719211, 0.0296463, 0.0299587, 0.0722222, 0.0616926, 0.0409187, 0.0543949]",0.017708771645169465,False
student_dev,contact,student:11:18500:166,earlier_same_episode,4,turn_right,2.4921910471032045,0.2001122534275055,"[0.5955235, -0.8001794, -0.3800684, -0.6859053, 1.1061704, -0.1527179, 0.0463703, 0.2191504, -0.5506904, -0.5439512, -0.0550988, 0.1347876, 0.0725484, 0.1467803]","[0.1200888, 0.0297411, 0.0452698, 0.0333415, 0.2001123, 0.0568258, 0.0693439, 0.0824225, 0.0381688, 0.0384269, 0.0626529, 0.0757543, 0.0711832, 0.0766683]",5.3088254430361474e-05,False
student_dev,contact,student:11:18500:166,foreign_diagnostic_state,4,turn_right,1.0322047226592883,0.7666032910346985,"[0.3271932, 1.1180311, 1.4783325, -1.5921477, 3.8823514, -1.3727096, -0.997342, 0.6123896, -1.3186591, -0.4756228, -0.5389522, 0.0475433, -1.4047385, -0.6750386]","[0.0219071, 0.0483105, 0.0692658, 0.0032139, 0.7666033, 0.0040025, 0.0058257, 0.029137, 0.0042247, 0.0098158, 0.0092135, 0.0165628, 0.0038763, 0.0080412]",0.22279197820044389,False
student_dev,contact,student:11:18500:332,normal,4,turn_right,2.4527288437343318,0.21717773377895355,"[0.7057853, -0.7678071, -0.412589, -0.7985876, 1.24754, -0.1673665, 0.0094947, 0.1828639, -0.5157667, -0.8390406, 0.103301, 0.2160518, 0.1965075, 0.2595636]","[0.1263381, 0.0289442, 0.0412886, 0.0280668, 0.2171777, 0.052763, 0.0629708, 0.0748915, 0.037241, 0.0269541, 0.0691638, 0.0774187, 0.0759203, 0.0808616]",,
student_dev,contact,student:11:18500:332,zero,4,turn_right,2.2293037109985954,0.3696981966495514,"[0.3347023, -0.3175828, 0.3131401, -0.9533041, 1.918951, -0.32958, -0.2056413, 0.1406418, -0.6562141, -0.8417959, 0.2842276, 0.0682449, -0.2983054, -0.0379481]","[0.0758258, 0.0394942, 0.0742083, 0.0209143, 0.3696982, 0.0390232, 0.0441722, 0.0624507, 0.0281493, 0.0233814, 0.0720935, 0.0580893, 0.0402629, 0.0522368]",0.02330798781513283,False
student_dev,contact,student:11:18500:332,earlier_same_episode,4,turn_right,2.4598445985663777,0.21341022849082947,"[0.6844858, -0.7477316, -0.3975933, -0.7683188, 1.2190943, -0.1773606, -0.0030597, 0.1702918, -0.5176776, -0.8725994, 0.1445556, 0.202602, 0.1737979, 0.2449418]","[0.1250368, 0.0298561, 0.0423737, 0.0292478, 0.2134102, 0.0528132, 0.0628696, 0.0747698, 0.037579, 0.0263514, 0.07287, 0.0772251, 0.0750324, 0.080565]",5.0883275695525376e-05,False
student_dev,contact,student:11:18500:332,foreign_diagnostic_state,4,turn_right,2.2293037109985954,0.3696981966495514,"[0.3347023, -0.3175828, 0.3131401, -0.9533041, 1.918951, -0.32958, -0.2056413, 0.1406418, -0.6562141, -0.8417959, 0.2842276, 0.0682449, -0.2983054, -0.0379481]","[0.0758258, 0.0394942, 0.0742083, 0.0209143, 0.3696982, 0.0390232, 0.0441722, 0.0624507, 0.0281493, 0.0233814, 0.0720935, 0.0580893, 0.0402629, 0.0522368]",0.02330798781513283,False
student_dev,contact,student:11:18500:499,normal,4,turn_right,2.4231822132835776,0.22260907292366028,"[0.8749972, -0.600709, -0.5289969, -0.8388682, 1.2682619, -0.3535302, -0.0942363, 0.3141275, -0.566753, -0.8916949, 0.0556207, 0.2453693, -0.0066362, 0.1462788]","[0.1502278, 0.0343447, 0.036898, 0.0270662, 0.2226091, 0.0439752, 0.0569925, 0.0857369, 0.0355309, 0.0256735, 0.0662063, 0.0800399, 0.0622102, 0.0724889]",,
student_dev,contact,student:11:18500:499,zero,4,turn_right,2.1976276117832447,0.3777613341808319,"[0.5347973, -0.1237669, 0.1766557, -1.0163294, 1.9557433, -0.481173, -0.3228139, 0.2845835, -0.7202241, -0.8913007, 0.2866774, 0.1198679, -0.5000679, -0.1457692]","[0.0912239, 0.0472169, 0.0637631, 0.0193403, 0.3777613, 0.0330277, 0.0386948, 0.07103, 0.0260052, 0.021916, 0.0711789, 0.060243, 0.0324095, 0.0461894]",0.02308973153595254,False
student_dev,contact,student:11:18500:499,earlier_same_episode,4,turn_right,2.4208712516214024,0.22673268616199493,"[0.864951, -0.5619746, -0.4953544, -0.8741713, 1.2978992, -0.2914597, -0.1056509, 0.3162945, -0.5936316, -0.8697954, 0.096068, 0.2652885, -0.0132212, 0.1261565]","[0.1470575, 0.0353005, 0.0377324, 0.0258343, 0.2267327, 0.0462663, 0.0557134, 0.0849588, 0.0342005, 0.0259475, 0.0681656, 0.0807341, 0.0611085, 0.0702478]",7.561627103055079e-05,False
student_dev,contact,student:11:18500:499,foreign_diagnostic_state,4,turn_right,2.22829774008849,0.33258184790611267,"[0.2772589, 0.5054443, 0.6976973, -0.6244986, 1.8217831, -0.7502193, -0.9911083, 0.5198821, -0.6709018, -0.6791557, 0.4880093, -0.2650782, -1.0101886, -0.5415173]","[0.0709774, 0.0891702, 0.1080723, 0.0288066, 0.3325818, 0.0254034, 0.0199653, 0.090467, 0.0275004, 0.0272744, 0.087629, 0.0412654, 0.0195879, 0.031299]",0.04832232977135863,False
student_dev,early,student:11:18501:0,normal,4,turn_right,2.5459402133117135,0.13250784575939178,"[0.1365768, -0.3316381, 0.275915, 0.420765, 0.7300344, -0.1948142, 0.1284644, -0.9999685, 0.0121021, -0.9634401, 0.5754004, -0.198613, 0.3644261, 0.114564]","[0.0731992, 0.0458314, 0.0841434, 0.0972585, 0.1325078, 0.0525515, 0.0726078, 0.0234915, 0.064632, 0.0243655, 0.1135233, 0.0523522, 0.0919306, 0.0716055]",,
student_dev,early,student:11:18501:0,zero,4,turn_right,2.5459402133117135,0.13250784575939178,"[0.1365768, -0.3316381, 0.275915, 0.420765, 0.7300344, -0.1948142, 0.1284644, -0.9999685, 0.0121021, -0.9634401, 0.5754004, -0.198613, 0.3644261, 0.114564]","[0.0731992, 0.0458314, 0.0841434, 0.0972585, 0.1325078, 0.0525515, 0.0726078, 0.0234915, 0.064632, 0.0243655, 0.1135233, 0.0523522, 0.0919306, 0.0716055]",0.0,False
student_dev,early,student:11:18501:0,earlier_same_episode,4,turn_right,2.5459402133117135,0.13250784575939178,"[0.1365768, -0.3316381, 0.275915, 0.420765, 0.7300344, -0.1948142, 0.1284644, -0.9999685, 0.0121021, -0.9634401, 0.5754004, -0.198613, 0.3644261, 0.114564]","[0.0731992, 0.0458314, 0.0841434, 0.0972585, 0.1325078, 0.0525515, 0.0726078, 0.0234915, 0.064632, 0.0243655, 0.1135233, 0.0523522, 0.0919306, 0.0716055]",0.0,False
student_dev,early,student:11:18501:0,foreign_diagnostic_state,2,forward_jump,2.45162487317752,0.1560324877500534,"[-0.1715252, 0.4793817, 0.9174277, 0.5822178, 0.8093305, -0.5405784, -0.6319484, -0.7606479, -0.0369903, -0.7094136, 0.770995, -0.6816087, -0.2927125, -0.5226914]","[0.0525157, 0.1006872, 0.1560325, 0.1115926, 0.1400455, 0.0363087, 0.0331382, 0.0291364, 0.0600782, 0.0306681, 0.1347784, 0.0315328, 0.0465219, 0.036964]",0.02513751034429756,True
student_dev,early,student:11:18501:55,normal,4,turn_right,2.4541075257840506,0.17300808429718018,"[0.9079699, -0.5620016, -0.2516425, -0.5037682, 1.0390512, -0.533915, -0.26513, 0.4633995, -0.8342692, -1.2519611, 0.4831404, 0.233837, 0.2150062, 0.256535]","[0.1517534, 0.034893, 0.047591, 0.0369852, 0.1730081, 0.0358869, 0.0469535, 0.0972891, 0.0265762, 0.0175022, 0.0992287, 0.0773333, 0.0758906, 0.0791086]",,
student_dev,early,student:11:18501:55,zero,4,turn_right,2.2991084401306074,0.2989494204521179,"[0.5534348, -0.2183622, 0.4902421, -0.6025266, 1.6810534, -0.6754574, -0.5075678, 0.3939584, -0.981907, -1.2386774, 0.7051077, 0.0601094, -0.4202219, -0.1374787]","[0.0968009, 0.0447396, 0.090873, 0.0304685, 0.2989494, 0.0283255, 0.0335036, 0.0825314, 0.0208492, 0.0161278, 0.1126548, 0.0591059, 0.0365616, 0.0485087]",0.022936167249951955,False
student_dev,early,student:11:18501:55,earlier_same_episode,4,turn_right,2.456977486123796,0.17341972887516022,"[0.8865402, -0.5138246, -0.2380327, -0.5171873, 1.0307808, -0.5596903, -0.2946698, 0.476627, -0.8258519, -1.24374, 0.4555358, 0.2178101, 0.2010967, 0.2278826]","[0.1501259, 0.0370071, 0.0487596, 0.0368829, 0.1734197, 0.0353481, 0.0460747, 0.0996397, 0.0270878, 0.0178356, 0.0975602, 0.0769183, 0.0756434, 0.077697]",4.064519669529879e-05,False
student_dev,early,student:11:18501:55,foreign_diagnostic_state,4,turn_right,2.2543423281726755,0.2545044720172882,"[0.1964847, 0.5587979, 1.1506218, -0.2850395, 1.5677506, -0.9235094, -1.2103554, 0.580059, -0.8990893, -1.0525831, 0.8764231, -0.4195905, -0.9979268, -0.6839746]","[0.0645895, 0.0927925, 0.1677022, 0.0399061, 0.2545045, 0.0210744, 0.015819, 0.0947865, 0.0215954, 0.0185225, 0.127484, 0.0348822, 0.019563, 0.0267783]",0.06331933440763055,False
student_dev,early,student:11:18501:110,normal,4,turn_right,2.4302234675164884,0.20867668092250824,"[0.7938828, -0.6856083, -0.4729801, -0.8553656, 1.2529738, -0.5119908, -0.1234671, 0.3557527, -0.1270656, -1.4376051, 0.1709199, 0.2474327, 0.454515, 0.3646556]","[0.131854, 0.0300302, 0.0371451, 0.0253416, 0.2086767, 0.035724, 0.0526858, 0.0850777, 0.0524965, 0.014157, 0.0707203, 0.0763437, 0.0939091, 0.0858385]",,
student_dev,early,student:11:18501:110,zero,4,turn_right,2.2265158165087344,0.3627025783061981,"[0.4387299, -0.3979712, 0.2754391, -0.8556747, 1.901973, -0.7187894, -0.3556493, 0.2164941, -0.2364946, -1.4630065, 0.3544708, 0.0432132, -0.0695251, -0.0479332]","[0.08396, 0.0363662, 0.0713109, 0.0230101, 0.3627026, 0.0263857, 0.0379383, 0.067229, 0.0427392, 0.012536, 0.0771754, 0.0565329, 0.0505056, 0.051608]",0.024137415621344242,False
student_dev,early,student:11:18501:110,earlier_same_episode,4,turn_right,2.435580387278933,0.2044941931962967,"[0.7711818, -0.7548525, -0.5332475, -0.695968, 1.2249179, -0.5663413, -0.110414, 0.2900596, -0.0780244, -1.4226931, 0.1534154, 0.1904132, 0.5218207, 0.4038596]","[0.129905, 0.0282408, 0.0352468, 0.0299537, 0.2044942, 0.0340994, 0.0537965, 0.0802929, 0.0555674, 0.0144823, 0.0700379, 0.0726777, 0.1012348, 0.0899705]",0.0003228121976241664,False
student_dev,early,student:11:18501:110,foreign_diagnostic_state,4,turn_right,2.215482164432834,0.3259999752044678,"[0.090033, 0.388963, 0.946165, -0.5417489, 1.7928872, -1.0107247, -1.088881, 0.4225039, -0.2475489, -1.2295386, 0.5324915, -0.4509354, -0.6829335, -0.6034799]","[0.0593851, 0.0800757, 0.1397947, 0.0315717, 0.326, 0.0197526, 0.0182676, 0.0828071, 0.0423709, 0.0158707, 0.0924346, 0.0345731, 0.0274146, 0.0296817]",0.06279691456586889,False
student_dev,early,student:11:18501:166,normal,4,turn_right,2.4616189059920637,0.19328558444976807,"[0.1088856, -0.724578, -0.0579018, -0.6212854, 1.2088338, 0.34522, 0.0457238, -0.3021714, -0.2305648, -1.2801872, 0.536641, 0.1149551, 0.8347557, 0.4006843]","[0.0643425, 0.0279595, 0.0544582, 0.0310019, 0.1932856, 0.0814961, 0.0604042, 0.0426558, 0.0458223, 0.016041, 0.0986893, 0.0647342, 0.1329656, 0.0861439]",,
student_dev,early,student:11:18501:166,zero,4,turn_right,2.29166104936097,0.31669628620147705,"[-0.1864571, -0.4605542, 0.6194549, -0.6892135, 1.772799, 0.130762, -0.2031983, -0.487276, -0.3742999, -1.3038362, 0.7298758, -0.0951656, 0.3208296, -0.0099943]","[0.0446425, 0.0339399, 0.0999429, 0.0270025, 0.3166963, 0.0613077, 0.0439014, 0.0330449, 0.0369973, 0.0146042, 0.111611, 0.0489098, 0.0741414, 0.0532581]",0.020923357915746385,False
student_dev,early,student:11:18501:166,earlier_same_episode,4,turn_right,2.465862274798468,0.18819081783294678,"[0.1534101, -0.699479, -0.0951233, -0.6502637, 1.1724448, 0.324046, 0.0403529, -0.2552972, -0.244637, -1.3490735, 0.5296738, 0.1197248, 0.8380184, 0.3789182]","[0.0679262, 0.0289489, 0.0529786, 0.0304093, 0.1881908, 0.0805645, 0.0606649, 0.0451375, 0.0456213, 0.0151188, 0.098957, 0.0656762, 0.1346973, 0.0851087]",8.422428673291084e-05,False
student_dev,early,student:11:18501:166,foreign_diagnostic_state,4,turn_right,2.2411877614540248,0.2874220907688141,"[-0.3469801, 0.2041672, 1.2052307, -0.4482106, 1.6802801, -0.2692905, -0.8503305, -0.2336948, -0.4734458, -1.1397799, 0.91024, -0.5507348, -0.2338953, -0.4812951]","[0.0378523, 0.0656829, 0.1787347, 0.0342081, 0.2874221, 0.0409103, 0.0228818, 0.0423927, 0.0333556, 0.017131, 0.1330748, 0.0308747, 0.0423842, 0.0330948]",0.05882336310923722,False
student_dev,mid,student:11:18501:167,normal,4,turn_right,2.4459369026539135,0.20741896331310272,"[-0.1851083, -0.6090617, 0.0609738, -0.638923, 1.3079697, 0.6021453, 0.0580561, -0.2874133, -0.2203927, -1.2267447, 0.6075161, 0.077303, 0.7579299, 0.3264256]","[0.0466029, 0.0304995, 0.0596053, 0.0296022, 0.207419, 0.102403, 0.0594317, 0.042071, 0.0449872, 0.0164451, 0.1029545, 0.0605866, 0.1196656, 0.0777265]",,
student_dev,mid,student:11:18501:167,zero,4,turn_right,2.2829772802487867,0.31383171677589417,"[-0.4560551, -0.4116884, 0.6947061, -0.6063073, 1.7866701, 0.3513945, -0.1666047, -0.4776478, -0.3570545, -1.293857, 0.8043713, -0.1829233, 0.3011751, -0.0770931]","[0.0333191, 0.0348307, 0.1053084, 0.0286708, 0.3138317, 0.0747076, 0.0445041, 0.0326074, 0.0367865, 0.0144159, 0.1175141, 0.0437838, 0.0710484, 0.0486715]",0.017210105574729434,False
student_dev,mid,student:11:18501:167,earlier_same_episode,4,turn_right,2.460858156349547,0.18930037319660187,"[-0.1052388, -0.6417007, -0.0156061, -0.5960981, 1.1958625, 0.5717202, 0.0793548, -0.2765177, -0.2204251, -1.3609201, 0.6214094, 0.0721046, 0.7961904, 0.3175509]","[0.0515336, 0.0301375, 0.056366, 0.0315437, 0.1893004, 0.1014121, 0.061981, 0.0434215, 0.0459267, 0.014681, 0.1065785, 0.0615332, 0.1269334, 0.0786512]",0.00042727083839581316,False
student_dev,mid,student:11:18501:167,foreign_diagnostic_state,4,turn_right,2.2285274669532846,0.28456738591194153,"[-0.5696636, 0.2270122, 1.2574766, -0.3892032, 1.7001264, -0.0625868, -0.7829934, -0.188821, -0.4809088, -1.1426773, 0.9894093, -0.640582, -0.2467145, -0.5282242]","[0.0294054, 0.0652259, 0.1827868, 0.0352209, 0.2845674, 0.0488257, 0.0237564, 0.0430354, 0.0321346, 0.0165795, 0.1398056, 0.0273923, 0.0406147, 0.0306496]",0.053196747372105356,False
student_dev,mid,student:11:18501:222,normal,4,turn_right,2.4108216727842424,0.2161325216293335,"[0.660664, -0.5908898, -0.410247, -1.0464115, 1.2979934, -0.4917472, -0.1362634, 0.7537094, -0.2505821, -1.6080846, 0.2784388, 0.3819722, 0.1480516, 0.2175576]","[0.1142698, 0.032688, 0.0391598, 0.020728, 0.2161325, 0.0360949, 0.0515027, 0.1254124, 0.0459391, 0.0118202, 0.077971, 0.0864763, 0.0684395, 0.0733657]",,
student_dev,mid,student:11:18501:222,zero,4,turn_right,2.172525580896789,0.37990066409111023,"[0.198784, -0.1869133, 0.3498512, -0.9752054, 1.9754064, -0.7658647, -0.4724309, 0.6028337, -0.2949297, -1.6061375, 0.4060354, 0.0984832, -0.3810843, -0.2560796]","[0.0642825, 0.0437106, 0.0747653, 0.0198717, 0.3799007, 0.0244992, 0.032854, 0.0962874, 0.0392352, 0.0105737, 0.0790862, 0.0581477, 0.0359964, 0.0407895]",0.02719664498341521,False
student_dev,mid,student:11:18501:222,earlier_same_episode,4,turn_right,2.4138454337004225,0.23108871281147003,"[0.5137138, -0.5002112, -0.3521528, -0.9378978, 1.3445572, -0.5539396, -0.1966204, 0.68816, -0.1997643, -1.4937319, 0.2069414, 0.3024288, 0.1395552, 0.2072499]","[0.1006811, 0.0365263, 0.0423552, 0.0235788, 0.2310887, 0.0346156, 0.0494827, 0.1198696, 0.0493274, 0.0135246, 0.074083, 0.0815057, 0.0692553, 0.0741058]",0.0006421563686545475,False
student_dev,mid,student:11:18501:222,foreign_diagnostic_state,4,turn_right,2.1624342014456857,0.3280312716960907,"[-0.1337957, 0.5907403, 1.0302912, -0.6783746, 1.8610849, -1.0546924, -1.1723075, 0.7979577, -0.2606299, -1.3588427, 0.5611694, -0.4008447, -0.9427833, -0.7649982]","[0.0446221, 0.0920898, 0.1429243, 0.0258846, 0.3280313, 0.0177668, 0.0157954, 0.1132935, 0.0393067, 0.0131075, 0.0894065, 0.0341642, 0.0198706, 0.0237368]",0.0635610126064699,False
student_dev,mid,student:11:18501:277,normal,4,turn_right,2.462683563916141,0.21256835758686066,"[0.2071166, -0.3198988, -0.0659178, -0.7110069, 1.2920749, 0.4469246, -0.0915632, -0.0386585, -0.4892194, -1.2596456, 0.6651895, 0.1904867, 0.3667722, 0.1559107]","[0.0718302, 0.042406, 0.0546676, 0.0286795, 0.2125684, 0.0912966, 0.0532834, 0.0561783, 0.0358008, 0.0165692, 0.1135653, 0.0706456, 0.0842645, 0.0682447]",,
student_dev,mid,student:11:18501:277,zero,4,turn_right,2.270015582512774,0.32383060455322266,"[-0.1539763, -0.1162213, 0.6088451, -0.6362113, 1.789922, 0.1501822, -0.3515353, -0.2339247, -0.5604201, -1.3369011, 0.8695654, -0.1504925, -0.11015, -0.2777623]","[0.0463547, 0.0481383, 0.0993992, 0.0286195, 0.3238306, 0.062833, 0.0380448, 0.042793, 0.0308729, 0.0142022, 0.1290067, 0.0465165, 0.0484314, 0.0409575]",0.01880062234527406,False
student_dev,mid,student:11:18501:277,earlier_same_episode,4,turn_right,2.480681832522176,0.1936618834733963,"[0.2596651, -0.3891943, -0.1320156, -0.6810566, 1.1677396, 0.383466, -0.0875497, -0.0448898, -0.4226677, -1.3827196, 0.6673965, 0.1469329, 0.4186932, 0.1442549]","[0.0781038, 0.0408203, 0.0527919, 0.0304875, 0.1936619, 0.0883972, 0.0551924, 0.0575978, 0.0394765, 0.0151145, 0.1174216, 0.0697772, 0.0915667, 0.0695906]",0.0004979337774957077,False
student_dev,mid,student:11:18501:277,foreign_diagnostic_state,4,turn_right,2.2214693212470773,0.27984973788261414,"[-0.324771, 0.5364882, 1.1752608, -0.3864003, 1.6815227, -0.2322301, -0.9739625, 0.0546074, -0.6339265, -1.1779679, 1.0574546, -0.6357148, -0.6609977, -0.7184707]","[0.0376359, 0.0890518, 0.1686779, 0.0353865, 0.2798497, 0.041285, 0.0196636, 0.0550002, 0.0276273, 0.0160348, 0.1499324, 0.0275779, 0.0268894, 0.0253876]",0.05282234565779871,False
student_dev,mid,student:11:18501:333,normal,4,turn_right,2.4145500193355316,0.2201216220855713,"[0.8538359, -0.6130081, -0.5294057, -0.8588197, 1.3156139, -0.4033113, -0.107339, 0.3638166, -0.4682234, -1.2765095, 0.2805698, 0.309335, 0.3350818, 0.2677284]","[0.1387123, 0.0319943, 0.0347841, 0.0250218, 0.2201216, 0.0394587, 0.0530496, 0.0849772, 0.0369787, 0.0164785, 0.0781896, 0.0804714, 0.0825701, 0.0771919]",,
student_dev,mid,student:11:18501:333,zero,4,turn_right,2.170818693545297,0.3893930912017822,"[0.4222476, -0.2323492, 0.2694699, -0.932793, 2.0042543, -0.5952691, -0.3962735, 0.2392131, -0.5749909, -1.2356015, 0.4598873, 0.0642781, -0.2542741, -0.1722446]","[0.0800445, 0.0415952, 0.0687038, 0.0206464, 0.3893931, 0.0289354, 0.0353063, 0.0666562, 0.0295282, 0.0152523, 0.0831148, 0.0559587, 0.0406932, 0.044172]",0.028267509688075496,False
student_dev,mid,student:11:18501:333,earlier_same_episode,4,turn_right,2.3905452665220106,0.24742364883422852,"[0.7787049, -0.4969676, -0.4011853, -1.0048889, 1.4726468, -0.2826732, -0.12913, 0.4511285, -0.5647346, -1.1374831, 0.2906142, 0.3728846, 0.2425618, 0.2513539]","[0.1236135, 0.0345182, 0.037988, 0.0207712, 0.2474236, 0.0427676, 0.0498653, 0.0890844, 0.0322565, 0.0181918, 0.0758737, 0.0823798, 0.0723139, 0.0729525]",0.0011722411941417108,False
student_dev,mid,student:11:18501:333,foreign_diagnostic_state,4,turn_right,2.18245937212001,0.3382706344127655,"[0.0832455, 0.521814, 0.9472611, -0.5969701, 1.8660727, -0.8721452, -1.1165296, 0.4334447, -0.5362657, -1.0173932, 0.6518771, -0.4322313, -0.8319657, -0.6854874]","[0.0568843, 0.0881983, 0.1349676, 0.0288123, 0.3382706, 0.0218812, 0.0171371, 0.0807387, 0.0306155, 0.018923, 0.1004491, 0.0339722, 0.0227783, 0.0263716]",0.06520915375771663,False
student_dev,late,student:11:18501:334,normal,4,turn_right,2.4382239623421094,0.2104862779378891,"[0.7968903, -0.5705984, -0.4652039, -0.7881065, 1.2540452, -0.3240217, -0.1058228, 0.1817825, -0.4496557, -1.2340571, 0.3356693, 0.2382658, 0.4036584, 0.3090523]","[0.1332551, 0.0339462, 0.0377193, 0.0273104, 0.2104863, 0.0434388, 0.0540307, 0.0720354, 0.0383103, 0.0174846, 0.0840191, 0.0762213, 0.0899302, 0.0818123]",,
student_dev,late,student:11:18501:334,zero,4,turn_right,2.2059604683702574,0.3727398216724396,"[0.3895593, -0.2079725, 0.3498246, -0.9046749, 1.944396, -0.485746, -0.377108, 0.0576385, -0.5834969, -1.1932716, 0.5345746, 0.0163969, -0.1894989, -0.1303696]","[0.0787315, 0.0433156, 0.0756645, 0.0215809, 0.3727398, 0.0328102, 0.0365754, 0.0564934, 0.0297547, 0.0161709, 0.0910182, 0.0542109, 0.0441232, 0.0468109]",0.0280489480554074,False
student_dev,late,student:11:18501:334,earlier_same_episode,4,turn_right,2.4256868708386747,0.2241777777671814,"[0.7788152, -0.5084249, -0.3896749, -0.9043888, 1.3517292, -0.1952479, -0.0858595, 0.2535814, -0.5529522, -1.1526734, 0.3731898, 0.312061, 0.3446617, 0.3075859]","[0.1264094, 0.034893, 0.0392926, 0.023484, 0.2241778, 0.0477253, 0.0532422, 0.0747607, 0.0333734, 0.0183208, 0.0842594, 0.079263, 0.0818896, 0.0789091]",0.0005130164886380967,False
student_dev,late,student:11:18501:334,foreign_diagnostic_state,4,turn_right,2.2035710644230146,0.3234409987926483,"[0.0707856, 0.5187007, 1.0015019, -0.5750734, 1.8097205, -0.7821024, -1.0889033, 0.2720979, -0.5651719, -0.9793878, 0.7317044, -0.4791349, -0.766779, -0.6410111]","[0.056831, 0.0889431, 0.1441419, 0.0297915, 0.323441, 0.0242204, 0.0178213, 0.0695047, 0.0300879, 0.0198839, 0.1100572, 0.0327912, 0.0245944, 0.0278905]",0.06554452800825239,False
student_dev,late,student:11:18501:389,normal,4,turn_right,2.3654863386642564,0.22532719373703003,"[1.1038762, -0.2088178, -0.6392567, -0.68681, 1.3488328, -0.5619915, -0.3335455, 0.3576478, -0.6321281, -1.561546, 0.3489907, 0.4353633, -0.0178792, -0.0151558]","[0.1763723, 0.0474607, 0.0308601, 0.0294269, 0.2253272, 0.033339, 0.0418954, 0.0836272, 0.0310809, 0.0122702, 0.0829063, 0.0903855, 0.0574458, 0.0576024]",,
student_dev,late,student:11:18501:389,zero,4,turn_right,2.103450187637421,0.40079307556152344,"[0.6809468, 0.2258267, 0.1951427, -0.8126466, 2.0828888, -0.733123, -0.6899519, 0.2576555, -0.780193, -1.5658854, 0.6101899, 0.2070256, -0.6986771, -0.5070053]","[0.0986426, 0.0625761, 0.0606852, 0.0221516, 0.4007931, 0.0239851, 0.0250433, 0.0645998, 0.0228823, 0.0104298, 0.0919042, 0.0614106, 0.0248257, 0.0300707]",0.03072677480180156,False
student_dev,late,student:11:18501:389,earlier_same_episode,4,turn_right,2.3531402622902062,0.23199574649333954,"[1.1211252, -0.1618434, -0.5916818, -0.755489, 1.3961766, -0.5333776, -0.3565487, 0.3726379, -0.6536472, -1.5554088, 0.3670887, 0.4765732, -0.0535066, -0.0411763]","[0.1762085, 0.0488473, 0.0317807, 0.0269789, 0.2319957, 0.0336888, 0.0402051, 0.083361, 0.0298712, 0.0121234, 0.0828997, 0.0924914, 0.0544365, 0.0551119]",0.00011481798588560321,False
student_dev,late,student:11:18501:389,foreign_diagnostic_state,4,turn_right,2.1362991693288667,0.3350619077682495,"[0.3280561, 0.9422305, 0.841375, -0.3920464, 1.9243594, -0.9864504, -1.3761683, 0.480708, -0.698998, -1.3625158, 0.8224014, -0.3217858, -1.2791266, -0.9903558]","[0.0678984, 0.125485, 0.1134464, 0.0330463, 0.3350619, 0.018238, 0.0123516, 0.0790961, 0.0243117, 0.0125214, 0.1113143, 0.0354517, 0.0136103, 0.0181669]",0.06514295806867715,False
student_dev,late,student:11:18501:444,normal,4,turn_right,2.401799702957689,0.2075912058353424,"[1.0253289, -0.0995745, -0.5496233, -1.0158713, 1.2425441, -0.4537147, -0.4333487, 0.1223952, -0.4770197, -1.4173545, 0.503837, 0.3047744, 0.1659589, 0.1160493]","[0.1670604, 0.0542418, 0.0345844, 0.0216966, 0.2075912, 0.0380656, 0.0388488, 0.0677227, 0.0371888, 0.0145221, 0.0991728, 0.081272, 0.0707382, 0.0672943]",,
student_dev,late,student:11:18501:444,zero,4,turn_right,2.1942611086009465,0.34975185990333557,"[0.6330496, 0.2843738, 0.2749947, -1.1479994, 1.8849484, -0.5877042, -0.7382116, -0.0612509, -0.6176539, -1.4185696, 0.8245779, 0.0637525, -0.4916964, -0.3787879]","[0.1000155, 0.0705731, 0.0699143, 0.0168487, 0.3497519, 0.0295053, 0.0253826, 0.0499501, 0.0286348, 0.0128547, 0.1211287, 0.0566011, 0.0324785, 0.0363607]",0.02674661023376393,False
student_dev,late,student:11:18501:444,earlier_same_episode,4,turn_right,2.4096788293413676,0.19441579282283783,"[1.0425435, -0.1190243, -0.5696533, -1.0102512, 1.1754124, -0.3966174, -0.37851, 0.0940313, -0.5143001, -1.4732455, 0.5725982, 0.3319474, 0.1711293, 0.1246381]","[0.1702266, 0.0532801, 0.0339515, 0.0218529, 0.1944158, 0.0403653, 0.0411028, 0.0659316, 0.0358838, 0.0137542, 0.1063978, 0.083641, 0.0712159, 0.0679808]",0.00024222058398457266,False
student_dev,late,student:11:18501:444,foreign_diagnostic_state,4,turn_right,2.1942611086009465,0.34975185990333557,"[0.6330496, 0.2843738, 0.2749947, -1.1479994, 1.8849484, -0.5877042, -0.7382116, -0.0612509, -0.6176539, -1.4185696, 0.8245779, 0.0637525, -0.4916964, -0.3787879]","[0.1000155, 0.0705731, 0.0699143, 0.0168487, 0.3497519, 0.0295053, 0.0253826, 0.0499501, 0.0286348, 0.0128547, 0.1211287, 0.0566011, 0.0324785, 0.0363607]",0.02674661023376393,False
student_dev,late,student:11:18501:499,normal,4,turn_right,2.3485705732859627,0.25147390365600586,"[0.9947309, -0.1237703, -0.6177703, -0.534589, 1.4579256, -0.6796174, -0.4222305, 0.436364, -0.5966972, -1.6270241, 0.2834802, 0.3709792, -0.0734921, -0.088733]","[0.158245, 0.0517096, 0.0315522, 0.034289, 0.2514739, 0.0296599, 0.0383664, 0.0905387, 0.0322242, 0.0115005, 0.077703, 0.0848083, 0.0543759, 0.0535535]",,
student_dev,late,student:11:18501:499,zero,4,turn_right,2.039790624508477,0.4317653775215149,"[0.6016904, 0.2882754, 0.2022917, -0.7187817, 2.1988263, -0.7996405, -0.7510326, 0.3317452, -0.7741027, -1.6372362, 0.5796402, 0.1847977, -0.7727324, -0.5581952]","[0.0874219, 0.0639008, 0.0586359, 0.0233425, 0.4317654, 0.0215293, 0.0226017, 0.0667398, 0.0220862, 0.0093168, 0.0855154, 0.0576191, 0.0221165, 0.0274087]",0.02997341490158702,False
student_dev,late,student:11:18501:499,earlier_same_episode,4,turn_right,2.3321733877611472,0.2633197605609894,"[0.9827569, -0.0612649, -0.5792798, -0.6346458, 1.5205885, -0.6411667, -0.4417714, 0.4351351, -0.6179488, -1.6130258, 0.301184, 0.4119138, -0.1263314, -0.1045766]","[0.1537822, 0.0541369, 0.0322494, 0.0305125, 0.2633198, 0.0303141, 0.0370034, 0.0889359, 0.0310262, 0.0114702, 0.0777862, 0.0868945, 0.0507265, 0.0518422]",0.00021717522781207916,False
student_dev,late,student:11:18501:499,foreign_diagnostic_state,4,turn_right,2.0805160896397847,0.3959760367870331,"[0.0903292, 0.6433609, 0.6573755, -0.1673506, 2.0817199, -0.8970478, -1.1906217, 0.2470292, -0.5490485, -1.3518451, 0.7737545, -0.3066027, -1.1224849, -0.9151198]","[0.0540529, 0.0939718, 0.0952981, 0.0417744, 0.395976, 0.0201375, 0.0150144, 0.0632227, 0.0285194, 0.0127788, 0.1070599, 0.0363441, 0.0160731, 0.0197769]",0.05325299704128708,False
student_dev,raycast_log,student:11:18501:17,normal,4,turn_right,2.422612565801852,0.17206703126430511,"[0.9725277, -0.4308652, -0.3490012, -0.5664979, 1.0306165, -0.8206043, -0.3866829, 0.7049637, -0.8879206, -1.2824168, 0.4820351, 0.245613, 0.0154125, 0.1597972]","[0.1623566, 0.039901, 0.0433049, 0.0348401, 0.172067, 0.0270223, 0.0417035, 0.124242, 0.0252632, 0.0170279, 0.099415, 0.0784829, 0.0623448, 0.0720287]",,
student_dev,raycast_log,student:11:18501:17,zero,4,turn_right,2.2964982920796984,0.27551010251045227,"[0.6975401, -0.042156, 0.399433, -0.6739966, 1.5967605, -0.9666654, -0.6679741, 0.7092677, -1.0519809, -1.3072072, 0.7239518, 0.0748234, -0.6229632, -0.2327941]","[0.1121014, 0.0535014, 0.0832041, 0.028442, 0.2755101, 0.0212254, 0.0286138, 0.1134238, 0.0194896, 0.0150994, 0.1151016, 0.0601407, 0.0299312, 0.0442153]",0.018813661670727774,False
student_dev,raycast_log,student:11:18501:17,earlier_same_episode,4,turn_right,2.2964982920796984,0.27551010251045227,"[0.6975401, -0.042156, 0.399433, -0.6739966, 1.5967605, -0.9666654, -0.6679741, 0.7092677, -1.0519809, -1.3072072, 0.7239518, 0.0748234, -0.6229632, -0.2327941]","[0.1121014, 0.0535014, 0.0832041, 0.028442, 0.2755101, 0.0212254, 0.0286138, 0.1134238, 0.0194896, 0.0150994, 0.1151016, 0.0601407, 0.0299312, 0.0442153]",0.018813661670727774,False
student_dev,raycast_log,student:11:18501:17,foreign_diagnostic_state,4,turn_right,2.270114222097254,0.23753498494625092,"[0.2376928, 0.5318233, 1.0441991, -0.321605, 1.4788784, -1.1329404, -1.2601928, 0.7683755, -0.8514609, -1.0289439, 0.9166496, -0.4193103, -1.0774597, -0.6857752]","[0.0686574, 0.0921355, 0.1537973, 0.0392453, 0.237535, 0.0174353, 0.015352, 0.116724, 0.0231033, 0.0193461, 0.1353801, 0.0355922, 0.0184299, 0.0272666]",0.05505530297616101,False
student_dev,raycast_log,student:11:18501:162,normal,4,turn_right,2.4330497161672797,0.1658698469400406,"[0.9767411, -0.4800217, -0.3189911, -0.553905, 0.9968646, -0.744534, -0.3662767, 0.69373, -0.8678827, -1.2735071, 0.4333356, 0.2588194, 0.1013683, 0.2128738]","[0.1625653, 0.037876, 0.0444937, 0.0351785, 0.1658698, 0.0290729, 0.0424388, 0.1224948, 0.0256991, 0.01713, 0.0944126, 0.0792937, 0.067742, 0.0757329]",,
student_dev,raycast_log,student:11:18501:162,zero,4,turn_right,2.300101364470759,0.2839597463607788,"[0.637103, -0.1408685, 0.4225616, -0.6491002, 1.6264373, -0.8790547, -0.5975796, 0.647731, -1.0313923, -1.2763482, 0.6846664, 0.0960548, -0.5477809, -0.1718917]","[0.1055831, 0.0484982, 0.0851962, 0.0291745, 0.2839597, 0.0231812, 0.030717, 0.1067112, 0.0199056, 0.0155809, 0.1107263, 0.0614639, 0.0322854, 0.0470167]",0.021518270539572632,False
student_dev,raycast_log,student:11:18501:162,earlier_same_episode,4,turn_right,2.434909891898485,0.1652326136827469,"[0.9610532, -0.4373848, -0.2861269, -0.5522949, 0.9843079, -0.7719112, -0.403332, 0.7154745, -0.863652, -1.2713355, 0.4036656, 0.2377887, 0.088328, 0.1795131]","[0.1614345, 0.0398715, 0.0463824, 0.0355433, 0.1652326, 0.0285351, 0.0412526, 0.1262824, 0.0260338, 0.0173174, 0.0924541, 0.0783225, 0.0674492, 0.0738887]",5.752379481826868e-05,False
student_dev,raycast_log,student:11:18501:162,foreign_diagnostic_state,4,turn_right,2.267361142055317,0.24019655585289001,"[0.236041, 0.5110301, 1.0975208, -0.3372297, 1.4987049, -1.0774512, -1.2321664, 0.7875153, -0.8820536, -1.0419118, 0.8626621, -0.3816573, -1.0573374, -0.6571056]","[0.0679515, 0.0894592, 0.160818, 0.0383028, 0.2401966, 0.0182708, 0.0156518, 0.1179508, 0.0222135, 0.0189318, 0.127156, 0.0366383, 0.018642, 0.027817]",0.05866827667394679,False
student_dev,raycast_log,student:11:18501:341,normal,0,noop,2.422177692894529,0.16761651635169983,"[1.0054127, -0.3830056, -0.3621096, -0.5764453, 0.9926658, -0.8339945, -0.4210123, 0.745557, -0.8661693, -1.2950664, 0.4345649, 0.2445854, 0.0448905, 0.1603159]","[0.1676165, 0.0418152, 0.0426982, 0.0344607, 0.1654935, 0.0266362, 0.0402558, 0.1292596, 0.0257928, 0.016797, 0.0947111, 0.0783238, 0.0641457, 0.0719939]",,
student_dev,raycast_log,student:11:18501:341,zero,4,turn_right,2.296224824671095,0.27628862857818604,"[0.6988903, -0.0485707, 0.3903254, -0.6889701, 1.5999103, -0.9496132, -0.6523153, 0.7007264, -1.0571578, -1.316352, 0.7244773, 0.0890751, -0.6195611, -0.2285725]","[0.1122161, 0.0531419, 0.0824227, 0.0280101, 0.2762886, 0.0215834, 0.0290559, 0.1124223, 0.0193826, 0.0149571, 0.1151244, 0.060984, 0.0300233, 0.0443877]",0.02048410644779062,True
student_dev,raycast_log,student:11:18501:341,earlier_same_episode,0,noop,2.4230216383467225,0.1726195514202118,"[1.0293355, -0.3601542, -0.3303966, -0.5477263, 0.9386828, -0.852587, -0.4405861, 0.7606955, -0.8952505, -1.3194541, 0.4325358, 0.2330721, 0.0306386, 0.1358263]","[0.1726196, 0.0430172, 0.0443165, 0.0356599, 0.1576595, 0.0262894, 0.0396927, 0.1319536, 0.0251914, 0.0164825, 0.0950393, 0.0778533, 0.063586, 0.0706389]",9.813634683627994e-05,False
student_dev,raycast_log,student:11:18501:341,foreign_diagnostic_state,4,turn_right,2.296224824671095,0.27628862857818604,"[0.6988903, -0.0485707, 0.3903254, -0.6889701, 1.5999103, -0.9496132, -0.6523153, 0.7007264, -1.0571578, -1.316352, 0.7244773, 0.0890751, -0.6195611, -0.2285725]","[0.1122161, 0.0531419, 0.0824227, 0.0280101, 0.2762886, 0.0215834, 0.0290559, 0.1124223, 0.0193826, 0.0149571, 0.1151244, 0.060984, 0.0300233, 0.0443877]",0.02048410644779062,True
student_dev,raycast_log,student:11:18501:487,normal,4,turn_right,2.454814260165618,0.1719885617494583,"[0.9081005, -0.5616409, -0.2613928, -0.5074188, 1.0328975, -0.5145029, -0.2557878, 0.4565696, -0.8448449, -1.2635103, 0.4863293, 0.2476285, 0.2137386, 0.2576236]","[0.1518102, 0.0349141, 0.0471407, 0.0368594, 0.1719886, 0.0365992, 0.0474057, 0.0966504, 0.0263031, 0.0173054, 0.0995699, 0.0784263, 0.075813, 0.0792141]",,
student_dev,raycast_log,student:11:18501:487,zero,4,turn_right,2.2972836735142748,0.30042651295661926,"[0.5478534, -0.2265767, 0.4802952, -0.6183023, 1.6866163, -0.6539882, -0.4906514, 0.3835779, -0.9917105, -1.2498059, 0.7081337, 0.0774663, -0.4232769, -0.1368385]","[0.096201, 0.0443455, 0.0899165, 0.0299726, 0.3004265, 0.0289219, 0.0340536, 0.0816274, 0.0206327, 0.0159392, 0.1129246, 0.0601026, 0.036427, 0.0485089]",0.023326221070410658,False
student_dev,raycast_log,student:11:18501:487,earlier_same_episode,4,turn_right,2.459514747526384,0.17106877267360687,"[0.8902591, -0.5114629, -0.2500952, -0.5106216, 1.0156415, -0.5416247, -0.2908401, 0.4696249, -0.8207887, -1.2507125, 0.4436694, 0.2256014, 0.2154462, 0.2295277]","[0.1509099, 0.0371499, 0.0482468, 0.0371812, 0.1710688, 0.0360461, 0.0463205, 0.099092, 0.0272659, 0.017738, 0.0965531, 0.0776356, 0.0768511, 0.077941]",5.660324906068729e-05,False
student_dev,raycast_log,student:11:18501:487,foreign_diagnostic_state,4,turn_right,2.2543066530906106,0.25579333305358887,"[0.1896182, 0.5543954, 1.1429139, -0.2997314, 1.5711863, -0.9026732, -1.1948792, 0.5700042, -0.9085798, -1.0652553, 0.8788012, -0.4037464, -0.9982246, -0.6813966]","[0.0642513, 0.0925343, 0.1666836, 0.0393876, 0.2557933, 0.0215529, 0.0160917, 0.0939899, 0.021426, 0.0183188, 0.1279942, 0.0354966, 0.0195888, 0.0268909]",0.0635316860947977,False
student_dev,contact,student:11:18501:0,normal,4,turn_right,2.5459402133117135,0.13250784575939178,"[0.1365768, -0.3316381, 0.275915, 0.420765, 0.7300344, -0.1948142, 0.1284644, -0.9999685, 0.0121021, -0.9634401, 0.5754004, -0.198613, 0.3644261, 0.114564]","[0.0731992, 0.0458314, 0.0841434, 0.0972585, 0.1325078, 0.0525515, 0.0726078, 0.0234915, 0.064632, 0.0243655, 0.1135233, 0.0523522, 0.0919306, 0.0716055]",,
student_dev,contact,student:11:18501:0,zero,4,turn_right,2.5459402133117135,0.13250784575939178,"[0.1365768, -0.3316381, 0.275915, 0.420765, 0.7300344, -0.1948142, 0.1284644, -0.9999685, 0.0121021, -0.9634401, 0.5754004, -0.198613, 0.3644261, 0.114564]","[0.0731992, 0.0458314, 0.0841434, 0.0972585, 0.1325078, 0.0525515, 0.0726078, 0.0234915, 0.064632, 0.0243655, 0.1135233, 0.0523522, 0.0919306, 0.0716055]",0.0,False
student_dev,contact,student:11:18501:0,earlier_same_episode,4,turn_right,2.5459402133117135,0.13250784575939178,"[0.1365768, -0.3316381, 0.275915, 0.420765, 0.7300344, -0.1948142, 0.1284644, -0.9999685, 0.0121021, -0.9634401, 0.5754004, -0.198613, 0.3644261, 0.114564]","[0.0731992, 0.0458314, 0.0841434, 0.0972585, 0.1325078, 0.0525515, 0.0726078, 0.0234915, 0.064632, 0.0243655, 0.1135233, 0.0523522, 0.0919306, 0.0716055]",0.0,False
student_dev,contact,student:11:18501:0,foreign_diagnostic_state,2,forward_jump,2.4509129824445632,0.1554105281829834,"[-0.1791824, 0.4827947, 0.9140275, 0.5886258, 0.81392, -0.5467222, -0.6353409, -0.7691736, -0.0280837, -0.7009596, 0.7696168, -0.6864296, -0.289198, -0.5287687]","[0.0520841, 0.1009714, 0.1554105, 0.1122433, 0.1406062, 0.0360649, 0.0330064, 0.0288719, 0.0605796, 0.0309101, 0.1345128, 0.0313625, 0.046658, 0.0367183]",0.025252008340522256,True
student_dev,contact,student:11:18501:166,normal,4,turn_right,2.4616189059920637,0.19328558444976807,"[0.1088856, -0.724578, -0.0579018, -0.6212854, 1.2088338, 0.34522, 0.0457238, -0.3021714, -0.2305648, -1.2801872, 0.536641, 0.1149551, 0.8347557, 0.4006843]","[0.0643425, 0.0279595, 0.0544582, 0.0310019, 0.1932856, 0.0814961, 0.0604042, 0.0426558, 0.0458223, 0.016041, 0.0986893, 0.0647342, 0.1329656, 0.0861439]",,
student_dev,contact,student:11:18501:166,zero,4,turn_right,2.29166104936097,0.31669628620147705,"[-0.1864571, -0.4605542, 0.6194549, -0.6892135, 1.772799, 0.130762, -0.2031983, -0.487276, -0.3742999, -1.3038362, 0.7298758, -0.0951656, 0.3208296, -0.0099943]","[0.0446425, 0.0339399, 0.0999429, 0.0270025, 0.3166963, 0.0613077, 0.0439014, 0.0330449, 0.0369973, 0.0146042, 0.111611, 0.0489098, 0.0741414, 0.0532581]",0.020923357915746385,False
student_dev,contact,student:11:18501:166,earlier_same_episode,4,turn_right,2.465862274798468,0.18819081783294678,"[0.1534101, -0.699479, -0.0951233, -0.6502637, 1.1724448, 0.324046, 0.0403529, -0.2552972, -0.244637, -1.3490735, 0.5296738, 0.1197248, 0.8380184, 0.3789182]","[0.0679262, 0.0289489, 0.0529786, 0.0304093, 0.1881908, 0.0805645, 0.0606649, 0.0451375, 0.0456213, 0.0151188, 0.098957, 0.0656762, 0.1346973, 0.0851087]",8.422428673291084e-05,False
student_dev,contact,student:11:18501:166,foreign_diagnostic_state,4,turn_right,2.2391379861287746,0.2886444926261902,"[-0.3531954, 0.2037205, 1.2059784, -0.4448191, 1.6849859, -0.2765841, -0.853254, -0.2388075, -0.4658255, -1.1314139, 0.9082949, -0.5576831, -0.2336981, -0.4884098]","[0.0376004, 0.0656233, 0.1787858, 0.0343084, 0.2886445, 0.0405942, 0.0228045, 0.0421571, 0.0335952, 0.017267, 0.1327549, 0.0306468, 0.042373, 0.032845]",0.05915035519493935,False
student_dev,contact,student:11:18501:329,normal,4,turn_right,2.4274804296283015,0.20637176930904388,"[0.6039576, -0.5825321, -0.4295341, -0.9817237, 1.2311733, -0.5529377, -0.1653928, 0.7510238, -0.1039532, -1.6130669, 0.2201939, 0.3440396, 0.1823221, 0.230652]","[0.1102184, 0.0336487, 0.0392116, 0.0225736, 0.2063718, 0.0346594, 0.0510657, 0.1276803, 0.0543016, 0.0120064, 0.0750909, 0.084991, 0.0723003, 0.0758804]",,
student_dev,contact,student:11:18501:329,zero,4,turn_right,2.204767775141254,0.36320239305496216,"[0.2039518, -0.2598189, 0.3252868, -0.9456448, 1.9097905, -0.8112833, -0.4609905, 0.6323401, -0.1755716, -1.6522297, 0.3731862, 0.1061651, -0.3317469, -0.2259644]","[0.0659648, 0.0414858, 0.0744745, 0.0208953, 0.3632024, 0.0239002, 0.0339259, 0.1012416, 0.0451323, 0.0103082, 0.0781286, 0.0598197, 0.0386066, 0.0429143]",0.02515429897125863,False
student_dev,contact,student:11:18501:329,earlier_same_episode,4,turn_right,2.4330146561741164,0.2142334282398224,"[0.5106912, -0.5713737, -0.3995459, -0.8321541, 1.2489508, -0.6224851, -0.1945447, 0.6862354, -0.0771276, -1.5599643, 0.1735765, 0.260724, 0.1954392, 0.2361178]","[0.1023918, 0.0347001, 0.0412054, 0.0267347, 0.2142334, 0.0329711, 0.0505807, 0.1220402, 0.0568825, 0.0129119, 0.07309, 0.0797454, 0.0747056, 0.0778071]",0.0003436474414384668,False
student_dev,contact,student:11:18501:329,foreign_diagnostic_state,4,turn_right,2.204767775141254,0.36320239305496216,"[0.2039518, -0.2598189, 0.3252868, -0.9456448, 1.9097905, -0.8112833, -0.4609905, 0.6323401, -0.1755716, -1.6522297, 0.3731862, 0.1061651, -0.3317469, -0.2259644]","[0.0659648, 0.0414858, 0.0744745, 0.0208953, 0.3632024, 0.0239002, 0.0339259, 0.1012416, 0.0451323, 0.0103082, 0.0781286, 0.0598197, 0.0386066, 0.0429143]",0.02515429897125863,False
student_dev,contact,student:11:18501:496,normal,4,turn_right,2.380893185462452,0.21847011148929596,"[1.06013, -0.243661, -0.5982268, -0.8216915, 1.3129331, -0.488645, -0.3020023, 0.3826652, -0.6259613, -1.484512, 0.3990359, 0.4267307, -0.0085857, 0.041711]","[0.1696684, 0.0460651, 0.0323136, 0.0258426, 0.2184701, 0.0360559, 0.0434545, 0.0861751, 0.0314297, 0.0133192, 0.0875975, 0.0900574, 0.0582725, 0.0612784]",,
student_dev,contact,student:11:18501:496,zero,4,turn_right,2.122521469145759,0.39303261041641235,"[0.6276327, 0.1770376, 0.2403601, -0.9383247, 2.0519478, -0.6838371, -0.6578147, 0.2912097, -0.7617316, -1.4856483, 0.633195, 0.1865601, -0.6790689, -0.4463784]","[0.0945924, 0.0602789, 0.0642194, 0.0197592, 0.3930326, 0.0254854, 0.0261573, 0.0675693, 0.0235756, 0.0114306, 0.09512, 0.0608557, 0.0256073, 0.0323161]",0.03087201453105861,False
student_dev,contact,student:11:18501:496,earlier_same_episode,4,turn_right,2.359688581961789,0.22827868163585663,"[1.0937934, -0.2394496, -0.5262036, -0.9378043, 1.3867816, -0.4553514, -0.3166846, 0.4436398, -0.6668531, -1.4906315, 0.4287301, 0.4790682, -0.0550559, 0.0178891]","[0.170303, 0.0448954, 0.0337028, 0.0223311, 0.2282787, 0.0361774, 0.0415585, 0.0888923, 0.0292808, 0.0128476, 0.0875768, 0.0920981, 0.0539863, 0.0580715]",0.00023975139072668686,False
student_dev,contact,student:11:18501:496,foreign_diagnostic_state,4,turn_right,2.087131891384209,0.3664761483669281,"[0.4508768, 1.0344127, 0.486947, -1.0429602, 2.0390723, -0.7933976, -1.1666737, 0.6183427, -0.851937, -1.3824743, 0.6997635, -0.0839556, -1.3057988, -0.8706951]","[0.0748689, 0.1341923, 0.0776187, 0.0168088, 0.3664761, 0.0215735, 0.0148528, 0.0885178, 0.0203468, 0.0119698, 0.0960265, 0.0438557, 0.0129237, 0.0199687]",0.05812560945684566,False
student_dev,early,student:11:18502:0,normal,4,turn_right,1.934829990781519,0.49981123208999634,"[-0.6563654, 0.1896451, 0.1934998, -0.4641897, 2.527071, -0.4219469, -0.1145743, -0.4251421, 0.4539149, 0.4102366, -0.6389517, -0.3114197, -0.2797049, 0.5052911]","[0.0207137, 0.0482697, 0.0484562, 0.0251026, 0.4998112, 0.0261857, 0.0356085, 0.0261021, 0.0628703, 0.0601834, 0.0210775, 0.0292459, 0.0301883, 0.0661848]",,
student_dev,early,student:11:18502:0,zero,4,turn_right,1.934829990781519,0.49981123208999634,"[-0.6563654, 0.1896451, 0.1934998, -0.4641897, 2.527071, -0.4219469, -0.1145743, -0.4251421, 0.4539149, 0.4102366, -0.6389517, -0.3114197, -0.2797049, 0.5052911]","[0.0207137, 0.0482697, 0.0484562, 0.0251026, 0.4998112, 0.0261857, 0.0356085, 0.0261021, 0.0628703, 0.0601834, 0.0210775, 0.0292459, 0.0301883, 0.0661848]",0.0,False
student_dev,early,student:11:18502:0,earlier_same_episode,4,turn_right,1.934829990781519,0.49981123208999634,"[-0.6563654, 0.1896451, 0.1934998, -0.4641897, 2.527071, -0.4219469, -0.1145743, -0.4251421, 0.4539149, 0.4102366, -0.6389517, -0.3114197, -0.2797049, 0.5052911]","[0.0207137, 0.0482697, 0.0484562, 0.0251026, 0.4998112, 0.0261857, 0.0356085, 0.0261021, 0.0628703, 0.0601834, 0.0210775, 0.0292459, 0.0301883, 0.0661848]",0.0,False
student_dev,early,student:11:18502:0,foreign_diagnostic_state,4,turn_right,1.96052242401833,0.46562179923057556,"[-0.8774053, 1.05389, 0.3115005, -0.5574464, 2.4430785, -0.5897208, -0.5547391, -0.257677, 0.3447994, 0.5641605, -0.5929604, -0.4923011, -0.6965623, 0.2244183]","[0.0168254, 0.116069, 0.055246, 0.0231698, 0.4656218, 0.0224339, 0.0232326, 0.0312687, 0.0571166, 0.0711262, 0.0223614, 0.0247294, 0.0201607, 0.0506386]",0.010007508051909423,False
student_dev,early,student:11:18502:55,normal,4,turn_right,1.9345759415949542,0.48017120361328125,"[0.4317022, 0.2407093, -0.2994799, -1.3003039, 2.4551067, -1.0392065, -0.4657532, 0.1081733, 0.4504417, -0.5981311, -0.7777911, -0.0818987, -0.3634524, 0.913665]","[0.0634808, 0.052444, 0.0305558, 0.0112316, 0.4801712, 0.0145826, 0.0258751, 0.0459342, 0.0646817, 0.0226669, 0.0189394, 0.0379829, 0.0286623, 0.1027913]",,
student_dev,early,student:11:18502:55,zero,4,turn_right,1.5445895939114265,0.6345831155776978,"[-0.1614128, 0.6015986, 0.3357789, -1.1846124, 3.0378952, -1.0409939, -0.6363655, 0.0333896, 0.2979905, -0.1799487, -0.6815683, -0.1943428, -0.6296014, 0.5134876]","[0.0258849, 0.055516, 0.0425573, 0.0093042, 0.6345831, 0.0107411, 0.0160982, 0.031452, 0.0409792, 0.0254095, 0.0153867, 0.0250464, 0.0162075, 0.0508338]",0.018905750097763397,False
student_dev,early,student:11:18502:55,earlier_same_episode,4,turn_right,1.985822216928765,0.4558960199356079,"[0.4572871, 0.2380783, -0.4093032, -1.1384189, 2.3732929, -1.0046468, -0.4262476, 0.0239471, 0.4872419, -0.5442797, -0.8493146, -0.080746, -0.3081092, 0.9707108]","[0.067105, 0.0538957, 0.0282098, 0.0136066, 0.455896, 0.0155541, 0.0277358, 0.0435069, 0.0691456, 0.0246479, 0.0181679, 0.0391823, 0.0312139, 0.1121327]",0.0005036017607745464,False
student_dev,early,student:11:18502:55,foreign_diagnostic_state,4,turn_right,1.5985176478151621,0.589148223400116,"[-0.351263, 1.3940309, 0.5603058, -1.3298109, 2.9620366, -1.1273835, -1.0563968, 0.1305841, 0.1378558, -0.0265151, -0.5235906, -0.3732581, -1.1472871, 0.1852209]","[0.0214426, 0.1228141, 0.0533539, 0.0080593, 0.5891482, 0.0098676, 0.0105935, 0.0347169, 0.0349702, 0.0296697, 0.0180483, 0.0209761, 0.0096732, 0.0366664]",0.033811741357504865,False
student_dev,early,student:11:18502:110,normal,4,turn_right,1.5714994826844957,0.6240617632865906,"[0.2537436, 0.2288719, -0.4359462, -1.0765954, 2.9994104, -0.8622338, -0.4378203, 0.5950469, -0.1194528, -0.5851353, -0.7781646, 0.1553736, -0.5197685, 0.6990623]","[0.0400682, 0.0390839, 0.0201035, 0.0105935, 0.6240618, 0.0131261, 0.0200658, 0.0563671, 0.0275881, 0.0173173, 0.0142773, 0.0363143, 0.018487, 0.0625459]",,
student_dev,early,student:11:18502:110,zero,4,turn_right,1.1410257578099097,0.7587990164756775,"[-0.280347, 0.4888611, 0.1714325, -1.0161703, 3.5982139, -0.8996716, -0.6675882, 0.5543097, -0.2679011, -0.1904032, -0.5983662, 0.0756366, -0.8558768, 0.3167412]","[0.0156924, 0.0338651, 0.0246544, 0.0075184, 0.758799, 0.0084473, 0.010654, 0.0361556, 0.0158889, 0.0171692, 0.0114176, 0.0224022, 0.0088255, 0.0285103]",0.014325738632828782,False
student_dev,early,student:11:18502:110,earlier_same_episode,4,turn_right,1.527935657328098,0.638355553150177,"[0.2615921, 0.1492389, -0.3816968, -1.1347909, 3.0512919, -0.8972375, -0.4504577, 0.6094584, -0.1195544, -0.5918502, -0.7825119, 0.1363394, -0.5563186, 0.6991156]","[0.0392203, 0.0350523, 0.0206127, 0.0097067, 0.6383556, 0.0123094, 0.019243, 0.0555377, 0.0267905, 0.0167058, 0.0138058, 0.0346031, 0.01731, 0.0607471]",0.00015546138210975526,False
student_dev,early,student:11:18502:110,foreign_diagnostic_state,4,turn_right,1.2670510489370679,0.7085638642311096,"[-0.4548402, 1.2585945, 0.3928317, -1.187555, 3.4544535, -0.942212, -1.0487761, 0.6140322, -0.3732838, -0.0563954, -0.427266, -0.1137847, -1.3249158, 0.0399473]","[0.01421, 0.0788369, 0.0331691, 0.0068294, 0.7085639, 0.0087283, 0.0078461, 0.0413809, 0.0154175, 0.0211659, 0.0146073, 0.0199854, 0.0059529, 0.0233065]",0.019675298519498965,False
student_dev,early,student:11:18502:166,normal,4,turn_right,2.261886080299032,0.277534157037735,"[0.1197932, 0.4964629, 0.0920409, -0.9646602, 1.6810346, -1.2354163, -0.634796, 1.1644944, 0.4698318, -1.8167999, -0.391344, 0.3071006, -0.8227515, 0.3866197]","[0.0582476, 0.0848914, 0.0566533, 0.0196927, 0.2775342, 0.0150217, 0.0273882, 0.1655716, 0.0826604, 0.008399, 0.0349377, 0.0702465, 0.0226953, 0.0760605]",,
student_dev,early,student:11:18502:166,zero,4,turn_right,2.125334938803581,0.36918434500694275,"[-0.2795073, 0.7485793, 0.513211, -0.6795976, 2.1009834, -1.2447573, -0.7761552, 0.9938924, 0.4643819, -1.7318642, -0.2004215, 0.3130507, -1.0225666, 0.144867]","[0.0341515, 0.0954776, 0.075454, 0.0228903, 0.3691843, 0.0130079, 0.0207835, 0.1220225, 0.0718582, 0.0079921, 0.036962, 0.0617666, 0.0162444, 0.0522051]",0.009378343646331068,False
student_dev,early,student:11:18502:166,earlier_same_episode,4,turn_right,2.308274686225622,0.26753711700439453,"[0.183872, 0.4379399, -0.0820106, -0.7298195, 1.5784042, -1.2233709, -0.5301262, 0.9271426, 0.4439453, -1.8901342, -0.4891208, 0.2646483, -0.7672226, 0.4797611]","[0.0663356, 0.0855237, 0.0508481, 0.0266033, 0.2675371, 0.0162401, 0.0324834, 0.1394905, 0.0860389, 0.0083371, 0.033843, 0.0719163, 0.0256266, 0.0891763]",0.0015248372724202567,False
student_dev,early,student:11:18502:166,foreign_diagnostic_state,4,turn_right,2.04918248379248,0.3356715440750122,"[-0.4080038, 1.5193676, 0.6924068, -0.8661233, 2.0981541, -1.3551093, -1.1891897, 1.1978921, 0.3587726, -1.5858124, -0.2489954, 0.0702442, -1.5459452, -0.1040931]","[0.0273844, 0.1881702, 0.0823012, 0.0173199, 0.3356715, 0.0106214, 0.0125383, 0.1364381, 0.0589537, 0.0084331, 0.0321041, 0.0441778, 0.0087761, 0.03711]",0.025313045042712194,False
student_dev,mid,student:11:18502:167,normal,4,turn_right,2.2560171428648284,0.2635400593280792,"[0.2951686, 0.420385, 0.1169852, -1.0881984, 1.6372116, -1.3025655, -0.7003239, 1.3046817, 0.3577765, -1.9057385, -0.2619428, 0.3509485, -0.8482429, 0.3274008]","[0.068866, 0.0780523, 0.0576263, 0.017267, 0.2635401, 0.0139353, 0.0254488, 0.1889865, 0.0733154, 0.0076236, 0.0394507, 0.0728165, 0.0219496, 0.0711218]",,
student_dev,mid,student:11:18502:167,zero,4,turn_right,2.153161764394609,0.34499162435531616,"[-0.1484712, 0.7904028, 0.5147856, -0.7344065, 2.00962, -1.3000435, -0.8648074, 1.0826498, 0.3566836, -1.8559192, -0.0919143, 0.3492171, -1.0971503, 0.0490273]","[0.0398622, 0.1019317, 0.0773767, 0.0221867, 0.3449916, 0.012602, 0.0194742, 0.1365308, 0.0660613, 0.0072281, 0.0421817, 0.0655699, 0.0154367, 0.0485662]",0.010272170847302179,False
student_dev,mid,student:11:18502:167,earlier_same_episode,4,turn_right,2.322533267915931,0.24854198098182678,"[0.3238873, 0.4712673, -0.0810772, -0.7641365, 1.4899914, -1.2718221, -0.5937604, 1.0045145, 0.3237717, -2.0061927, -0.3849727, 0.297186, -0.8037465, 0.3979382]","[0.0774403, 0.0897374, 0.0516527, 0.0260882, 0.248542, 0.0157022, 0.0309341, 0.1529536, 0.0774314, 0.007534, 0.0381165, 0.0753999, 0.0250751, 0.0833925]",0.002424733469751475,False
student_dev,mid,student:11:18502:167,foreign_diagnostic_state,4,turn_right,2.048351123988086,0.3247699737548828,"[-0.2970361, 1.5954145, 0.7359644, -0.9339939, 2.0702398, -1.3833967, -1.2113692, 1.1899468, 0.2002614, -1.8036115, -0.0235689, 0.087547, -1.6307858, -0.1734201]","[0.0304426, 0.2020049, 0.0855278, 0.016101, 0.32477, 0.0102726, 0.0122009, 0.1346696, 0.0500558, 0.0067481, 0.0400172, 0.0447202, 0.0080212, 0.0344482]",0.03235899997756253,False
student_dev,mid,student:11:18502:222,normal,4,turn_right,2.0652130790110363,0.39815524220466614,"[0.2231012, 0.1769065, -0.1363832, -1.1734495, 2.2028906, -1.1421291, -0.5328059, 1.1286134, 0.3576989, -1.5590082, -0.5787601, 0.3382044, -0.7048424, 0.6735715]","[0.0549846, 0.0525023, 0.0383812, 0.0136059, 0.3981552, 0.0140388, 0.0258199, 0.1359877, 0.0629065, 0.009253, 0.0246602, 0.0616921, 0.021739, 0.0862735]",,
student_dev,mid,student:11:18502:222,zero,4,turn_right,1.7931545684656398,0.5315936207771301,"[-0.2551921, 0.476591, 0.2348572, -0.8802074, 2.7019367, -1.1473355, -0.7153271, 0.9895532, 0.3185184, -1.3759624, -0.3856313, 0.3223685, -0.876969, 0.3859673]","[0.0276258, 0.0574281, 0.0450963, 0.0147868, 0.5315936, 0.0113204, 0.0174374, 0.0959182, 0.0490314, 0.0090068, 0.0242474, 0.0492205, 0.0148348, 0.0524526]",0.01273094752849134,False
student_dev,mid,student:11:18502:222,earlier_same_episode,4,turn_right,2.0514325989328084,0.4030126631259918,"[0.1610801, 0.2722597, -0.1168555, -1.1949148, 2.2264559, -1.149573, -0.5745473, 1.1649293, 0.3703756, -1.5372995, -0.5973296, 0.3328375, -0.7279894, 0.626134]","[0.0510902, 0.0570982, 0.0386929, 0.0131655, 0.4030127, 0.0137762, 0.0244827, 0.1394131, 0.0629844, 0.0093485, 0.0239312, 0.0606639, 0.021, 0.0813407]",0.00015811560395459436,False
student_dev,mid,student:11:18502:222,foreign_diagnostic_state,4,turn_right,1.815760894250573,0.4831196665763855,"[-0.4251488, 1.2957729, 0.5300682, -1.0684978, 2.6329618, -1.3093652, -1.1701099, 1.2307161, 0.1536139, -1.1814901, -0.4338168, 0.0733072, -1.4089452, 0.0879026]","[0.0226952, 0.1268589, 0.0589902, 0.011927, 0.4831197, 0.009374, 0.0107746, 0.1188686, 0.0404844, 0.0106527, 0.0224993, 0.0373603, 0.0084855, 0.0379096]",0.025819303657906047,False
student_dev,mid,student:11:18502:277,normal,4,turn_right,2.2151828335425603,0.2580430507659912,"[0.3720928, 0.4131899, 0.0686185, -1.0726403, 1.6132623, -1.3495167, -0.7782483, 1.4691037, -0.002166, -2.1038055, -0.1653609, 0.4202796, -0.9516554, 0.1100637]","[0.0745863, 0.0777154, 0.0550633, 0.0175881, 0.2580431, 0.0133344, 0.0236087, 0.2234009, 0.0513004, 0.0062718, 0.0435759, 0.0782684, 0.0198501, 0.0573933]",,
student_dev,mid,student:11:18502:277,zero,4,turn_right,2.1200755936166624,0.3371899127960205,"[-0.0731484, 0.8500144, 0.4799097, -0.7423356, 1.9962647, -1.3669666, -0.995568, 1.3086205, 0.0251567, -2.0434341, 0.0466463, 0.3976784, -1.233932, -0.2211752]","[0.0425735, 0.1071678, 0.0740167, 0.021803, 0.3371899, 0.0116746, 0.0169254, 0.1695253, 0.0469714, 0.0059355, 0.0479917, 0.0681738, 0.0133358, 0.0367158]",0.010744057716524596,False
student_dev,mid,student:11:18502:277,earlier_same_episode,4,turn_right,2.2620118033959176,0.2423093169927597,"[0.3478641, 0.5254769, 0.0095515, -0.9185358, 1.4996872, -1.3052813, -0.7469782, 1.3473085, -0.0158056, -2.159431, -0.1642514, 0.3896811, -0.9452178, 0.0846783]","[0.0765843, 0.0914694, 0.0546025, 0.0215849, 0.2423093, 0.0146618, 0.0256245, 0.2080621, 0.0532353, 0.0062407, 0.0458913, 0.0798547, 0.0210165, 0.0588626]",0.000726397628282976,False
student_dev,mid,student:11:18502:277,foreign_diagnostic_state,4,turn_right,2.0032784096195275,0.30464255809783936,"[-0.1721143, 1.6522022, 0.6767311, -0.9510999, 2.0542741, -1.4468232, -1.4121029, 1.5822831, -0.1148414, -1.9235888, 0.0930581, 0.1243752, -1.7949505, -0.4883003]","[0.0328763, 0.2037854, 0.0768301, 0.015086, 0.3046426, 0.0091893, 0.009514, 0.1900236, 0.0348141, 0.0057046, 0.0428593, 0.0442228, 0.0064877, 0.0239643]",0.03162883174219861,False
student_dev,mid,student:11:18502:333,normal,4,turn_right,1.7481185392324057,0.533787727355957,"[-0.1662398, 0.4601449, 0.1125262, -1.1159878, 2.75806, -0.9841587, -0.644483, 1.3195745, -0.0634612, -1.330002, -0.6045632, 0.4970694, -1.0036789, 0.4020048]","[0.0286656, 0.0536286, 0.0378816, 0.011089, 0.5337877, 0.0126515, 0.017769, 0.1266608, 0.0317686, 0.0089525, 0.0184927, 0.0556459, 0.012407, 0.0505996]",,
student_dev,mid,student:11:18502:333,zero,4,turn_right,1.4449470831948146,0.6482645869255066,"[-0.6606343, 0.8008486, 0.4577591, -0.9075312, 3.236753, -0.9553419, -0.8153774, 1.2436703, -0.07857, -1.1362469, -0.3834818, 0.3985893, -1.1917676, 0.0633055]","[0.0131564, 0.0567352, 0.0402579, 0.0102781, 0.6482646, 0.0097983, 0.0112703, 0.0883421, 0.0235465, 0.0081768, 0.0173582, 0.0379449, 0.0077352, 0.0271357]",0.00970881074711447,False
student_dev,mid,student:11:18502:333,earlier_same_episode,4,turn_right,1.681961151943348,0.5579305291175842,"[-0.1940269, 0.3961068, 0.1000288, -1.2459848, 2.8551712, -1.0006025, -0.6401774, 1.3684564, -0.0109746, -1.2879938, -0.6356028, 0.4838831, -0.9686086, 0.3685392]","[0.0264442, 0.0477114, 0.0354844, 0.0092357, 0.5579305, 0.0118043, 0.0169266, 0.126156, 0.0317562, 0.0088558, 0.0170042, 0.0520886, 0.012188, 0.0464141]",0.0004076574571426016,False
student_dev,mid,student:11:18502:333,foreign_diagnostic_state,4,turn_right,1.5597620268623995,0.5782598257064819,"[-0.7354162, 1.5169765, 0.6267972, -1.1057382, 3.0974259, -1.002952, -1.1331201, 1.3826081, -0.1631909, -1.0246533, -0.4370834, 0.2584278, -1.6270552, -0.1189401]","[0.0125182, 0.1190536, 0.0488813, 0.0086439, 0.5782598, 0.0095797, 0.0084105, 0.1040847, 0.0221848, 0.009374, 0.0168696, 0.0338191, 0.0051322, 0.0231885]",0.015544524988510581,False
student_dev,late,student:11:18502:334,normal,4,turn_right,1.5681756592954335,0.6046298146247864,"[0.2098515, 0.5147686, -0.1398421, -1.1101822, 3.0030277, -1.0427929, -0.8458631, 1.1834849, -0.3534266, -1.3676863, -0.6640376, 0.6257739, -1.1886492, 0.3182009]","[0.0370193, 0.0502172, 0.0260951, 0.0098888, 0.6046298, 0.0105782, 0.0128806, 0.0980104, 0.0210766, 0.0076439, 0.0154491, 0.0561127, 0.0091425, 0.0412557]",,
student_dev,late,student:11:18502:334,zero,4,turn_right,1.2218866192588937,0.7206794619560242,"[-0.2444872, 0.8996406, 0.1717974, -0.8740318, 3.5287709, -1.0355948, -1.1055704, 1.1526579, -0.4050093, -1.0850652, -0.3239156, 0.5130049, -1.4895635, -0.1205729]","[0.0165591, 0.0519907, 0.0251089, 0.0088233, 0.7206795, 0.0075069, 0.0069996, 0.0669591, 0.0141034, 0.0071446, 0.0152947, 0.0353193, 0.0047677, 0.0187436]",0.010676577734243388,False
student_dev,late,student:11:18502:334,earlier_same_episode,4,turn_right,1.4772802969035106,0.6355313062667847,"[0.1585344, 0.4678335, -0.1233165, -1.2522503, 3.1348825, -1.0377686, -0.850927, 1.2497797, -0.3000723, -1.3220581, -0.6733528, 0.6175417, -1.1682038, 0.2550132]","[0.0323985, 0.044142, 0.024441, 0.0079037, 0.6355313, 0.0097944, 0.0118065, 0.0964822, 0.0204812, 0.0073708, 0.0141007, 0.0512708, 0.0085967, 0.0356801]",0.0006372439753336064,False
student_dev,late,student:11:18502:334,foreign_diagnostic_state,4,turn_right,1.3553065745836832,0.6495994329452515,"[-0.2797002, 1.6901988, 0.4030275, -1.0848126, 3.4098144, -1.1113105, -1.517691, 1.3442925, -0.5195894, -0.910221, -0.2660575, 0.2892396, -1.9641144, -0.3734363]","[0.0162297, 0.116366, 0.0321229, 0.0072553, 0.6495994, 0.0070656, 0.0047061, 0.0823381, 0.0127681, 0.0086393, 0.0164526, 0.028668, 0.0030115, 0.0147775]",0.01786688045295512,False
student_dev,late,student:11:18502:389,normal,4,turn_right,1.7884178797951367,0.5310018062591553,"[0.4239193, -0.1896451, -0.5792907, -0.9716154, 2.6153526, -1.0033879, -0.492971, 1.0372177, -0.2237386, -1.4484557, -0.614895, 0.4504987, -0.420312, 0.1669886]","[0.0593429, 0.0321293, 0.0217611, 0.0146993, 0.5310018, 0.0142396, 0.0237229, 0.1095773, 0.0310523, 0.0091244, 0.0209999, 0.0609413, 0.0255108, 0.0458971]",,
student_dev,late,student:11:18502:389,zero,4,turn_right,1.359493847646137,0.6857075691223145,"[0.004357, 0.1715402, 0.0088044, -0.8073254, 3.2315423, -1.0636351, -0.8162051, 1.0551535, -0.3410902, -1.3226546, -0.2941251, 0.3259555, -0.8807969, -0.253309]","[0.0272013, 0.0321512, 0.0273226, 0.0120804, 0.6857076, 0.009349, 0.0119736, 0.0777939, 0.0192559, 0.0072157, 0.0201819, 0.0375196, 0.0112246, 0.0210226]",0.016763230220186616,False
student_dev,late,student:11:18502:389,earlier_same_episode,4,turn_right,1.8345650887279197,0.5017408728599548,"[0.5674659, -0.2353934, -0.4706579, -1.0931746, 2.5731282, -0.9586207, -0.4487597, 1.2141994, -0.3787305, -1.5272318, -0.4068631, 0.528031, -0.4859088, 0.2104616]","[0.0675198, 0.030252, 0.02391, 0.0128299, 0.5017409, 0.0146778, 0.0244394, 0.1289152, 0.0262122, 0.0083122, 0.0254851, 0.064909, 0.0235481, 0.0472483]",0.001083100147528074,False
student_dev,late,student:11:18502:389,foreign_diagnostic_state,4,turn_right,1.5090651127105659,0.6187017560005188,"[-0.0708762, 0.979803, 0.2208887, -0.8724583, 3.0420833, -1.1356424, -1.2626218, 1.2119263, -0.4009954, -1.1938379, -0.223349, 0.0997565, -1.394097, -0.5792491]","[0.0275131, 0.0786764, 0.0368343, 0.0123429, 0.6187018, 0.0094868, 0.0083555, 0.0992326, 0.0197775, 0.0089504, 0.0236223, 0.0326321, 0.0073261, 0.0165484]",0.022118322205858833,False
student_dev,late,student:11:18502:444,normal,4,turn_right,1.438315244277727,0.6526284217834473,"[0.1799458, 0.6174031, -0.4075069, -0.8765419, 3.1354799, -1.1211871, -0.909968, 1.0183645, -0.4830907, -1.3052166, -0.836456, 0.586081, -1.2858272, 0.1967719]","[0.0339699, 0.0526113, 0.0188785, 0.0118105, 0.6526284, 0.0092474, 0.0114222, 0.0785623, 0.0175041, 0.007693, 0.0122935, 0.050989, 0.0078436, 0.0345463]",,
student_dev,late,student:11:18502:444,zero,4,turn_right,1.1417685691735138,0.7439454197883606,"[-0.2026827, 1.0220367, -0.0380593, -0.7487927, 3.6375442, -1.0807525, -1.1460754, 1.0922168, -0.5715592, -0.9924338, -0.3687846, 0.5575435, -1.6039007, -0.1803108]","[0.0159864, 0.0544052, 0.0188472, 0.0092593, 0.7439454, 0.0066437, 0.0062236, 0.0583606, 0.0110548, 0.0072572, 0.0135399, 0.0341912, 0.0039374, 0.0163481]",0.007690121137174795,False
student_dev,late,student:11:18502:444,earlier_same_episode,4,turn_right,1.345755639634851,0.6811333298683167,"[0.1314464, 0.5752418, -0.3159351, -1.0690664, 3.2927437, -1.0738325, -0.9076241, 1.1378391, -0.4630026, -1.2528816, -0.7931713, 0.6593233, -1.2875724, 0.1554668]","[0.0288601, 0.0449817, 0.0184503, 0.008688, 0.6811333, 0.0086467, 0.0102102, 0.0789531, 0.0159269, 0.0072292, 0.0114483, 0.0489274, 0.0069827, 0.0295617]",0.000698311976245485,False
student_dev,late,student:11:18502:444,foreign_diagnostic_state,4,turn_right,1.2726348250159278,0.6830096244812012,"[-0.2066564, 1.6323853, 0.1919777, -0.9661049, 3.5197868, -1.0953851, -1.4807556, 1.291351, -0.6581969, -0.7920172, -0.316396, 0.3510649, -2.0187156, -0.3534487]","[0.0164457, 0.103452, 0.0245007, 0.0076954, 0.6830096, 0.0067621, 0.0045996, 0.0735579, 0.0104701, 0.0091587, 0.0147365, 0.0287256, 0.0026859, 0.0142004]",0.012192896348640785,False
student_dev,late,student:11:18502:499,normal,4,turn_right,1.4823025966326902,0.6475894451141357,"[0.2453106, 0.060916, -0.6745338, -0.8282056, 3.0602627, -0.8941321, -0.5544413, 0.9020739, -0.2022962, -1.3607723, -0.8941597, 0.4809053, -0.5541288, 0.1821232]","[0.0387955, 0.0322626, 0.0154632, 0.0132605, 0.6475894, 0.0124145, 0.0174363, 0.0748187, 0.0247964, 0.0077852, 0.0124141, 0.049102, 0.0174417, 0.03642]",,
student_dev,late,student:11:18502:499,zero,4,turn_right,1.0298883696608117,0.7838116884231567,"[-0.1725981, 0.3184137, -0.1259059, -0.7808971, 3.7204401, -0.9093923, -0.8969954, 0.9957985, -0.3211762, -1.1953077, -0.4473096, 0.4000627, -1.0089159, -0.2368943]","[0.0159767, 0.0261054, 0.0167404, 0.0086957, 0.7838117, 0.0076472, 0.0077426, 0.0513943, 0.0137708, 0.0057455, 0.0121389, 0.0283263, 0.0069227, 0.0149818]",0.014214113259167573,False
student_dev,late,student:11:18502:499,earlier_same_episode,4,turn_right,1.440985875225016,0.6600219011306763,"[0.296362, -0.1197227, -0.5988045, -0.8820902, 3.11569, -0.9080524, -0.5032158, 0.9359259, -0.2977174, -1.4359732, -0.8267788, 0.4761784, -0.6078601, 0.2544536]","[0.0393677, 0.0259679, 0.0160833, 0.0121156, 0.6600219, 0.0118051, 0.0176965, 0.0746275, 0.0217337, 0.006963, 0.0128046, 0.047123, 0.0159383, 0.0377519]",0.0003178911114546424,False
student_dev,late,student:11:18502:499,foreign_diagnostic_state,4,turn_right,1.1722161632095498,0.7318685054779053,"[-0.2261097, 1.1189035, 0.102627, -0.8906235, 3.561552, -0.9535602, -1.3418241, 1.1471975, -0.4088246, -1.0189422, -0.3173323, 0.1651042, -1.5389936, -0.5424919]","[0.0165757, 0.0636216, 0.0230272, 0.0085286, 0.7318685, 0.0080084, 0.0054316, 0.0654474, 0.0138077, 0.0075015, 0.0151306, 0.0245118, 0.0044596, 0.0120801]",0.017087423741778362,False
student_dev,contact,student:11:18502:0,normal,4,turn_right,1.934829990781519,0.49981123208999634,"[-0.6563654, 0.1896451, 0.1934998, -0.4641897, 2.527071, -0.4219469, -0.1145743, -0.4251421, 0.4539149, 0.4102366, -0.6389517, -0.3114197, -0.2797049, 0.5052911]","[0.0207137, 0.0482697, 0.0484562, 0.0251026, 0.4998112, 0.0261857, 0.0356085, 0.0261021, 0.0628703, 0.0601834, 0.0210775, 0.0292459, 0.0301883, 0.0661848]",,
student_dev,contact,student:11:18502:0,zero,4,turn_right,1.934829990781519,0.49981123208999634,"[-0.6563654, 0.1896451, 0.1934998, -0.4641897, 2.527071, -0.4219469, -0.1145743, -0.4251421, 0.4539149, 0.4102366, -0.6389517, -0.3114197, -0.2797049, 0.5052911]","[0.0207137, 0.0482697, 0.0484562, 0.0251026, 0.4998112, 0.0261857, 0.0356085, 0.0261021, 0.0628703, 0.0601834, 0.0210775, 0.0292459, 0.0301883, 0.0661848]",0.0,False
student_dev,contact,student:11:18502:0,earlier_same_episode,4,turn_right,1.934829990781519,0.49981123208999634,"[-0.6563654, 0.1896451, 0.1934998, -0.4641897, 2.527071, -0.4219469, -0.1145743, -0.4251421, 0.4539149, 0.4102366, -0.6389517, -0.3114197, -0.2797049, 0.5052911]","[0.0207137, 0.0482697, 0.0484562, 0.0251026, 0.4998112, 0.0261857, 0.0356085, 0.0261021, 0.0628703, 0.0601834, 0.0210775, 0.0292459, 0.0301883, 0.0661848]",0.0,False
student_dev,contact,student:11:18502:0,foreign_diagnostic_state,4,turn_right,1.9089326556016284,0.4872414469718933,"[-0.8549571, 1.0655842, 0.3716675, -0.6318575, 2.5292959, -0.5532771, -0.5329818, -0.2885833, 0.2590962, 0.5967631, -0.5163175, -0.5070009, -0.7536114, 0.181613]","[0.0165189, 0.1127359, 0.0563246, 0.0206478, 0.4872414, 0.0223357, 0.0227937, 0.0291041, 0.0503279, 0.0705433, 0.0231767, 0.0233936, 0.0182808, 0.0465756]",0.010215701565356377,False
student_dev,contact,student:11:18502:168,normal,4,turn_right,2.2418100072975347,0.2516521215438843,"[0.4118704, 0.3636051, 0.0627046, -1.117081, 1.5867996, -1.3646348, -0.7316045, 1.4184662, 0.1766534, -2.0234504, -0.1968894, 0.3873061, -0.8690191, 0.2541223]","[0.0777205, 0.0740583, 0.0548144, 0.0168469, 0.2516521, 0.0131525, 0.0247703, 0.2126642, 0.0614302, 0.006806, 0.0422819, 0.0758346, 0.02159, 0.0663783]",,
student_dev,contact,student:11:18502:168,zero,4,turn_right,2.1565445235098464,0.32966136932373047,"[-0.049832, 0.7789714, 0.4676204, -0.7637021, 1.9515146, -1.3698779, -0.9273566, 1.2251747, 0.1980678, -1.9618171, -0.0099523, 0.3748608, -1.1468623, -0.0571016]","[0.0445548, 0.1020561, 0.0747517, 0.0218205, 0.3296614, 0.0119016, 0.0185264, 0.1594493, 0.0570894, 0.0065846, 0.0463675, 0.0681296, 0.0148751, 0.0442321]",0.010718698538796083,False
student_dev,contact,student:11:18502:168,earlier_same_episode,4,turn_right,2.3037400486511332,0.23562060296535492,"[0.4053146, 0.4639422, -0.0661131, -0.872034, 1.4449723, -1.3250822, -0.6642747, 1.2047517, 0.1589108, -2.0935392, -0.264875, 0.3401492, -0.8565674, 0.2681236]","[0.0833097, 0.08834, 0.0519945, 0.0232247, 0.2356206, 0.0147637, 0.0285877, 0.1853049, 0.0651154, 0.0068463, 0.0426222, 0.0780539, 0.0235867, 0.0726297]",0.0014580314744771046,False
student_dev,contact,student:11:18502:168,foreign_diagnostic_state,4,turn_right,2.03794730987813,0.30918341875076294,"[-0.1692804, 1.5810579, 0.7049833, -0.9726924, 2.0300541, -1.4557667, -1.3402975, 1.4327093, 0.0339173, -1.8479091, 0.0582333, 0.0800944, -1.7354387, -0.3421158]","[0.0342813, 0.1973421, 0.082176, 0.0153511, 0.3091834, 0.0094699, 0.010629, 0.1701346, 0.0420054, 0.0063979, 0.0430393, 0.0439906, 0.0071595, 0.02884]",0.03327005720562915,False
student_dev,contact,student:11:18502:332,normal,4,turn_right,1.88902354338954,0.46974506974220276,"[-0.0772016, 0.3103462, -0.0119886, -1.1820186, 2.5238545, -1.0056208, -0.5417883, 1.3733274, 0.097997, -1.4358886, -0.6023963, 0.4677908, -0.8747417, 0.5315863]","[0.0348528, 0.0513509, 0.0372014, 0.0115457, 0.4697451, 0.0137731, 0.0219013, 0.1486602, 0.0415265, 0.0089571, 0.0206134, 0.060107, 0.015699, 0.0640665]",,
student_dev,contact,student:11:18502:332,zero,4,turn_right,1.5798493239551854,0.6019007563591003,"[-0.579833, 0.6470507, 0.313892, -0.9341297, 3.0348725, -1.0118439, -0.7180904, 1.2625346, 0.0891366, -1.2686242, -0.4145714, 0.4041865, -1.0283699, 0.2216874]","[0.0162061, 0.0552722, 0.0396112, 0.0113713, 0.6019008, 0.010521, 0.0141135, 0.1022841, 0.0316379, 0.0081384, 0.0191184, 0.0433543, 0.0103486, 0.0361222]",0.011862564039699909,False
student_dev,contact,student:11:18502:332,earlier_same_episode,4,turn_right,1.834030568971722,0.49115779995918274,"[-0.0921968, 0.2504165, -0.036099, -1.2919042, 2.6099825, -1.0433913, -0.5353276, 1.4152149, 0.14289, -1.4134698, -0.6366574, 0.4544038, -0.8352554, 0.5083866]","[0.0329367, 0.0463954, 0.0348371, 0.0099232, 0.4911578, 0.0127228, 0.0211461, 0.14871, 0.0416655, 0.0087873, 0.0191084, 0.0568938, 0.0156665, 0.0600495]",0.0003287938146741929,False
student_dev,contact,student:11:18502:332,foreign_diagnostic_state,4,turn_right,1.5798493239551854,0.6019007563591003,"[-0.579833, 0.6470507, 0.313892, -0.9341297, 3.0348725, -1.0118439, -0.7180904, 1.2625346, 0.0891366, -1.2686242, -0.4145714, 0.4041865, -1.0283699, 0.2216874]","[0.0162061, 0.0552722, 0.0396112, 0.0113713, 0.6019008, 0.010521, 0.0141135, 0.1022841, 0.0316379, 0.0081384, 0.0191184, 0.0433543, 0.0103486, 0.0361222]",0.011862564039699909,False
student_dev,contact,student:11:18502:499,normal,4,turn_right,1.4823025966326902,0.6475894451141357,"[0.2453106, 0.060916, -0.6745338, -0.8282056, 3.0602627, -0.8941321, -0.5544413, 0.9020739, -0.2022962, -1.3607723, -0.8941597, 0.4809053, -0.5541288, 0.1821232]","[0.0387955, 0.0322626, 0.0154632, 0.0132605, 0.6475894, 0.0124145, 0.0174363, 0.0748187, 0.0247964, 0.0077852, 0.0124141, 0.049102, 0.0174417, 0.03642]",,
student_dev,contact,student:11:18502:499,zero,4,turn_right,1.0298883696608117,0.7838116884231567,"[-0.1725981, 0.3184137, -0.1259059, -0.7808971, 3.7204401, -0.9093923, -0.8969954, 0.9957985, -0.3211762, -1.1953077, -0.4473096, 0.4000627, -1.0089159, -0.2368943]","[0.0159767, 0.0261054, 0.0167404, 0.0086957, 0.7838117, 0.0076472, 0.0077426, 0.0513943, 0.0137708, 0.0057455, 0.0121389, 0.0283263, 0.0069227, 0.0149818]",0.014214113259167573,False
student_dev,contact,student:11:18502:499,earlier_same_episode,4,turn_right,1.440985875225016,0.6600219011306763,"[0.296362, -0.1197227, -0.5988045, -0.8820902, 3.11569, -0.9080524, -0.5032158, 0.9359259, -0.2977174, -1.4359732, -0.8267788, 0.4761784, -0.6078601, 0.2544536]","[0.0393677, 0.0259679, 0.0160833, 0.0121156, 0.6600219, 0.0118051, 0.0176965, 0.0746275, 0.0217337, 0.006963, 0.0128046, 0.047123, 0.0159383, 0.0377519]",0.0003178911114546424,False
student_dev,contact,student:11:18502:499,foreign_diagnostic_state,4,turn_right,1.1745672274056862,0.7314478158950806,"[-0.2575701, 1.1221489, 0.1161931, -0.91465, 3.5534792, -0.9541377, -1.3347287, 1.1185601, -0.4114606, -1.0588483, -0.2664797, 0.1558958, -1.5529671, -0.5220341]","[0.0161832, 0.0643087, 0.0235174, 0.0083888, 0.7314478, 0.008064, 0.0055114, 0.0640784, 0.013875, 0.0072623, 0.0160397, 0.0244699, 0.0044308, 0.0124225]",0.01729730312151095,False
student_dev,early,student:11:18503:0,normal,4,turn_right,2.231962249293407,0.3440280258655548,"[-0.7241006, 0.6037048, 0.5546254, -0.4149446, 1.9553797, -0.7858156, -0.5023359, 0.4396119, 0.6169444, -0.96278, -0.1720264, 0.0584467, -0.6692129, 0.4031655]","[0.0235999, 0.0890366, 0.0847723, 0.0321496, 0.344028, 0.0221875, 0.0294592, 0.0755621, 0.0902233, 0.0185889, 0.0409895, 0.0516138, 0.0249315, 0.0728578]",,
student_dev,early,student:11:18503:0,zero,4,turn_right,2.231962249293407,0.3440280258655548,"[-0.7241006, 0.6037048, 0.5546254, -0.4149446, 1.9553797, -0.7858156, -0.5023359, 0.4396119, 0.6169444, -0.96278, -0.1720264, 0.0584467, -0.6692129, 0.4031655]","[0.0235999, 0.0890366, 0.0847723, 0.0321496, 0.344028, 0.0221875, 0.0294592, 0.0755621, 0.0902233, 0.0185889, 0.0409895, 0.0516138, 0.0249315, 0.0728578]",0.0,False
student_dev,early,student:11:18503:0,earlier_same_episode,4,turn_right,2.231962249293407,0.3440280258655548,"[-0.7241006, 0.6037048, 0.5546254, -0.4149446, 1.9553797, -0.7858156, -0.5023359, 0.4396119, 0.6169444, -0.96278, -0.1720264, 0.0584467, -0.6692129, 0.4031655]","[0.0235999, 0.0890366, 0.0847723, 0.0321496, 0.344028, 0.0221875, 0.0294592, 0.0755621, 0.0902233, 0.0185889, 0.0409895, 0.0516138, 0.0249315, 0.0728578]",0.0,False
student_dev,early,student:11:18503:0,foreign_diagnostic_state,4,turn_right,2.167720382329369,0.31136757135391235,"[-0.8980713, 1.4435512, 0.7161626, -0.5959884, 1.9318113, -0.8823516, -0.8757981, 0.5914678, 0.4770759, -0.7946333, -0.1974855, -0.0890655, -1.0789766, 0.221929]","[0.0183768, 0.1910842, 0.092326, 0.0248579, 0.3113676, 0.018668, 0.0187907, 0.0815022, 0.0726925, 0.0203795, 0.0370281, 0.0412684, 0.0153357, 0.0563224]",0.01306217045454356,False
student_dev,early,student:11:18503:55,normal,4,turn_right,1.9428042889169126,0.4692043364048004,"[0.1329282, 0.3965986, 0.0291211, -0.7869393, 2.4381046, -1.2878093, -0.6763586, 0.8218825, 0.248529, -1.4624951, -0.580779, 0.2378981, -0.9301679, 0.7155667]","[0.046799, 0.0609182, 0.0421846, 0.0186528, 0.4692043, 0.0113036, 0.0208338, 0.0932064, 0.0525341, 0.0094919, 0.0229233, 0.0519786, 0.0161637, 0.0838057]",,
student_dev,early,student:11:18503:55,zero,4,turn_right,1.6390845315462415,0.5911725163459778,"[-0.3722758, 0.8718728, 0.3463209, -0.6039616, 2.9439778, -1.1950761, -0.8696395, 0.7101331, 0.2402321, -1.2407947, -0.3250818, 0.2146255, -1.0924853, 0.3909737]","[0.0214528, 0.0744407, 0.0440115, 0.0170162, 0.5911725, 0.0094221, 0.0130461, 0.0633239, 0.0395815, 0.009001, 0.0224895, 0.0385808, 0.01044, 0.0460213]",0.012279689447281925,False
student_dev,early,student:11:18503:55,earlier_same_episode,4,turn_right,1.9163613497792975,0.48317083716392517,"[0.0985347, 0.4364077, -0.0590965, -0.7828314, 2.473196, -1.2395465, -0.647585, 0.735162, 0.2447846, -1.4791783, -0.590123, 0.259444, -0.9330018, 0.6873436]","[0.0449571, 0.0630282, 0.0384008, 0.018622, 0.4831708, 0.0117944, 0.0213188, 0.0849732, 0.0520372, 0.0092812, 0.0225797, 0.0528057, 0.0160254, 0.0810056]",0.00022851739204510495,False
student_dev,early,student:11:18503:55,foreign_diagnostic_state,4,turn_right,1.713699726103862,0.5167750716209412,"[-0.4849254, 1.6767882, 0.5584312, -0.7994823, 2.815125, -1.2657992, -1.2573221, 0.8357417, 0.1090518, -1.0629442, -0.397262, 0.0605958, -1.5674872, 0.1595499]","[0.0190593, 0.1655496, 0.0541043, 0.0139155, 0.5167751, 0.0087293, 0.0088036, 0.0713948, 0.0345198, 0.0106925, 0.0208056, 0.032887, 0.0064559, 0.0363078]",0.026719843339730095,False
student_dev,early,student:11:18503:110,normal,4,turn_right,1.9875455375653637,0.44624218344688416,"[0.2108299, 0.099263, 0.0743194, -1.5296874, 2.3782938, -0.9691028, -0.5154533, 1.00591, 0.1667894, -1.2200143, -0.4910314, 0.2416539, -0.5674291, 0.7478288]","[0.0510803, 0.0456878, 0.0445623, 0.008961, 0.4462422, 0.0156969, 0.0247077, 0.1131233, 0.0488795, 0.0122136, 0.0253185, 0.0526793, 0.0234563, 0.0873914]",,
student_dev,early,student:11:18503:110,zero,4,turn_right,1.6698274216008877,0.5802740454673767,"[-0.312194, 0.4940102, 0.5979432, -1.4172168, 2.8882546, -0.981432, -0.7892042, 0.9031353, 0.1403756, -1.0480223, -0.2378905, 0.1488411, -0.824463, 0.3191238]","[0.0236426, 0.0529451, 0.058744, 0.0078305, 0.580274, 0.0121074, 0.0146735, 0.0797089, 0.0371744, 0.0113274, 0.0254663, 0.0374905, 0.0141651, 0.0444502]",0.015015622458561226,False
student_dev,early,student:11:18503:110,earlier_same_episode,4,turn_right,2.0428385903548207,0.4210768938064575,"[0.206734, 0.1236192, 0.0805458, -1.3629465, 2.2612555, -1.0323377, -0.5455761, 0.9610965, 0.1951648, -1.2536629, -0.5215929, 0.1535757, -0.5938938, 0.7551861]","[0.0539627, 0.049659, 0.0475654, 0.0112303, 0.4210769, 0.0156305, 0.0254314, 0.1147386, 0.053342, 0.0125271, 0.0260487, 0.0511691, 0.0242318, 0.0933864]",0.0004482539931510278,False
student_dev,early,student:11:18503:110,foreign_diagnostic_state,4,turn_right,1.6698274216008877,0.5802740454673767,"[-0.312194, 0.4940102, 0.5979432, -1.4172168, 2.8882546, -0.981432, -0.7892042, 0.9031353, 0.1403756, -1.0480223, -0.2378905, 0.1488411, -0.824463, 0.3191238]","[0.0236426, 0.0529451, 0.058744, 0.0078305, 0.580274, 0.0121074, 0.0146735, 0.0797089, 0.0371744, 0.0113274, 0.0254663, 0.0374905, 0.0141651, 0.0444502]",0.015015622458561226,False
student_dev,early,student:11:18503:166,normal,4,turn_right,2.05062312417083,0.4113234877586365,"[-0.0749418, 0.1157082, -0.0697147, -0.9559475, 2.2518911, -1.1743338, -0.4347061, 1.076013, 0.4744075, -1.4067836, -0.5686041, 0.2172764, -0.5681475, 0.7512938]","[0.040147, 0.0485793, 0.0403574, 0.0166355, 0.4113235, 0.0133719, 0.0280162, 0.126913, 0.0695396, 0.0105984, 0.0245052, 0.0537727, 0.0245164, 0.0917239]",,
student_dev,early,student:11:18503:166,zero,4,turn_right,1.7876011922802342,0.5389862656593323,"[-0.5214901, 0.4311742, 0.145644, -0.714568, 2.7250443, -1.1273273, -0.5487388, 0.8465166, 0.5102121, -1.2720469, -0.4172808, 0.1793789, -0.6062391, 0.5255209]","[0.0209713, 0.0543704, 0.0408656, 0.0172891, 0.5389863, 0.0114423, 0.0204076, 0.0823652, 0.0588421, 0.0099006, 0.0232747, 0.0422678, 0.0192672, 0.0597498]",0.011082378752095615,False
student_dev,early,student:11:18503:166,earlier_same_episode,4,turn_right,2.035949634531159,0.42341506481170654,"[-0.0236473, 0.0331131, -0.2477309, -0.9404501, 2.2688334, -1.1522007, -0.3312744, 0.9090772, 0.4865977, -1.4504644, -0.6750901, 0.2223952, -0.5094731, 0.8100523]","[0.0427715, 0.0452695, 0.0341851, 0.0170998, 0.4234151, 0.0138366, 0.0314452, 0.1087005, 0.0712445, 0.0102682, 0.0222965, 0.0547028, 0.0263126, 0.0984523]",0.0007369366742935753,False
student_dev,early,student:11:18503:166,foreign_diagnostic_state,4,turn_right,1.8965712986896612,0.45997750759124756,"[-0.8139704, 1.0982405, 0.356355, -0.6752535, 2.5059586, -1.2018019, -1.1130739, 1.1191194, 0.7031184, -0.8844798, -0.7610037, -0.1526777, -1.0198603, 0.1808717]","[0.0166307, 0.112557, 0.0536013, 0.0191053, 0.4599775, 0.0112844, 0.0123314, 0.1149317, 0.0758181, 0.0154984, 0.0175353, 0.0322185, 0.0135361, 0.0449743]",0.018824066056015665,False
student_dev,mid,student:11:18503:167,normal,4,turn_right,1.997546146370645,0.4343266189098358,"[-0.0928921, 0.271423, 0.1096289, -1.0063984, 2.3642473, -1.1037387, -0.5430312, 1.1666125, 0.3349253, -1.3525664, -0.5306789, 0.2971633, -0.7390892, 0.6709487]","[0.037213, 0.0535691, 0.0455668, 0.0149267, 0.4343266, 0.0135422, 0.0237247, 0.1311264, 0.0570812, 0.010559, 0.0240196, 0.0549659, 0.0195009, 0.0798778]",,
student_dev,mid,student:11:18503:167,zero,4,turn_right,1.7266752731404904,0.5602761507034302,"[-0.5458308, 0.5533916, 0.3310945, -0.7582008, 2.8225253, -1.0535668, -0.6613668, 0.9109356, 0.3681359, -1.2439035, -0.366489, 0.2344758, -0.8014716, 0.4252537]","[0.0192994, 0.0579335, 0.0463861, 0.0156068, 0.5602762, 0.0116155, 0.0171936, 0.0828341, 0.0481365, 0.0096023, 0.0230904, 0.042114, 0.0149458, 0.050966]",0.010932293324178291,False
student_dev,mid,student:11:18503:167,earlier_same_episode,4,turn_right,1.9790879893738282,0.45125070214271545,"[-0.0541904, 0.160779, -0.0858105, -0.9751689, 2.3779588, -1.0949701, -0.4303718, 0.9572558, 0.3658525, -1.4028516, -0.6409025, 0.2687845, -0.6741015, 0.7296126]","[0.0396414, 0.0491484, 0.0384075, 0.0157824, 0.4512507, 0.0140005, 0.0272129, 0.108997, 0.0603353, 0.0102904, 0.0220467, 0.0547539, 0.0213268, 0.0868061]",0.0010156999452703471,False
student_dev,mid,student:11:18503:167,foreign_diagnostic_state,4,turn_right,1.8457844237706533,0.4791118800640106,"[-0.7614465, 1.2316008, 0.4599096, -0.699596, 2.6037157, -1.1383206, -1.1991903, 1.1213299, 0.5564606, -0.9550714, -0.6657769, -0.0661913, -1.177778, 0.1310239]","[0.0165564, 0.1214885, 0.0561557, 0.0176127, 0.4791119, 0.0113577, 0.010687, 0.108804, 0.061848, 0.0136419, 0.0182186, 0.0331826, 0.0109183, 0.0404167]",0.017131208926333387,False
student_dev,mid,student:11:18503:222,normal,4,turn_right,1.8325485284332632,0.48471540212631226,"[0.2463629, 0.4163979, -0.0795268, -1.1377113, 2.5495367, -1.1348346, -0.8612634, 1.408394, -0.4438322, -1.5389315, -0.5308897, 0.5447164, -1.0539825, 0.1973084]","[0.048443, 0.0574217, 0.0349703, 0.0121377, 0.4847154, 0.0121726, 0.0160028, 0.1548442, 0.0242931, 0.0081262, 0.0222677, 0.0652836, 0.0131977, 0.046124]",,
student_dev,mid,student:11:18503:222,zero,4,turn_right,1.5045004714635009,0.6154492497444153,"[-0.2443508, 0.8564777, 0.4116913, -0.9061494, 3.1188209, -1.1641022, -1.2173778, 1.4211417, -0.4477842, -1.3415571, -0.1671425, 0.4464283, -1.4149644, -0.248887]","[0.0213101, 0.0640721, 0.0410677, 0.0109944, 0.6154492, 0.0084946, 0.0080539, 0.1126937, 0.0173874, 0.0071134, 0.0230206, 0.0425194, 0.0066099, 0.0212136]",0.013766802253507033,False
student_dev,mid,student:11:18503:222,earlier_same_episode,4,turn_right,1.830523426929691,0.4648408889770508,"[0.1875372, 0.5281476, 0.1485612, -1.2058451, 2.5584569, -1.1670866, -0.9934295, 1.6478246, -0.4643854, -1.4641963, -0.3697313, 0.5061529, -1.1597064, 0.1022124]","[0.0434137, 0.0610312, 0.0417542, 0.0107768, 0.4648409, 0.0112027, 0.0133272, 0.1869915, 0.0226204, 0.0083232, 0.0248661, 0.0597035, 0.0112856, 0.0398631]",0.0014639180022835612,False
student_dev,mid,student:11:18503:222,foreign_diagnostic_state,4,turn_right,1.6171881798534,0.5269666314125061,"[-0.3998078, 1.6213062, 0.5385449, -0.8986855, 2.9643335, -1.2169374, -1.7469444, 1.6841995, -0.2432338, -1.199157, -0.3217092, 0.1413685, -1.7899916, -0.580655]","[0.0182287, 0.1375668, 0.0465883, 0.0110687, 0.5269666, 0.0080516, 0.0047392, 0.1464967, 0.0213184, 0.008196, 0.0197094, 0.0313174, 0.0045395, 0.015213]",0.023108607415248325,False
student_dev,mid,student:11:18503:277,normal,4,turn_right,1.9607507886578095,0.4372868239879608,"[0.0441839, 0.3506231, 0.1197106, -0.8815452, 2.3872132, -1.1255747, -0.7116215, 1.346565, -0.0563393, -1.5195731, -0.4897054, 0.4247032, -0.9990408, 0.5095612]","[0.0419954, 0.0570541, 0.04529, 0.0166404, 0.4372868, 0.0130371, 0.0197224, 0.1544609, 0.0379791, 0.0087917, 0.0246227, 0.0614411, 0.0147957, 0.0668825]",,
student_dev,mid,student:11:18503:277,zero,4,turn_right,1.6679602538470462,0.5690217614173889,"[-0.4654952, 0.7591411, 0.3973717, -0.6651325, 2.9048653, -1.0690305, -0.9366165, 1.2124168, -0.0050234, -1.3660368, -0.2473467, 0.3813986, -1.1673291, 0.1505689]","[0.0195614, 0.066566, 0.0463595, 0.0160213, 0.5690218, 0.0106976, 0.0122122, 0.1047389, 0.0310013, 0.0079488, 0.0243299, 0.0456248, 0.0096961, 0.0362204]",0.012863594447355221,False
student_dev,mid,student:11:18503:277,earlier_same_episode,4,turn_right,1.903035047507691,0.47191935777664185,"[-0.0203858, 0.3635707, 0.0167124, -0.9284409, 2.479079, -1.0960084, -0.6933477, 1.2224725, -0.00882, -1.5322877, -0.5551979, 0.4289213, -0.9764599, 0.4678848]","[0.0387582, 0.0569003, 0.0402231, 0.0156315, 0.4719194, 0.0132199, 0.0197743, 0.1343169, 0.0392091, 0.0085458, 0.0227038, 0.0607429, 0.0148986, 0.0631564]",0.0008502921424017461,False
student_dev,mid,student:11:18503:277,foreign_diagnostic_state,4,turn_right,1.7472193634022015,0.487639456987381,"[-0.6821725, 1.4780704, 0.5005459, -0.7910423, 2.7609398, -1.1322619, -1.4297051, 1.5573683, 0.1620988, -1.1843454, -0.4736881, 0.1212981, -1.5395826, -0.1422621]","[0.0155874, 0.1351935, 0.0508654, 0.0139795, 0.4876395, 0.0099381, 0.0073812, 0.1463506, 0.0362607, 0.0094337, 0.0192007, 0.034811, 0.0066131, 0.0267457]",0.021056257311423653,False
student_dev,mid,student:11:18503:333,normal,4,turn_right,1.3719126295521766,0.6768689155578613,"[0.2654366, 0.4326543, -0.4808411, -0.8961954, 3.2155175, -1.0393628, -0.8561096, 1.0253021, -0.5516663, -1.350083, -0.8095843, 0.5165982, -1.060513, 0.1430247]","[0.0354243, 0.0418719, 0.0167956, 0.0110869, 0.6768689, 0.009608, 0.0115404, 0.0757366, 0.0156472, 0.0070419, 0.01209, 0.0455385, 0.0094069, 0.0313428]",,
student_dev,mid,student:11:18503:333,zero,4,turn_right,1.0357917458920582,0.7766691446304321,"[-0.1598205, 0.8944579, -0.068285, -0.7764199, 3.7603328, -1.0109185, -1.2458869, 1.0515494, -0.5639651, -1.1395979, -0.2835924, 0.4535889, -1.4563389, -0.3582581]","[0.0154076, 0.0442183, 0.0168845, 0.0083167, 0.7766691, 0.0065782, 0.0052007, 0.05174, 0.0102853, 0.0057839, 0.0136139, 0.0284535, 0.0042137, 0.0126344]",0.009638893506013024,False
student_dev,mid,student:11:18503:333,earlier_same_episode,4,turn_right,1.3859796571560377,0.6662722229957581,"[0.255317, 0.5194406, -0.335699, -1.0453489, 3.2460065, -1.0053028, -0.8930703, 1.2459351, -0.6114823, -1.3540624, -0.6302629, 0.5830419, -1.111439, 0.1159658]","[0.033482, 0.0436033, 0.0185412, 0.0091188, 0.6662722, 0.0094914, 0.0106188, 0.0901637, 0.0140723, 0.0066968, 0.0138105, 0.0464666, 0.0085357, 0.0291268]",0.0005215971733944151,False
student_dev,mid,student:11:18503:333,foreign_diagnostic_state,4,turn_right,1.237013926341986,0.6992625594139099,"[-0.2585483, 1.5179418, -0.0339175, -0.6123338, 3.5094094, -1.0286971, -1.7553915, 1.2134042, -0.3006783, -0.9121425, -0.4118281, 0.1300208, -1.7694048, -0.6458743]","[0.0161524, 0.0954458, 0.0202205, 0.0113394, 0.6992626, 0.0074777, 0.0036155, 0.0703879, 0.015486, 0.008402, 0.013857, 0.0238227, 0.0035652, 0.0109654]",0.013616885937534497,False
student_dev,late,student:11:18503:334,normal,4,turn_right,1.3259105271105087,0.6946486830711365,"[0.1574373, 0.6639857, -0.5519896, -0.7522573, 3.271915, -1.0513593, -0.9206645, 0.8519357, -0.3997653, -1.2527019, -0.8697109, 0.413881, -1.0206226, 0.0840282]","[0.0308436, 0.0511866, 0.0151728, 0.0124191, 0.6946487, 0.0092085, 0.0104942, 0.0617706, 0.0176675, 0.0075292, 0.0110428, 0.03986, 0.009496, 0.0286605]",,
student_dev,late,student:11:18503:334,zero,4,turn_right,1.0059010650652422,0.7857103943824768,"[-0.2284364, 1.0286876, -0.0904001, -0.7474831, 3.8013034, -0.9502817, -1.2449077, 0.889264, -0.4766513, -1.114938, -0.2817648, 0.4132076, -1.4516413, -0.4003392]","[0.0139691, 0.0491056, 0.0160368, 0.0083128, 0.7857104, 0.006787, 0.005055, 0.0427149, 0.0108986, 0.0057566, 0.0132437, 0.0265357, 0.0041109, 0.0117628]",0.008258717111026216,False
student_dev,late,student:11:18503:334,earlier_same_episode,4,turn_right,1.3319545798385524,0.6887098550796509,"[0.162865, 0.6432213, -0.3455286, -0.9803992, 3.307157, -0.9895913, -0.9050399, 1.065218, -0.5069829, -1.3260331, -0.671926, 0.527737, -1.1151446, 0.096163]","[0.0296816, 0.0479848, 0.0178523, 0.0094618, 0.6887099, 0.0093752, 0.0102024, 0.073177, 0.0151907, 0.0066968, 0.0128808, 0.0427513, 0.008269, 0.0277664]",0.0005794482571603713,False
student_dev,late,student:11:18503:334,foreign_diagnostic_state,4,turn_right,1.1894300468552397,0.7137532234191895,"[-0.3123795, 1.6087834, -0.0057619, -0.7271482, 3.5866764, -0.9466469, -1.6966169, 1.1074787, -0.3184658, -0.924539, -0.3762487, 0.1646938, -1.7954873, -0.6467723]","[0.0144614, 0.0987552, 0.0196504, 0.0095516, 0.7137532, 0.0076692, 0.0036228, 0.05982, 0.0143736, 0.0078407, 0.0135666, 0.0233024, 0.0032817, 0.0103511]",0.010845232111379142,False
student_dev,late,student:11:18503:389,normal,4,turn_right,1.8193619857836691,0.5021494626998901,"[0.0111594, 0.4021281, 0.1136103, -1.1074691, 2.636488, -1.1079684, -0.7286966, 1.3342341, -0.1405365, -1.3625234, -0.466754, 0.4216503, -1.0509508, 0.5018141]","[0.0363636, 0.0537605, 0.0402866, 0.011881, 0.5021495, 0.0118751, 0.0173521, 0.1365436, 0.0312454, 0.0092063, 0.0225482, 0.0548203, 0.0125718, 0.0593958]",,
student_dev,late,student:11:18503:389,zero,4,turn_right,1.5100466606402296,0.6250597834587097,"[-0.4481509, 0.828887, 0.4040806, -0.9137648, 3.1511083, -1.0309991, -0.9409693, 1.2603285, -0.1436163, -1.1884722, -0.2049154, 0.3850219, -1.2098327, 0.1467659]","[0.0170916, 0.0612906, 0.0400777, 0.0107293, 0.6250598, 0.0095424, 0.0104413, 0.0943553, 0.0231761, 0.008152, 0.0217981, 0.0393211, 0.0079797, 0.0309851]",0.01119774141406529,False
student_dev,late,student:11:18503:389,earlier_same_episode,4,turn_right,1.8243575677498114,0.5064269304275513,"[0.0424248, 0.3520406, 0.0016613, -0.9748769, 2.6121457, -1.118933, -0.6864638, 1.2118132, -0.1069242, -1.3723398, -0.6164356, 0.3767676, -1.0293485, 0.5549293]","[0.0387705, 0.0528403, 0.0372218, 0.0140182, 0.5064269, 0.0121375, 0.0187046, 0.1248418, 0.0333918, 0.0094206, 0.0200614, 0.0541632, 0.013275, 0.064726]",0.00036241738596593334,False
student_dev,late,student:11:18503:389,foreign_diagnostic_state,4,turn_right,1.626353394112593,0.5450878739356995,"[-0.6822546, 1.5184816, 0.4529542, -0.9142534, 2.9807572, -1.0659665, -1.4380299, 1.5092293, 0.07542, -0.9799572, -0.4281228, 0.120795, -1.5758069, -0.1589381]","[0.0139843, 0.1263014, 0.0435167, 0.0110888, 0.5450879, 0.0095279, 0.0065677, 0.1251382, 0.0298328, 0.0103837, 0.0180305, 0.0312177, 0.0057224, 0.0236001]",0.018459058367766852,False
student_dev,late,student:11:18503:444,normal,4,turn_right,1.2628778220334125,0.7181906700134277,"[0.1947223, 0.7344042, -0.7646148, -0.6469234, 3.3662281, -1.0621556, -0.8755369, 0.6070044, -0.2751678, -0.8754015, -0.9139593, 0.2186107, -0.8411568, 0.2060527]","[0.0301212, 0.0516717, 0.0115408, 0.0129823, 0.7181907, 0.0085707, 0.0103292, 0.0454909, 0.0188279, 0.0103305, 0.0099398, 0.0308494, 0.0106904, 0.0304644]",,
student_dev,late,student:11:18503:444,zero,4,turn_right,0.9687052774210634,0.7988255023956299,"[-0.1775903, 1.0568725, -0.2316763, -0.6724706, 3.8416841, -0.9368716, -1.1267734, 0.6110068, -0.4201395, -0.7867542, -0.3468947, 0.269997, -1.3311255, -0.2655081]","[0.0143517, 0.0493201, 0.0135961, 0.0087494, 0.7988255, 0.0067166, 0.0055549, 0.0315781, 0.0112607, 0.0078045, 0.0121164, 0.0224537, 0.0045282, 0.0131438]",0.007181267989301097,False
student_dev,late,student:11:18503:444,earlier_same_episode,4,turn_right,1.2278312617894767,0.7271608114242554,"[0.1785397, 0.6494677, -0.5459565, -0.9088996, 3.4404554, -0.9650418, -0.8113002, 0.7948951, -0.4388731, -1.0230931, -0.7079155, 0.3703304, -0.9892051, 0.2297939]","[0.0278611, 0.044619, 0.0135006, 0.0093914, 0.7271608, 0.0088787, 0.0103542, 0.0516034, 0.0150266, 0.0083779, 0.011482, 0.0337514, 0.0086667, 0.0293263]",0.0007226914979779468,False
student_dev,late,student:11:18503:444,foreign_diagnostic_state,4,turn_right,1.152557322326662,0.7295680046081543,"[-0.3530475, 1.6181941, -0.1899111, -0.5455243, 3.610873, -0.8663483, -1.6178088, 0.7891154, -0.1977449, -0.5491052, -0.4765801, -0.0201812, -1.6946965, -0.5827821]","[0.0138534, 0.0994618, 0.0163082, 0.0114279, 0.729568, 0.0082915, 0.0039109, 0.0434102, 0.016181, 0.011387, 0.0122436, 0.019325, 0.0036215, 0.0110099]",0.010476163362801197,False
student_dev,late,student:11:18503:499,normal,4,turn_right,1.688376438317848,0.5630709528923035,"[0.0495877, 0.372908, 0.053485, -1.2329243, 2.8387203, -1.0599412, -0.7052345, 1.1967744, -0.2404718, -1.1816071, -0.492587, 0.3329419, -0.9982215, 0.5864921]","[0.0346145, 0.0478271, 0.0347497, 0.0096, 0.563071, 0.0114129, 0.0162721, 0.1090122, 0.0258992, 0.0101055, 0.0201277, 0.0459534, 0.0121395, 0.0592152]",,
student_dev,late,student:11:18503:499,zero,4,turn_right,1.3466809795189725,0.6842002868652344,"[-0.4136514, 0.8160119, 0.4070655, -1.1055374, 3.3689194, -0.9910249, -0.9550784, 1.1369382, -0.2675155, -0.9594066, -0.2094714, 0.2817776, -1.2037451, 0.1762391]","[0.0155752, 0.0532684, 0.0353888, 0.0077974, 0.6842003, 0.0087435, 0.0090635, 0.0734254, 0.018026, 0.0090243, 0.0191033, 0.0312216, 0.0070681, 0.0280944]",0.011531710713616085,False
student_dev,late,student:11:18503:499,earlier_same_episode,4,turn_right,1.7167956641791324,0.5547009110450745,"[0.0274214, 0.4160664, -0.0869067, -1.0437025, 2.7775936, -1.1308652, -0.7377272, 1.1290966, -0.1146084, -1.0894068, -0.6874632, 0.2300349, -0.913333, 0.5941527]","[0.0354547, 0.0522951, 0.0316244, 0.0121476, 0.5547009, 0.0111336, 0.0164958, 0.1066905, 0.0307604, 0.0116049, 0.0173462, 0.0434178, 0.0138392, 0.0624889]",0.00043692092924587733,False
student_dev,late,student:11:18503:499,foreign_diagnostic_state,4,turn_right,1.4780761259890893,0.6060671210289001,"[-0.5407112, 1.6045765, 0.6122398, -1.2182946, 3.224066, -1.0529761, -1.4548467, 1.3922529, -0.2575112, -0.8147922, -0.3291048, 0.0477982, -1.6645688, -0.1554957]","[0.0140443, 0.1200011, 0.0444856, 0.0071323, 0.6060671, 0.0084144, 0.0056298, 0.0970453, 0.0186419, 0.0106774, 0.0173539, 0.0252979, 0.0045647, 0.0206441]",0.02030522677013342,False
student_dev,raycast_log,student:11:18503:0,normal,4,turn_right,2.231962249293407,0.3440280258655548,"[-0.7241006, 0.6037048, 0.5546254, -0.4149446, 1.9553797, -0.7858156, -0.5023359, 0.4396119, 0.6169444, -0.96278, -0.1720264, 0.0584467, -0.6692129, 0.4031655]","[0.0235999, 0.0890366, 0.0847723, 0.0321496, 0.344028, 0.0221875, 0.0294592, 0.0755621, 0.0902233, 0.0185889, 0.0409895, 0.0516138, 0.0249315, 0.0728578]",,
student_dev,raycast_log,student:11:18503:0,zero,4,turn_right,2.231962249293407,0.3440280258655548,"[-0.7241006, 0.6037048, 0.5546254, -0.4149446, 1.9553797, -0.7858156, -0.5023359, 0.4396119, 0.6169444, -0.96278, -0.1720264, 0.0584467, -0.6692129, 0.4031655]","[0.0235999, 0.0890366, 0.0847723, 0.0321496, 0.344028, 0.0221875, 0.0294592, 0.0755621, 0.0902233, 0.0185889, 0.0409895, 0.0516138, 0.0249315, 0.0728578]",0.0,False
student_dev,raycast_log,student:11:18503:0,earlier_same_episode,4,turn_right,2.231962249293407,0.3440280258655548,"[-0.7241006, 0.6037048, 0.5546254, -0.4149446, 1.9553797, -0.7858156, -0.5023359, 0.4396119, 0.6169444, -0.96278, -0.1720264, 0.0584467, -0.6692129, 0.4031655]","[0.0235999, 0.0890366, 0.0847723, 0.0321496, 0.344028, 0.0221875, 0.0294592, 0.0755621, 0.0902233, 0.0185889, 0.0409895, 0.0516138, 0.0249315, 0.0728578]",0.0,False
student_dev,raycast_log,student:11:18503:0,foreign_diagnostic_state,4,turn_right,2.1960504361583166,0.3080959916114807,"[-1.0060918, 1.2494477, 0.739789, -0.3991867, 1.8831192, -0.8123696, -0.9595172, 0.558811, 0.7521626, -0.6098338, -0.3782673, -0.2187074, -1.0872285, 0.0739796]","[0.0171363, 0.163488, 0.0982074, 0.0314408, 0.308096, 0.0207994, 0.0179533, 0.0819495, 0.0994301, 0.0254689, 0.0321054, 0.0376595, 0.0158008, 0.0504646]",0.010090464813863711,False
student_dev,raycast_log,student:11:18503:173,normal,4,turn_right,1.8277313047391153,0.4991740584373474,"[0.0166832, 0.4123659, 0.1177898, -1.1097795, 2.625411, -1.1129526, -0.7308089, 1.3241874, -0.1267897, -1.3517569, -0.4716301, 0.4180307, -1.0415928, 0.5124155]","[0.0367533, 0.0545932, 0.0406636, 0.0119146, 0.4991741, 0.0118768, 0.0174046, 0.1358745, 0.031841, 0.0093538, 0.022554, 0.0549034, 0.0127554, 0.0603378]",,
student_dev,raycast_log,student:11:18503:173,zero,4,turn_right,1.5176889864588832,0.6225818395614624,"[-0.4484569, 0.837361, 0.4127807, -0.9090073, 3.1410797, -1.0377641, -0.945909, 1.2507149, -0.1333582, -1.1784521, -0.2085863, 0.3783119, -1.2051479, 0.1558958]","[0.0171902, 0.0621877, 0.0406735, 0.0108459, 0.6225818, 0.0095356, 0.010453, 0.0940203, 0.0235573, 0.0082841, 0.0218502, 0.0392954, 0.0080659, 0.0314592]",0.011325891494633363,False
student_dev,raycast_log,student:11:18503:173,earlier_same_episode,4,turn_right,1.8311374354999623,0.5039833784103394,"[0.0455474, 0.3578959, 0.0092044, -0.9726525, 2.6030145, -1.1242876, -0.6920533, 1.2035427, -0.091507, -1.360736, -0.6233956, 0.3698987, -1.0232111, 0.5637016]","[0.0390591, 0.0533794, 0.0376651, 0.0141099, 0.5039834, 0.0121247, 0.0186804, 0.1243464, 0.0340565, 0.0095715, 0.020008, 0.054024, 0.0134143, 0.0655774]",0.00035919704055421375,False
student_dev,raycast_log,student:11:18503:173,foreign_diagnostic_state,4,turn_right,1.6306642118472763,0.5403147339820862,"[-0.5704785, 1.6257704, 0.5946638, -0.9325958, 2.9761653, -1.1275162, -1.4489944, 1.4225721, -0.0821906, -1.0257177, -0.3993432, 0.1006467, -1.6503834, -0.1306332]","[0.0155725, 0.140016, 0.0499314, 0.0108416, 0.5403147, 0.0089216, 0.0064688, 0.1142694, 0.0253758, 0.0098776, 0.0184792, 0.0304667, 0.0052889, 0.0241758]",0.02129043335749084,False
student_dev,raycast_log,student:11:18503:324,normal,4,turn_right,1.9329934965724083,0.4656069278717041,"[0.0496574, 0.2756281, 0.0901015, -1.3592976, 2.4730389, -1.0312159, -0.5699248, 1.1132731, 0.1936518, -1.2646036, -0.5393999, 0.2789354, -0.7228394, 0.7121006]","[0.0412628, 0.0517245, 0.0429658, 0.0100846, 0.4656069, 0.0140004, 0.0222063, 0.119531, 0.0476534, 0.0110862, 0.0228946, 0.0518958, 0.0190576, 0.0800301]",,
student_dev,raycast_log,student:11:18503:324,zero,4,turn_right,1.6354825616260193,0.5889095067977905,"[-0.4175134, 0.6301397, 0.5349711, -1.2386159, 2.9662545, -0.9916262, -0.7880092, 1.0440593, 0.1446967, -1.0889753, -0.2736714, 0.2393749, -0.9013582, 0.3549077]","[0.0199755, 0.0569491, 0.0517792, 0.0087881, 0.5889095, 0.0112503, 0.0137909, 0.0861489, 0.0350479, 0.0102067, 0.0230657, 0.0385283, 0.0123131, 0.0432469]",0.011862817017856409,False
student_dev,raycast_log,student:11:18503:324,earlier_same_episode,4,turn_right,1.99950529579059,0.4406246542930603,"[0.0236843, 0.3631301, -0.014345, -1.1074048, 2.3365159, -1.1048054, -0.5914186, 0.9640631, 0.2881837, -1.2951047, -0.6568672, 0.1619118, -0.6706316, 0.710299]","[0.0436133, 0.0612404, 0.0419858, 0.0140732, 0.4406247, 0.0141098, 0.0235767, 0.1116915, 0.0568185, 0.0116648, 0.022083, 0.0500784, 0.0217812, 0.0866586]",0.0009622173701853815,False
student_dev,raycast_log,student:11:18503:324,foreign_diagnostic_state,4,turn_right,1.6354825616260193,0.5889095067977905,"[-0.4175134, 0.6301397, 0.5349711, -1.2386159, 2.9662545, -0.9916262, -0.7880092, 1.0440593, 0.1446967, -1.0889753, -0.2736714, 0.2393749, -0.9013582, 0.3549077]","[0.0199755, 0.0569491, 0.0517792, 0.0087881, 0.5889095, 0.0112503, 0.0137909, 0.0861489, 0.0350479, 0.0102067, 0.0230657, 0.0385283, 0.0123131, 0.0432469]",0.011862817017856409,False
student_dev,raycast_log,student:11:18503:499,normal,4,turn_right,1.688376438317848,0.5630709528923035,"[0.0495877, 0.372908, 0.053485, -1.2329243, 2.8387203, -1.0599412, -0.7052345, 1.1967744, -0.2404718, -1.1816071, -0.492587, 0.3329419, -0.9982215, 0.5864921]","[0.0346145, 0.0478271, 0.0347497, 0.0096, 0.563071, 0.0114129, 0.0162721, 0.1090122, 0.0258992, 0.0101055, 0.0201277, 0.0459534, 0.0121395, 0.0592152]",,
student_dev,raycast_log,student:11:18503:499,zero,4,turn_right,1.3466809795189725,0.6842002868652344,"[-0.4136514, 0.8160119, 0.4070655, -1.1055374, 3.3689194, -0.9910249, -0.9550784, 1.1369382, -0.2675155, -0.9594066, -0.2094714, 0.2817776, -1.2037451, 0.1762391]","[0.0155752, 0.0532684, 0.0353888, 0.0077974, 0.6842003, 0.0087435, 0.0090635, 0.0734254, 0.018026, 0.0090243, 0.0191033, 0.0312216, 0.0070681, 0.0280944]",0.011531710713616085,False
student_dev,raycast_log,student:11:18503:499,earlier_same_episode,4,turn_right,1.7167956641791324,0.5547009110450745,"[0.0274214, 0.4160664, -0.0869067, -1.0437025, 2.7775936, -1.1308652, -0.7377272, 1.1290966, -0.1146084, -1.0894068, -0.6874632, 0.2300349, -0.913333, 0.5941527]","[0.0354547, 0.0522951, 0.0316244, 0.0121476, 0.5547009, 0.0111336, 0.0164958, 0.1066905, 0.0307604, 0.0116049, 0.0173462, 0.0434178, 0.0138392, 0.0624889]",0.00043692092924587733,False
student_dev,raycast_log,student:11:18503:499,foreign_diagnostic_state,4,turn_right,1.491398957736376,0.6030486822128296,"[-0.6147254, 1.5402821, 0.5249536, -1.1993223, 3.1958246, -1.0448123, -1.438041, 1.4223945, -0.1222967, -0.8155885, -0.3987546, 0.0771052, -1.5778115, -0.1492382]","[0.0133491, 0.1151753, 0.0417261, 0.0074399, 0.6030487, 0.0086829, 0.0058599, 0.1023674, 0.0218429, 0.0109199, 0.0165671, 0.026663, 0.0050955, 0.0212623]",0.018476578819713367,False
student_dev,contact,student:11:18503:7,normal,4,turn_right,1.6479873236680904,0.5595795512199402,"[0.1148573, 0.3742582, -0.1424991, -0.97609, 2.83658, -1.0326465, -0.8864285, 1.4503973, -0.593908, -1.5913262, -0.4730572, 0.6054813, -1.3226836, 0.0907665]","[0.0367987, 0.0476968, 0.0284488, 0.0123606, 0.5595796, 0.0116809, 0.0135201, 0.1399105, 0.0181142, 0.0066811, 0.0204411, 0.0601046, 0.0087401, 0.0359228]",,
student_dev,contact,student:11:18503:7,zero,4,turn_right,1.3840352226984527,0.6541212797164917,"[-0.2369638, 0.8901969, 0.2536802, -0.9053709, 3.3111484, -1.0967616, -1.2447525, 1.5167698, -0.5163957, -1.4529642, -0.1662037, 0.563262, -1.5284394, -0.2888502]","[0.0188249, 0.0581102, 0.030748, 0.0096482, 0.6541213, 0.0079676, 0.0068716, 0.108735, 0.0142356, 0.00558, 0.0202052, 0.0419051, 0.0051743, 0.0178731]",0.008124874535164552,False
student_dev,contact,student:11:18503:7,earlier_same_episode,4,turn_right,1.3840352226984527,0.6541212797164917,"[-0.2369638, 0.8901969, 0.2536802, -0.9053709, 3.3111484, -1.0967616, -1.2447525, 1.5167698, -0.5163957, -1.4529642, -0.1662037, 0.563262, -1.5284394, -0.2888502]","[0.0188249, 0.0581102, 0.030748, 0.0096482, 0.6541213, 0.0079676, 0.0068716, 0.108735, 0.0142356, 0.00558, 0.0202052, 0.0419051, 0.0051743, 0.0178731]",0.008124874535164552,False
student_dev,contact,student:11:18503:7,foreign_diagnostic_state,4,turn_right,1.5231134323415771,0.5719648599624634,"[-0.3907801, 1.6020856, 0.279992, -0.7971759, 3.123385, -1.1375345, -1.7429689, 1.6680197, -0.2247723, -1.2883798, -0.3417028, 0.2447101, -1.8505187, -0.5537022]","[0.0170289, 0.1249331, 0.0333042, 0.011342, 0.5719649, 0.00807, 0.0044049, 0.133448, 0.020104, 0.0069401, 0.0178855, 0.0321497, 0.0039558, 0.0144687]",0.017412227028352156,False
student_dev,contact,student:11:18503:157,normal,4,turn_right,1.2927848204801962,0.7114654779434204,"[0.2611936, 0.7210976, -0.8093967, -0.5865782, 3.3364155, -1.0827326, -0.8281918, 0.4269601, -0.1927489, -0.6225526, -0.8951429, 0.0832018, -0.7199444, 0.333131]","[0.032855, 0.0520398, 0.0112629, 0.0140741, 0.7114655, 0.0085692, 0.0110532, 0.0387787, 0.0208669, 0.0135767, 0.0103374, 0.027498, 0.0123168, 0.0353056]",,
student_dev,contact,student:11:18503:157,zero,4,turn_right,0.9984814317987774,0.7931519150733948,"[-0.1363383, 1.0187815, -0.2050479, -0.6236851, 3.7939134, -0.9559976, -1.0398805, 0.4295756, -0.364987, -0.4868757, -0.3852056, 0.146484, -1.229141, -0.1276511]","[0.0155765, 0.0494461, 0.0145422, 0.0095679, 0.7931519, 0.0068627, 0.0063105, 0.0274311, 0.0123928, 0.0109707, 0.0121447, 0.020668, 0.0052224, 0.0157124]",0.007448894742881916,False
student_dev,contact,student:11:18503:157,earlier_same_episode,4,turn_right,1.240192320644384,0.7263636589050293,"[0.2405129, 0.5981122, -0.5642737, -0.9075695, 3.4352212, -0.9723806, -0.7422435, 0.6707272, -0.3639463, -0.7360264, -0.6851757, 0.2489182, -0.8834075, 0.3688476]","[0.0297653, 0.0425611, 0.0133105, 0.0094429, 0.7263637, 0.0088503, 0.0111405, 0.0457667, 0.0162628, 0.01121, 0.0117947, 0.0300165, 0.0096738, 0.0338411]",0.0010711655461760432,False
student_dev,contact,student:11:18503:157,foreign_diagnostic_state,4,turn_right,1.1852481836434539,0.7200765609741211,"[-0.237865, 1.6509101, -0.0544274, -0.5093377, 3.5615935, -0.9311625, -1.5441617, 0.5482938, -0.2974172, -0.3053688, -0.4471336, -0.1420601, -1.6818372, -0.4577599]","[0.0161174, 0.1065564, 0.0193625, 0.0122856, 0.7200766, 0.0080575, 0.0043649, 0.0353769, 0.0151856, 0.0150653, 0.0130741, 0.0177379, 0.0038035, 0.0129359]",0.012352676581451333,False
student_dev,contact,student:11:18503:332,normal,4,turn_right,1.5352651309016383,0.6060667634010315,"[0.2007653, 0.42482, -0.2760074, -1.0765822, 3.0111012, -1.049283, -0.8722121, 1.376146, -0.595591, -1.5923566, -0.6437445, 0.6466876, -1.2610626, 0.1392329]","[0.036476, 0.0456365, 0.0226437, 0.0101686, 0.6060668, 0.01045, 0.0124744, 0.1181594, 0.0164495, 0.0060711, 0.0156762, 0.0569729, 0.0084556, 0.0342992]",,
student_dev,contact,student:11:18503:332,zero,4,turn_right,1.2013049488891936,0.7186594009399414,"[-0.1980603, 0.9070735, 0.0890487, -0.9357485, 3.5742002, -1.0144928, -1.2414057, 1.4273072, -0.5861145, -1.3673009, -0.1898506, 0.5787357, -1.5715696, -0.3135546]","[0.0165292, 0.049912, 0.0220263, 0.0079046, 0.7186594, 0.007306, 0.0058228, 0.0839729, 0.011213, 0.005134, 0.0166654, 0.0359426, 0.0041855, 0.0147263]",0.010504675571899937,False
student_dev,contact,student:11:18503:332,earlier_same_episode,4,turn_right,1.523857241383105,0.5992718935012817,"[0.1571077, 0.5629679, -0.1303308, -1.21056, 3.0770259, -1.006022, -0.9755933, 1.5985619, -0.6186301, -1.5490639, -0.447851, 0.6940267, -1.3038756, 0.0513625]","[0.0323236, 0.0485045, 0.0242486, 0.0082328, 0.5992719, 0.0101013, 0.0104134, 0.1366266, 0.0148806, 0.0058687, 0.0176518, 0.0552969, 0.0074993, 0.02908]",0.0007196766365051637,False
student_dev,contact,student:11:18503:332,foreign_diagnostic_state,4,turn_right,1.2013049488891936,0.7186594009399414,"[-0.1980603, 0.9070735, 0.0890487, -0.9357485, 3.5742002, -1.0144928, -1.2414057, 1.4273072, -0.5861145, -1.3673009, -0.1898506, 0.5787357, -1.5715696, -0.3135546]","[0.0165292, 0.049912, 0.0220263, 0.0079046, 0.7186594, 0.007306, 0.0058228, 0.0839729, 0.011213, 0.005134, 0.0166654, 0.0359426, 0.0041855, 0.0147263]",0.010504675571899937,False
student_dev,contact,student:11:18503:489,normal,4,turn_right,2.0561280946954037,0.4109918773174286,"[0.0185966, 0.1348093, -0.0865358, -0.9372815, 2.2415709, -1.2108706, -0.4594102, 0.9217272, 0.5176356, -1.4475452, -0.6168184, 0.1974573, -0.6088134, 0.8556248]","[0.0445049, 0.0499894, 0.0400635, 0.017111, 0.4109919, 0.0130154, 0.0275938, 0.1098076, 0.0733057, 0.0102724, 0.0235749, 0.0532214, 0.0237644, 0.1027837]",,
student_dev,contact,student:11:18503:489,zero,4,turn_right,1.781650758764393,0.5413700342178345,"[-0.4607987, 0.5126016, 0.159122, -0.7218715, 2.7364736, -1.1509522, -0.5885706, 0.737223, 0.5336636, -1.2836928, -0.4383127, 0.1813124, -0.6709157, 0.5967519]","[0.0221277, 0.0585705, 0.0411306, 0.0170433, 0.54137, 0.011097, 0.0194736, 0.0733214, 0.0598172, 0.0097176, 0.0226309, 0.0420535, 0.0179343, 0.0637125]",0.011982130778574837,False
student_dev,contact,student:11:18503:489,earlier_same_episode,4,turn_right,2.0270387576395077,0.427055686712265,"[0.0519054, 0.0878773, -0.1916557, -0.9862812, 2.2940488, -1.1618234, -0.3780816, 0.8228969, 0.5157629, -1.4596149, -0.6786515, 0.2333954, -0.5725397, 0.8927115]","[0.0453664, 0.047028, 0.0355596, 0.0160641, 0.4270557, 0.0134778, 0.0295116, 0.098078, 0.0721414, 0.0100067, 0.0218503, 0.0543944, 0.0242963, 0.1051699]",0.0003917671683965038,False
student_dev,contact,student:11:18503:489,foreign_diagnostic_state,4,turn_right,1.888722643065559,0.467651903629303,"[-0.7670531, 1.1275519, 0.2949395, -0.5933407, 2.5208168, -1.2848555, -1.1115063, 0.822471, 0.8707255, -0.9959217, -0.8154015, -0.1679934, -0.9873192, 0.3444981]","[0.017459, 0.1161009, 0.0504936, 0.0207712, 0.4676519, 0.0104026, 0.0123716, 0.0855737, 0.0898043, 0.0138875, 0.0166349, 0.0317824, 0.0140074, 0.0530591]",0.020329324778457017,False
student_dev,early,student:29:18500:0,normal,10,fine_turn_left,2.5714549918536855,0.12951499223709106,"[0.3028083, -0.2323611, 0.2063387, 0.1872163, 0.5585937, -0.165839, 0.102181, -0.6535538, -0.3138877, -0.6541499, 0.6531425, -0.0816715, -0.0308751, -0.0316047]","[0.0912372, 0.0534258, 0.0828468, 0.0812776, 0.1178306, 0.0571006, 0.0746518, 0.0350614, 0.049243, 0.0350405, 0.129515, 0.0621147, 0.0653514, 0.0653038]",,
student_dev,early,student:29:18500:0,zero,10,fine_turn_left,2.5714549918536855,0.12951499223709106,"[0.3028083, -0.2323611, 0.2063387, 0.1872163, 0.5585937, -0.165839, 0.102181, -0.6535538, -0.3138877, -0.6541499, 0.6531425, -0.0816715, -0.0308751, -0.0316047]","[0.0912372, 0.0534258, 0.0828468, 0.0812776, 0.1178306, 0.0571006, 0.0746518, 0.0350614, 0.049243, 0.0350405, 0.129515, 0.0621147, 0.0653514, 0.0653038]",0.0,False
student_dev,early,student:29:18500:0,earlier_same_episode,10,fine_turn_left,2.5714549918536855,0.12951499223709106,"[0.3028083, -0.2323611, 0.2063387, 0.1872163, 0.5585937, -0.165839, 0.102181, -0.6535538, -0.3138877, -0.6541499, 0.6531425, -0.0816715, -0.0308751, -0.0316047]","[0.0912372, 0.0534258, 0.0828468, 0.0812776, 0.1178306, 0.0571006, 0.0746518, 0.0350614, 0.049243, 0.0350405, 0.129515, 0.0621147, 0.0653514, 0.0653038]",0.0,False
student_dev,early,student:29:18500:0,foreign_diagnostic_state,10,fine_turn_left,2.5404049018951556,0.14079506695270538,"[0.0756855, 0.5783463, 0.1816096, 0.3249664, 0.4777116, -0.2897387, -0.5043759, -0.2965699, -0.1569322, -0.464759, 0.7143435, -0.3539702, -0.636124, -0.5119993]","[0.0743399, 0.1228923, 0.0826464, 0.0953857, 0.111127, 0.0515846, 0.0416202, 0.0512334, 0.0589111, 0.0433022, 0.1407951, 0.0483754, 0.0364827, 0.0413041]",0.015422096659350161,False
student_dev,early,student:29:18500:55,normal,10,fine_turn_left,1.7948435992487966,0.49273693561553955,"[1.0840093, -1.4913741, -1.4615532, -1.0772798, -0.038757, 1.0259343, 1.0680302, -1.1105239, -0.9811009, -1.7162596, 2.8914623, 0.8240149, 0.3875195, 1.252362]","[0.0808441, 0.0061542, 0.0063405, 0.0093113, 0.0263049, 0.0762828, 0.0795625, 0.0090069, 0.0102514, 0.0049148, 0.4927369, 0.0623353, 0.0402872, 0.0956672]",,
student_dev,early,student:29:18500:55,zero,10,fine_turn_left,2.416724629119489,0.2779860496520996,"[0.244963, -0.0366143, -0.1763934, -0.2085318, 0.385886, -0.1333256, -0.1751225, -0.4702151, -0.3260291, -0.7259136, 1.4974408, -0.178173, -0.1373161, -0.0056262]","[0.0794472, 0.0599503, 0.0521298, 0.0504811, 0.0914705, 0.054424, 0.0521961, 0.038858, 0.0448849, 0.0300907, 0.277986, 0.0520371, 0.0542072, 0.0618371]",0.07624390043980328,False
student_dev,early,student:29:18500:55,earlier_same_episode,10,fine_turn_left,1.7046091033866138,0.5535702109336853,"[0.9287798, -0.90539, -1.0059648, -1.120452, 0.3422079, 0.7432896, 0.7273309, -0.8745561, -1.2398546, -1.5923513, 2.933604, 0.658987, -0.0913292, 0.7857199]","[0.074557, 0.0119102, 0.0107706, 0.0096055, 0.0414709, 0.0619343, 0.0609538, 0.0122832, 0.0085244, 0.005992, 0.5535702, 0.0569271, 0.026882, 0.0646187]",0.005993467655774937,False
student_dev,early,student:29:18500:55,foreign_diagnostic_state,10,fine_turn_left,2.4100091574324645,0.24931372702121735,"[-0.1539387, 0.8010479, -0.2397699, -0.0397977, 0.2131873, -0.2162264, -0.7557881, -0.2442866, 0.1108003, -0.5184897, 1.3453236, -0.5749921, -0.6200489, -0.4808179]","[0.0556705, 0.1446673, 0.0510915, 0.0624016, 0.0803648, 0.0523087, 0.0304961, 0.0508613, 0.0725437, 0.0386636, 0.2493137, 0.0365396, 0.0349298, 0.0401479]",0.13215929433923493,False
student_dev,early,student:29:18500:110,normal,10,fine_turn_left,1.7124825674794761,0.555155873298645,"[0.7743733, -0.7898584, -0.9351398, -1.07195, 0.356796, 0.778068, 0.6618415, -0.7860922, -1.2759008, -1.5065901, 2.8856189, 0.6249536, -0.2757857, 0.6253826]","[0.0672222, 0.0140662, 0.0121641, 0.0106088, 0.0442753, 0.067471, 0.0600677, 0.0141192, 0.0086515, 0.0068691, 0.5551559, 0.0578922, 0.0235198, 0.0579171]",,
student_dev,early,student:29:18500:110,zero,10,fine_turn_left,2.4514923235906476,0.25851500034332275,"[0.1410925, 0.0529194, -0.1522951, -0.2038031, 0.3681609, -0.0859612, -0.1929298, -0.3363662, -0.3731948, -0.6209211, 1.3888962, -0.1586276, -0.2944761, -0.1088966]","[0.0742286, 0.0679639, 0.0553547, 0.0525757, 0.0931507, 0.0591512, 0.0531505, 0.0460483, 0.0443833, 0.0346444, 0.258515, 0.0550053, 0.0480183, 0.0578099]",0.07543701217524593,False
student_dev,early,student:29:18500:110,earlier_same_episode,10,fine_turn_left,1.7716130777719847,0.5194101929664612,"[0.9867039, -0.9943708, -1.2287979, -1.3008406, 0.2154454, 0.8536035, 0.8007008, -0.7959022, -1.1584804, -1.6133715, 2.8485343, 0.8355207, -0.0335339, 0.8337771]","[0.0807101, 0.0111316, 0.0088054, 0.0081933, 0.0373228, 0.0706518, 0.0670113, 0.0135754, 0.0094468, 0.0059942, 0.5194102, 0.0693857, 0.0290967, 0.0692648]",0.00185281906045359,False
student_dev,early,student:29:18500:110,foreign_diagnostic_state,10,fine_turn_left,2.420578308159092,0.23226062953472137,"[-0.1924955, 0.9089472, -0.2863645, -0.0775435, 0.1723214, -0.1908903, -0.7036002, -0.0839226, 0.0349795, -0.4343308, 1.2695842, -0.5117685, -0.7121986, -0.5435688]","[0.0538273, 0.1619395, 0.0490045, 0.0603845, 0.0775248, 0.0539138, 0.0322874, 0.0600005, 0.0675762, 0.0422644, 0.2322606, 0.0391151, 0.0320109, 0.0378908]",0.12129164051447058,False
student_dev,early,student:29:18500:166,normal,10,fine_turn_left,1.782827519379661,0.5152370929718018,"[1.0661405, -0.9756141, -1.229028, -1.2085099, 0.2019783, 0.7753567, 0.7719582, -0.8148308, -1.158403, -1.5440515, 2.8228543, 0.7665368, -0.0543749, 0.8452573]","[0.0889357, 0.0115439, 0.0089598, 0.0091455, 0.0374779, 0.0664952, 0.0662696, 0.0135575, 0.0096154, 0.0065386, 0.5152371, 0.0659113, 0.029003, 0.0713095]",,
student_dev,early,student:29:18500:166,zero,10,fine_turn_left,2.464909821735963,0.24722589552402496,"[0.2995297, 0.057986, -0.2130674, -0.210062, 0.3420203, -0.1416159, -0.1925449, -0.3457048, -0.4014188, -0.5833682, 1.3400207, -0.1244914, -0.2853025, -0.0717293]","[0.0873403, 0.0685983, 0.0523114, 0.0524689, 0.0911314, 0.0561859, 0.0533961, 0.0458134, 0.0433308, 0.0361224, 0.2472259, 0.0571564, 0.0486659, 0.060253]",0.07628796436927882,False
student_dev,early,student:29:18500:166,earlier_same_episode,10,fine_turn_left,1.8318778246021636,0.4774237275123596,"[1.3215853, -1.1393807, -1.4357057, -1.3270686, 0.0044012, 0.7712818, 0.8979996, -0.7034511, -1.1937225, -1.6993533, 2.7891948, 0.9461797, 0.1507206, 1.0622798]","[0.1100346, 0.0093917, 0.0069832, 0.0077846, 0.029477, 0.0634652, 0.0720391, 0.0145234, 0.008895, 0.0053648, 0.4774237, 0.0755949, 0.0341216, 0.0849013]",0.001992240020316097,False
student_dev,early,student:29:18500:166,foreign_diagnostic_state,10,fine_turn_left,2.3728760368697843,0.2640064060688019,"[0.0765035, 0.9346125, -0.3116189, -0.1234308, 0.1989955, -0.3385859, -0.7148333, -0.0709843, -0.2630436, -0.4453094, 1.442046, -0.3776507, -0.794021, -0.4337225]","[0.0673856, 0.1589421, 0.0457096, 0.0551743, 0.0761666, 0.0444934, 0.0305417, 0.0581452, 0.0479848, 0.0399895, 0.2640064, 0.0427888, 0.0282165, 0.0404556]",0.10758280818042695,False
student_dev,mid,student:29:18500:167,normal,10,fine_turn_left,1.765939730954444,0.5233865976333618,"[1.0520236, -0.9734419, -1.2167392, -1.1685293, 0.1996503, 0.7625236, 0.7628714, -0.7894799, -1.1893187, -1.5519679, 2.8444755, 0.749063, -0.077139, 0.8275318]","[0.0871707, 0.0115006, 0.0090169, 0.0094623, 0.0371697, 0.0652593, 0.065282, 0.0138234, 0.0092676, 0.0064487, 0.5233866, 0.0643867, 0.0281826, 0.0696426]",,
student_dev,mid,student:29:18500:167,zero,10,fine_turn_left,2.4608546958144446,0.2504225969314575,"[0.2880058, 0.0469028, -0.2168041, -0.2083123, 0.3413514, -0.1469005, -0.1915896, -0.3230703, -0.4029438, -0.593996, 1.3540964, -0.1254753, -0.2868948, -0.0813432]","[0.0862335, 0.0677589, 0.0520523, 0.0524962, 0.0909586, 0.0558212, 0.0533815, 0.0468047, 0.0432116, 0.0356967, 0.2504226, 0.05703, 0.0485289, 0.0596033]",0.07653451158072638,False
student_dev,mid,student:29:18500:167,earlier_same_episode,10,fine_turn_left,1.837269819300838,0.4755736291408539,"[1.3227929, -1.1333898, -1.4360582, -1.3529594, 0.027515, 0.7400036, 0.885362, -0.651358, -1.2062668, -1.7003042, 2.7762194, 0.9514116, 0.1431652, 1.0442704]","[0.1111739, 0.0095345, 0.0070445, 0.0076549, 0.0304418, 0.0620727, 0.0717842, 0.0154397, 0.0088643, 0.0054086, 0.4755736, 0.0766856, 0.0341741, 0.0841476]",0.0025220449020105836,False
student_dev,mid,student:29:18500:167,foreign_diagnostic_state,10,fine_turn_left,2.4104371211833464,0.23615704476833344,"[-0.0596408, 0.9467334, -0.3672669, -0.0574529, 0.1338012, -0.2888519, -0.7029687, -0.1379746, -0.0314529, -0.4110588, 1.2910531, -0.4630434, -0.7230467, -0.5088179]","[0.0611789, 0.167365, 0.0449782, 0.0613129, 0.0742357, 0.0486471, 0.032152, 0.0565695, 0.062928, 0.043051, 0.236157, 0.0408702, 0.0315129, 0.0390415]",0.12268451526906829,False
student_dev,mid,student:29:18500:222,normal,10,fine_turn_left,1.8259735987938706,0.470242977142334,"[1.5675632, -1.0365794, -1.4707621, -1.4886714, 0.1103963, 0.5514832, 0.8150687, -0.5468766, -1.2463615, -1.7777947, 2.7973611, 1.0107884, 0.1222219, 1.0462869]","[0.1374763, 0.0101686, 0.0065872, 0.0064703, 0.0320176, 0.049768, 0.0647774, 0.0165935, 0.0082443, 0.0048457, 0.470243, 0.0787814, 0.0323984, 0.0816282]",,
student_dev,mid,student:29:18500:222,zero,10,fine_turn_left,2.4010848291621683,0.2740251123905182,"[0.5511634, 0.1538856, -0.307721, -0.3147034, 0.4068124, -0.361117, -0.3201551, -0.2814018, -0.4344086, -0.7497723, 1.4842883, -0.1195482, -0.3210011, -0.0954671]","[0.1077803, 0.0724442, 0.0456594, 0.0453417, 0.0932929, 0.0432854, 0.0450952, 0.0468771, 0.0402264, 0.0293461, 0.2740251, 0.0551129, 0.0450571, 0.0564562]",0.06955276171595345,False
student_dev,mid,student:29:18500:222,earlier_same_episode,10,fine_turn_left,1.7831903565818523,0.49428215622901917,"[1.400347, -1.293067, -1.5579097, -1.2483799, -0.0114411, 0.7928036, 0.9428443, -0.8604454, -1.0769137, -1.7741807, 2.8944447, 0.9310546, 0.2202628, 1.1571077]","[0.1109421, 0.0075052, 0.0057589, 0.0078482, 0.0270374, 0.0604288, 0.0702111, 0.0115677, 0.0093161, 0.0046389, 0.4942822, 0.0693882, 0.0340873, 0.0869879]",0.0018708162506282694,False
student_dev,mid,student:29:18500:222,foreign_diagnostic_state,10,fine_turn_left,2.3323521277000365,0.27895063161849976,"[0.2013059, 0.9633062, -0.3010552, -0.121747, 0.2457974, -0.4902607, -0.9173964, -0.1286232, -0.2172679, -0.5419043, 1.5102667, -0.4148966, -0.884705, -0.5012354]","[0.0753447, 0.1614304, 0.0455911, 0.0545447, 0.0787726, 0.037732, 0.0246154, 0.054171, 0.0495757, 0.0358328, 0.2789506, 0.0406855, 0.0254334, 0.0373201]",0.11397505713146497,False
student_dev,mid,student:29:18500:277,normal,10,fine_turn_left,1.7402566116765001,0.5184715390205383,"[1.1463858, -1.3516753, -1.4420339, -1.2016933, -0.0013558, 0.9869105, 0.9980729, -0.9444797, -1.0772063, -1.8877612, 2.9803495, 0.928751, 0.2907632, 1.1645186]","[0.0828409, 0.0068132, 0.0062246, 0.0079157, 0.0262898, 0.0706294, 0.0714222, 0.0102375, 0.008965, 0.0039859, 0.5184715, 0.0666388, 0.0352089, 0.0843567]",,
student_dev,mid,student:29:18500:277,zero,10,fine_turn_left,2.3622062834909032,0.3071378767490387,"[0.2179093, 0.1090976, -0.1247284, -0.2022218, 0.4335881, -0.1774493, -0.2813842, -0.4223103, -0.3651387, -0.8816767, 1.6260353, -0.1979366, -0.2398744, -0.1010189]","[0.0751263, 0.0673807, 0.0533318, 0.049355, 0.0932095, 0.0505929, 0.0455986, 0.0396048, 0.0419351, 0.0250177, 0.3071379, 0.049567, 0.0475312, 0.0546114]",0.07667321319861524,False
student_dev,mid,student:29:18500:277,earlier_same_episode,10,fine_turn_left,1.6312618917125072,0.5817927122116089,"[0.8690958, -0.9322852, -1.0273997, -1.053226, 0.3045556, 0.8311478, 0.7340395, -0.924778, -1.1773685, -1.7310402, 3.0462546, 0.6795328, -0.0999159, 0.7613732]","[0.0659539, 0.0108871, 0.0098993, 0.0096469, 0.0375028, 0.0634979, 0.0576217, 0.0109691, 0.0085206, 0.004898, 0.5817927, 0.054565, 0.0250267, 0.0592184]",0.004714201133471987,False
student_dev,mid,student:29:18500:277,foreign_diagnostic_state,10,fine_turn_left,2.300302325082294,0.30916881561279297,"[-0.0863656, 0.8714073, -0.0842501, -0.0524155, 0.3220707, -0.2579028, -0.8784786, -0.2582449, -0.1837083, -0.6630338, 1.6378797, -0.5126361, -0.8212087, -0.5237403]","[0.0551271, 0.1436551, 0.0552439, 0.0570308, 0.0829368, 0.0464374, 0.0249664, 0.0464215, 0.0500138, 0.0309686, 0.3091688, 0.0359947, 0.0264379, 0.0355972]",0.11734185645347686,False
student_dev,mid,student:29:18500:333,normal,10,fine_turn_left,1.7470948325343205,0.5324017405509949,"[0.8065835, -1.1345192, -1.1589303, -1.0691901, 0.2022167, 0.9275892, 0.8591982, -0.881573, -1.0305808, -1.660833, 2.8826144, 0.7128109, -0.0024036, 0.856945]","[0.0667776, 0.0095856, 0.0093545, 0.0102328, 0.0364886, 0.0753673, 0.0703852, 0.0123445, 0.0106356, 0.005663, 0.5324017, 0.0608003, 0.0297367, 0.0702267]",,
student_dev,mid,student:29:18500:333,zero,10,fine_turn_left,2.446543806280361,0.26162540912628174,"[0.1198934, 0.0060848, -0.1664706, -0.2238039, 0.381725, -0.1043075, -0.1650853, -0.3530333, -0.2666512, -0.7237285, 1.4083034, -0.1615098, -0.2147446, -0.066107]","[0.0721324, 0.0643731, 0.0541707, 0.0511523, 0.0937222, 0.057645, 0.0542458, 0.0449512, 0.0490068, 0.0310277, 0.2616254, 0.0544401, 0.0516178, 0.0598896]",0.07701407233434077,False
student_dev,mid,student:29:18500:333,earlier_same_episode,10,fine_turn_left,1.7656000072423517,0.5237846970558167,"[0.9207435, -1.072807, -1.1982427, -1.1737628, 0.208447, 0.827952, 0.8363105, -0.8165039, -1.0921781, -1.6581601, 2.8565979, 0.7459432, 0.0133687, 0.8918276]","[0.0755826, 0.0102952, 0.0090815, 0.0093066, 0.0370745, 0.0688847, 0.0694629, 0.0133029, 0.0100977, 0.0057335, 0.5237847, 0.063461, 0.0305038, 0.0734284]",0.0002947549357236423,False
student_dev,mid,student:29:18500:333,foreign_diagnostic_state,10,fine_turn_left,2.3898915085434465,0.2607188820838928,"[-0.1965725, 0.854028, -0.3026667, -0.0293418, 0.1837014, -0.2374806, -0.7124913, -0.2100378, 0.0432555, -0.5208309, 1.4073778, -0.4462083, -0.6812723, -0.4655237]","[0.0524307, 0.1499187, 0.047153, 0.0619745, 0.0766896, 0.0503291, 0.0312986, 0.0517294, 0.066641, 0.0379107, 0.2607189, 0.0408479, 0.0322911, 0.0400665]",0.11488447970664925,False
student_dev,late,student:29:18500:334,normal,10,fine_turn_left,1.7663437913724511,0.5220323801040649,"[0.8360462, -1.1966519, -1.1953032, -1.065852, 0.1710216, 0.9515997, 0.8960172, -0.9113696, -1.0182146, -1.6577531, 2.8639591, 0.7222222, 0.0588188, 0.9142829]","[0.0687046, 0.008999, 0.0090112, 0.0102566, 0.0353321, 0.0771206, 0.072951, 0.01197, 0.010757, 0.0056747, 0.5220324, 0.061313, 0.0315821, 0.0742957]",,
student_dev,late,student:29:18500:334,zero,10,fine_turn_left,2.4538316777412,0.25690653920173645,"[0.1374514, -0.0312518, -0.1697208, -0.2224448, 0.3776065, -0.0950413, -0.1428975, -0.3829717, -0.2673599, -0.7043155, 1.3879738, -0.165887, -0.1785912, -0.0324788]","[0.0735665, 0.062146, 0.0541099, 0.0513309, 0.0935359, 0.0583056, 0.055581, 0.0437183, 0.0490764, 0.0317034, 0.2569065, 0.0543178, 0.0536321, 0.0620698]",0.07695683850831714,False
student_dev,late,student:29:18500:334,earlier_same_episode,10,fine_turn_left,1.7784429034866434,0.5181450843811035,"[0.9275485, -1.0857792, -1.1865947, -1.1596886, 0.2119894, 0.8233945, 0.8429013, -0.8412011, -1.100536, -1.6320741, 2.8371587, 0.7228448, 0.0326932, 0.9149597]","[0.076757, 0.0102504, 0.0092674, 0.0095201, 0.037528, 0.0691647, 0.0705272, 0.0130906, 0.0101003, 0.0059359, 0.5181451, 0.0625485, 0.031368, 0.0757968]",0.0003044323460474564,False
student_dev,late,student:29:18500:334,foreign_diagnostic_state,10,fine_turn_left,2.384284330205859,0.2635054290294647,"[-0.1417395, 0.8304175, -0.1582439, -0.0945695, 0.3159468, -0.2597573, -0.7279093, -0.2669214, -0.1195133, -0.5062529, 1.41576, -0.4945281, -0.7429827, -0.4753819]","[0.0555106, 0.1467501, 0.054602, 0.0581918, 0.0877297, 0.0493312, 0.0308891, 0.048979, 0.0567582, 0.038554, 0.2635054, 0.0390087, 0.030427, 0.0397628]",0.11421344777121659,False
student_dev,late,student:29:18500:389,normal,10,fine_turn_left,1.755327902991416,0.5312197804450989,"[0.9792832, -0.9191675, -1.1317399, -1.0836066, 0.2448025, 0.7366129, 0.7386451, -0.7816704, -1.2946153, -1.5174176, 2.84182, 0.6866192, -0.1698537, 0.7739173]","[0.0824869, 0.0123566, 0.0099903, 0.0104829, 0.0395734, 0.0647134, 0.0648451, 0.0141779, 0.0084887, 0.0067933, 0.5312198, 0.0615577, 0.0261409, 0.0671731]",,
student_dev,late,student:29:18500:389,zero,10,fine_turn_left,2.478346093851206,0.23962217569351196,"[0.252354, 0.0192238, -0.2064777, -0.2177713, 0.3401604, -0.1239762, -0.1604532, -0.3221526, -0.4104795, -0.5481787, 1.2968669, -0.1293194, -0.2849414, -0.0556165]","[0.0843142, 0.0667811, 0.0532884, 0.05269, 0.0920523, 0.0578712, 0.0557983, 0.0474674, 0.0434546, 0.0378646, 0.2396222, 0.0575628, 0.049267, 0.0619656]",0.07906583795398404,False
student_dev,late,student:29:18500:389,earlier_same_episode,10,fine_turn_left,1.8755739783062828,0.4612255096435547,"[1.3070828, -1.0169138, -1.340999, -1.4055998, 0.1436391, 0.6584723, 0.825148, -0.5869267, -1.2909868, -1.6366376, 2.6897235, 0.9200879, 0.0570195, 0.9849165]","[0.1157284, 0.0113277, 0.0081921, 0.0076796, 0.0361545, 0.0604995, 0.0714724, 0.0174133, 0.0086122, 0.0060953, 0.4612255, 0.0785906, 0.0331547, 0.0838542]",0.0042353164006108425,False
student_dev,late,student:29:18500:389,foreign_diagnostic_state,10,fine_turn_left,2.398644936369265,0.2505907714366913,"[-0.0317777, 0.9129947, -0.4055878, -0.0037567, 0.1409152, -0.3158506, -0.6646086, -0.2091052, -0.143608, -0.368141, 1.3641722, -0.4013301, -0.7393884, -0.4066732]","[0.0620457, 0.1595957, 0.0426941, 0.0638089, 0.0737414, 0.0467025, 0.0329516, 0.0519636, 0.055481, 0.0443232, 0.2505908, 0.0428763, 0.0305774, 0.0426478]",0.11133940450441704,False
student_dev,late,student:29:18500:444,normal,10,fine_turn_left,1.794837017961111,0.49263912439346313,"[1.4788424, -0.808611, -1.3295665, -1.5422695, 0.2653598, 0.58556, 0.7107201, -0.5985069, -1.2942586, -1.8052701, 2.831692, 1.0147388, -0.0602253, 0.8526537]","[0.1273485, 0.012929, 0.0076792, 0.0062079, 0.0378429, 0.052125, 0.0590748, 0.0159519, 0.0079552, 0.0047722, 0.4926391, 0.0800638, 0.0273266, 0.0680838]",,
student_dev,late,student:29:18500:444,zero,10,fine_turn_left,2.379762193968521,0.2847251892089844,"[0.4937983, 0.3008972, -0.2489822, -0.3132545, 0.4498983, -0.2794693, -0.3654961, -0.359404, -0.4611512, -0.7976998, 1.536572, -0.124058, -0.4216895, -0.1727299]","[0.1003587, 0.0827521, 0.0477496, 0.0447772, 0.0960483, 0.0463158, 0.042498, 0.0427577, 0.0386212, 0.0275845, 0.2847252, 0.0541033, 0.0401757, 0.051533]",0.06825551032705912,False
student_dev,late,student:29:18500:444,earlier_same_episode,10,fine_turn_left,1.7474873763003704,0.5131893157958984,"[1.3581731, -1.1493798, -1.4780507, -1.2855954, 0.0467861, 0.8591371, 0.8918542, -0.8423336, -1.1503857, -1.8671381, 2.9464622, 0.9875733, 0.0940336, 1.035187]","[0.1048317, 0.0085404, 0.006148, 0.0074528, 0.0282465, 0.0636449, 0.0657617, 0.0116098, 0.0085318, 0.0041664, 0.5131893, 0.0723674, 0.0296131, 0.0758964]",0.002087967430836414,False
student_dev,late,student:29:18500:444,foreign_diagnostic_state,10,fine_turn_left,2.379762193968521,0.2847251892089844,"[0.4937983, 0.3008972, -0.2489822, -0.3132545, 0.4498983, -0.2794693, -0.3654961, -0.359404, -0.4611512, -0.7976998, 1.536572, -0.124058, -0.4216895, -0.1727299]","[0.1003587, 0.0827521, 0.0477496, 0.0447772, 0.0960483, 0.0463158, 0.042498, 0.0427577, 0.0386212, 0.0275845, 0.2847252, 0.0541033, 0.0401757, 0.051533]",0.06825551032705912,False
student_dev,late,student:29:18500:499,normal,10,fine_turn_left,1.7020738481620201,0.5327346920967102,"[1.2977271, -1.321663, -1.4538338, -1.1390057, -0.0894109, 0.8925663, 0.9683112, -0.7987431, -1.1694008, -2.0017419, 3.0446584, 0.9581339, 0.2513068, 1.1514757]","[0.0928599, 0.0067646, 0.0059271, 0.0081202, 0.0231954, 0.0619255, 0.0667982, 0.0114115, 0.0078771, 0.0034268, 0.5327347, 0.0661218, 0.0326117, 0.0802254]",,
student_dev,late,student:29:18500:499,zero,10,fine_turn_left,2.3368915887005746,0.3199094533920288,"[0.3381755, 0.1540171, -0.1247393, -0.1421744, 0.3542593, -0.2822476, -0.3428025, -0.3099894, -0.4156818, -0.9603133, 1.6819979, -0.2150491, -0.2797729, -0.1247665]","[0.0834473, 0.0694118, 0.0525256, 0.0516178, 0.0848003, 0.044871, 0.0422345, 0.0436433, 0.039266, 0.0227764, 0.3199095, 0.0479899, 0.0449822, 0.0525242]",0.07685492975191369,False
student_dev,late,student:29:18500:499,earlier_same_episode,10,fine_turn_left,1.6426975386495282,0.5698344111442566,"[1.0674533, -1.1565741, -1.2449443, -1.0214146, 0.0917918, 0.8656329, 0.8324586, -0.8577664, -1.1102285, -1.8760811, 3.0717499, 0.7667406, 0.0554373, 0.9288794]","[0.0767881, 0.0083064, 0.0076038, 0.0095085, 0.0289447, 0.0627544, 0.0607067, 0.0111991, 0.0087004, 0.0040451, 0.5698344, 0.0568455, 0.0279113, 0.0668516]",0.0016397172984867051,False
student_dev,late,student:29:18500:499,foreign_diagnostic_state,10,fine_turn_left,2.30394061038818,0.3053525984287262,"[-0.0190764, 0.9010783, -0.2125016, 0.0340294, 0.159108, -0.3204804, -0.9003965, -0.1564237, -0.0724027, -0.743561, 1.6188917, -0.5236293, -0.7905999, -0.5367656]","[0.0593528, 0.1489564, 0.0489145, 0.06259, 0.0709293, 0.0439079, 0.024586, 0.0517359, 0.0562706, 0.0287608, 0.3053526, 0.0358358, 0.0274393, 0.0353681]",0.12104015871654243,False
student_dev,raycast_log,student:29:18500:0,normal,10,fine_turn_left,2.5714549918536855,0.12951499223709106,"[0.3028083, -0.2323611, 0.2063387, 0.1872163, 0.5585937, -0.165839, 0.102181, -0.6535538, -0.3138877, -0.6541499, 0.6531425, -0.0816715, -0.0308751, -0.0316047]","[0.0912372, 0.0534258, 0.0828468, 0.0812776, 0.1178306, 0.0571006, 0.0746518, 0.0350614, 0.049243, 0.0350405, 0.129515, 0.0621147, 0.0653514, 0.0653038]",,
student_dev,raycast_log,student:29:18500:0,zero,10,fine_turn_left,2.5714549918536855,0.12951499223709106,"[0.3028083, -0.2323611, 0.2063387, 0.1872163, 0.5585937, -0.165839, 0.102181, -0.6535538, -0.3138877, -0.6541499, 0.6531425, -0.0816715, -0.0308751, -0.0316047]","[0.0912372, 0.0534258, 0.0828468, 0.0812776, 0.1178306, 0.0571006, 0.0746518, 0.0350614, 0.049243, 0.0350405, 0.129515, 0.0621147, 0.0653514, 0.0653038]",0.0,False
student_dev,raycast_log,student:29:18500:0,earlier_same_episode,10,fine_turn_left,2.5714549918536855,0.12951499223709106,"[0.3028083, -0.2323611, 0.2063387, 0.1872163, 0.5585937, -0.165839, 0.102181, -0.6535538, -0.3138877, -0.6541499, 0.6531425, -0.0816715, -0.0308751, -0.0316047]","[0.0912372, 0.0534258, 0.0828468, 0.0812776, 0.1178306, 0.0571006, 0.0746518, 0.0350614, 0.049243, 0.0350405, 0.129515, 0.0621147, 0.0653514, 0.0653038]",0.0,False
student_dev,raycast_log,student:29:18500:0,foreign_diagnostic_state,10,fine_turn_left,2.535149852827417,0.1383068561553955,"[0.0654144, 0.626263, 0.1682838, 0.3670105, 0.4894952, -0.3066329, -0.5367249, -0.3198777, -0.1215813, -0.4501762, 0.7014309, -0.3737569, -0.6462531, -0.5346792]","[0.0732193, 0.1282918, 0.0811523, 0.0989935, 0.1118926, 0.0504716, 0.0400977, 0.0498075, 0.0607315, 0.0437227, 0.1383069, 0.047195, 0.0359378, 0.0401798]",0.01710691234897147,False
student_dev,raycast_log,student:29:18500:191,normal,10,fine_turn_left,1.7726365062255245,0.5177293419837952,"[0.8534802, -1.2450811, -1.2217242, -1.0532825, 0.1392314, 0.9618408, 0.9183517, -0.9450175, -1.0107782, -1.6485527, 2.8617337, 0.7209771, 0.1135446, 0.9639065]","[0.0694911, 0.0085219, 0.0087233, 0.0103236, 0.0340201, 0.0774444, 0.0741486, 0.0115041, 0.0107719, 0.0056926, 0.5177293, 0.0608673, 0.0331573, 0.0776045]",,
student_dev,raycast_log,student:29:18500:191,zero,10,fine_turn_left,2.454956664543005,0.2564147412776947,"[0.1460097, -0.0558447, -0.1728797, -0.2220002, 0.3669584, -0.0978157, -0.1364548, -0.3999084, -0.267918, -0.6922109, 1.3857664, -0.1693186, -0.1532613, -0.0120792]","[0.0742204, 0.060654, 0.053955, 0.0513687, 0.0925721, 0.058161, 0.0559565, 0.0429966, 0.0490633, 0.0320988, 0.2564147, 0.0541475, 0.0550239, 0.0633675]",0.07687872743241139,False
student_dev,raycast_log,student:29:18500:191,earlier_same_episode,10,fine_turn_left,1.7684837808628446,0.5231664776802063,"[0.9230406, -1.0644666, -1.1569344, -1.1357028, 0.2124934, 0.8113001, 0.8255074, -0.8552781, -1.1297603, -1.6165766, 2.8486066, 0.7034467, 0.020528, 0.9076027]","[0.0762741, 0.0104523, 0.0095292, 0.0097337, 0.0374792, 0.0682101, 0.0691861, 0.0128844, 0.0097917, 0.0060178, 0.5231665, 0.0612363, 0.0309329, 0.0751057]",0.0004430241834292335,False
student_dev,raycast_log,student:29:18500:191,foreign_diagnostic_state,10,fine_turn_left,2.395737460601696,0.2635166645050049,"[-0.1662375, 0.7952139, -0.307578, -0.0139535, 0.1793703, -0.244582, -0.6897472, -0.2742043, 0.0150535, -0.4905853, 1.4134216, -0.4490487, -0.6317486, -0.4081407]","[0.0542964, 0.1420116, 0.0471398, 0.0632276, 0.0767125, 0.0502049, 0.0321672, 0.0487395, 0.0650885, 0.0392562, 0.2635167, 0.0409211, 0.034088, 0.0426298]",0.11269826677477798,False
student_dev,raycast_log,student:29:18500:345,normal,10,fine_turn_left,1.7761056998834137,0.49993371963500977,"[1.1960958, -1.4283549, -1.4832586, -1.1679919, -0.0428976, 0.9593611, 1.0278051, -1.0298548, -1.0208489, -1.7849354, 2.9248233, 0.8876379, 0.3471978, 1.2408348]","[0.0887433, 0.0064321, 0.0060885, 0.008345, 0.0257068, 0.0700363, 0.0749977, 0.0095811, 0.0096678, 0.0045029, 0.4999337, 0.065189, 0.037972, 0.0928038]",,
student_dev,raycast_log,student:29:18500:345,zero,10,fine_turn_left,2.385136451264382,0.29450833797454834,"[0.3086079, 0.0648054, -0.1590837, -0.2106287, 0.3891345, -0.2081726, -0.2500762, -0.4244345, -0.3820819, -0.7932557, 1.5719283, -0.1735672, -0.2212131, -0.0540827]","[0.0832616, 0.0652473, 0.0521589, 0.0495385, 0.0902437, 0.0496603, 0.0476224, 0.0400026, 0.0417332, 0.0276638, 0.2945083, 0.0514089, 0.0490169, 0.0579335]",0.07581314208118761,False
student_dev,raycast_log,student:29:18500:345,earlier_same_episode,10,fine_turn_left,1.6585016855492727,0.5716066360473633,"[0.9744801, -0.8485714, -0.988741, -1.1228536, 0.3406071, 0.7127553, 0.6898474, -0.8389993, -1.2686137, -1.6536106, 3.000659, 0.6842209, -0.1551163, 0.7447127]","[0.0753597, 0.012173, 0.0105809, 0.0092529, 0.0399808, 0.058006, 0.0566924, 0.0122901, 0.0079979, 0.0054422, 0.5716066, 0.0563743, 0.0243535, 0.0598897]",0.006787222294378482,False
student_dev,raycast_log,student:29:18500:345,foreign_diagnostic_state,10,fine_turn_left,2.3641525609652714,0.29232358932495117,"[-0.0528096, 0.6596989, -0.2215372, 0.0379806, 0.2174484, -0.2470911, -0.7795833, -0.2059116, -0.1812862, -0.5487329, 1.5436103, -0.3872948, -0.7004901, -0.3190466]","[0.0592308, 0.1207775, 0.0500346, 0.06486, 0.0776102, 0.0487722, 0.0286361, 0.0508225, 0.0520896, 0.036072, 0.2923236, 0.0423919, 0.030993, 0.045386]",0.11022106419224287,False
student_dev,raycast_log,student:29:18500:499,normal,10,fine_turn_left,1.7020738481620201,0.5327346920967102,"[1.2977271, -1.321663, -1.4538338, -1.1390057, -0.0894109, 0.8925663, 0.9683112, -0.7987431, -1.1694008, -2.0017419, 3.0446584, 0.9581339, 0.2513068, 1.1514757]","[0.0928599, 0.0067646, 0.0059271, 0.0081202, 0.0231954, 0.0619255, 0.0667982, 0.0114115, 0.0078771, 0.0034268, 0.5327347, 0.0661218, 0.0326117, 0.0802254]",,
student_dev,raycast_log,student:29:18500:499,zero,10,fine_turn_left,2.3368915887005746,0.3199094533920288,"[0.3381755, 0.1540171, -0.1247393, -0.1421744, 0.3542593, -0.2822476, -0.3428025, -0.3099894, -0.4156818, -0.9603133, 1.6819979, -0.2150491, -0.2797729, -0.1247665]","[0.0834473, 0.0694118, 0.0525256, 0.0516178, 0.0848003, 0.044871, 0.0422345, 0.0436433, 0.039266, 0.0227764, 0.3199095, 0.0479899, 0.0449822, 0.0525242]",0.07685492975191369,False
student_dev,raycast_log,student:29:18500:499,earlier_same_episode,10,fine_turn_left,1.6426975386495282,0.5698344111442566,"[1.0674533, -1.1565741, -1.2449443, -1.0214146, 0.0917918, 0.8656329, 0.8324586, -0.8577664, -1.1102285, -1.8760811, 3.0717499, 0.7667406, 0.0554373, 0.9288794]","[0.0767881, 0.0083064, 0.0076038, 0.0095085, 0.0289447, 0.0627544, 0.0607067, 0.0111991, 0.0087004, 0.0040451, 0.5698344, 0.0568455, 0.0279113, 0.0668516]",0.0016397172984867051,False
student_dev,raycast_log,student:29:18500:499,foreign_diagnostic_state,10,fine_turn_left,2.2916943240242404,0.305259644985199,"[0.0251748, 0.939629, -0.0660557, -0.033423, 0.2686816, -0.3531263, -0.9263412, -0.1397733, -0.2119448, -0.7475029, 1.6258345, -0.5793363, -0.8883333, -0.5988585]","[0.0615902, 0.153693, 0.05622, 0.0580849, 0.0785716, 0.0421908, 0.0237834, 0.0522247, 0.0485883, 0.0284408, 0.3052596, 0.0336493, 0.0247047, 0.0329988]",0.12431458536934398,False
student_dev,contact,student:29:18500:0,normal,10,fine_turn_left,2.5714549918536855,0.12951499223709106,"[0.3028083, -0.2323611, 0.2063387, 0.1872163, 0.5585937, -0.165839, 0.102181, -0.6535538, -0.3138877, -0.6541499, 0.6531425, -0.0816715, -0.0308751, -0.0316047]","[0.0912372, 0.0534258, 0.0828468, 0.0812776, 0.1178306, 0.0571006, 0.0746518, 0.0350614, 0.049243, 0.0350405, 0.129515, 0.0621147, 0.0653514, 0.0653038]",,
student_dev,contact,student:29:18500:0,zero,10,fine_turn_left,2.5714549918536855,0.12951499223709106,"[0.3028083, -0.2323611, 0.2063387, 0.1872163, 0.5585937, -0.165839, 0.102181, -0.6535538, -0.3138877, -0.6541499, 0.6531425, -0.0816715, -0.0308751, -0.0316047]","[0.0912372, 0.0534258, 0.0828468, 0.0812776, 0.1178306, 0.0571006, 0.0746518, 0.0350614, 0.049243, 0.0350405, 0.129515, 0.0621147, 0.0653514, 0.0653038]",0.0,False
student_dev,contact,student:29:18500:0,earlier_same_episode,10,fine_turn_left,2.5714549918536855,0.12951499223709106,"[0.3028083, -0.2323611, 0.2063387, 0.1872163, 0.5585937, -0.165839, 0.102181, -0.6535538, -0.3138877, -0.6541499, 0.6531425, -0.0816715, -0.0308751, -0.0316047]","[0.0912372, 0.0534258, 0.0828468, 0.0812776, 0.1178306, 0.0571006, 0.0746518, 0.0350614, 0.049243, 0.0350405, 0.129515, 0.0621147, 0.0653514, 0.0653038]",0.0,False
student_dev,contact,student:29:18500:0,foreign_diagnostic_state,10,fine_turn_left,2.5322777598176827,0.13798308372497559,"[0.0332357, 0.6133155, 0.2314239, 0.3926932, 0.4933212, -0.3334566, -0.5465317, -0.40728, -0.1323438, -0.4196786, 0.697355, -0.3772899, -0.6720035, -0.5154681]","[0.0710236, 0.1268609, 0.0865913, 0.1017449, 0.1125162, 0.049221, 0.0397752, 0.0457182, 0.0601855, 0.0451548, 0.1379831, 0.04711, 0.035085, 0.0410302]",0.017046039985180256,False
student_dev,contact,student:29:18500:166,normal,10,fine_turn_left,1.782827519379661,0.5152370929718018,"[1.0661405, -0.9756141, -1.229028, -1.2085099, 0.2019783, 0.7753567, 0.7719582, -0.8148308, -1.158403, -1.5440515, 2.8228543, 0.7665368, -0.0543749, 0.8452573]","[0.0889357, 0.0115439, 0.0089598, 0.0091455, 0.0374779, 0.0664952, 0.0662696, 0.0135575, 0.0096154, 0.0065386, 0.5152371, 0.0659113, 0.029003, 0.0713095]",,
student_dev,contact,student:29:18500:166,zero,10,fine_turn_left,2.464909821735963,0.24722589552402496,"[0.2995297, 0.057986, -0.2130674, -0.210062, 0.3420203, -0.1416159, -0.1925449, -0.3457048, -0.4014188, -0.5833682, 1.3400207, -0.1244914, -0.2853025, -0.0717293]","[0.0873403, 0.0685983, 0.0523114, 0.0524689, 0.0911314, 0.0561859, 0.0533961, 0.0458134, 0.0433308, 0.0361224, 0.2472259, 0.0571564, 0.0486659, 0.060253]",0.07628796436927882,False
student_dev,contact,student:29:18500:166,earlier_same_episode,10,fine_turn_left,1.8318778246021636,0.4774237275123596,"[1.3215853, -1.1393807, -1.4357057, -1.3270686, 0.0044012, 0.7712818, 0.8979996, -0.7034511, -1.1937225, -1.6993533, 2.7891948, 0.9461797, 0.1507206, 1.0622798]","[0.1100346, 0.0093917, 0.0069832, 0.0077846, 0.029477, 0.0634652, 0.0720391, 0.0145234, 0.008895, 0.0053648, 0.4774237, 0.0755949, 0.0341216, 0.0849013]",0.001992240020316097,False
student_dev,contact,student:29:18500:166,foreign_diagnostic_state,10,fine_turn_left,2.4094908314143155,0.23156850039958954,"[-0.0494482, 0.9798309, -0.3668995, -0.0111729, 0.1315887, -0.2991, -0.7149845, -0.1566467, -0.0125293, -0.3674296, 1.2740185, -0.5207082, -0.7250107, -0.5421618]","[0.061646, 0.1725502, 0.0448784, 0.0640513, 0.0738803, 0.0480267, 0.0316859, 0.0553796, 0.0639645, 0.0448547, 0.2315685, 0.0384804, 0.0313698, 0.0376636]",0.12666898606640653,False
student_dev,contact,student:29:18500:332,normal,10,fine_turn_left,1.744289433013992,0.5349579453468323,"[0.7802025, -1.103022, -1.1219633, -1.076126, 0.2304295, 0.9137698, 0.8414739, -0.8755575, -1.0503175, -1.6326416, 2.8793635, 0.6966312, -0.0330175, 0.8271807]","[0.065564, 0.0099722, 0.0097851, 0.0102441, 0.0378357, 0.074933, 0.0697069, 0.0125192, 0.0105119, 0.0058719, 0.5349579, 0.0603075, 0.0290729, 0.0687176]",,
student_dev,contact,student:29:18500:332,zero,10,fine_turn_left,2.451791332649132,0.25849899649620056,"[0.1123639, -0.0117025, -0.1723873, -0.2443661, 0.3818152, -0.0951758, -0.1547825, -0.3491389, -0.2611015, -0.7044935, 1.39218, -0.1559246, -0.209429, -0.059479]","[0.0718856, 0.0634981, 0.0540724, 0.0503171, 0.0941159, 0.0584129, 0.0550328, 0.045312, 0.0494821, 0.0317603, 0.258499, 0.05497, 0.0521061, 0.0605357]",0.0769168124714315,False
student_dev,contact,student:29:18500:332,earlier_same_episode,10,fine_turn_left,1.7691172407605606,0.5223308205604553,"[0.9155408, -1.0686681, -1.1947609, -1.1945384, 0.2079051, 0.834072, 0.8312739, -0.8098475, -1.0939796, -1.6408517, 2.8502002, 0.7529051, 0.0063953, 0.8888541]","[0.075463, 0.0103753, 0.0091462, 0.0091482, 0.0371887, 0.0695588, 0.0693645, 0.0134402, 0.010116, 0.0058547, 0.5223308, 0.064136, 0.0304016, 0.0734757]",0.0003727776476575432,False
student_dev,contact,student:29:18500:332,foreign_diagnostic_state,4,turn_right,2.4476541893243153,0.20235253870487213,"[0.618107, 0.0892044, -0.2471178, -0.0886415, 1.1915591, -0.4342853, -0.3012655, -0.4311002, -0.3730219, -1.0216533, 0.8725991, 0.3120967, -0.3210974, -0.2721879]","[0.1140411, 0.0671989, 0.0480064, 0.0562503, 0.2023525, 0.039812, 0.0454761, 0.039939, 0.0423272, 0.022127, 0.147091, 0.0839775, 0.0445831, 0.0468178]",0.13864134804457812,True
student_dev,contact,student:29:18500:499,normal,10,fine_turn_left,1.7020738481620201,0.5327346920967102,"[1.2977271, -1.321663, -1.4538338, -1.1390057, -0.0894109, 0.8925663, 0.9683112, -0.7987431, -1.1694008, -2.0017419, 3.0446584, 0.9581339, 0.2513068, 1.1514757]","[0.0928599, 0.0067646, 0.0059271, 0.0081202, 0.0231954, 0.0619255, 0.0667982, 0.0114115, 0.0078771, 0.0034268, 0.5327347, 0.0661218, 0.0326117, 0.0802254]",,
student_dev,contact,student:29:18500:499,zero,10,fine_turn_left,2.3368915887005746,0.3199094533920288,"[0.3381755, 0.1540171, -0.1247393, -0.1421744, 0.3542593, -0.2822476, -0.3428025, -0.3099894, -0.4156818, -0.9603133, 1.6819979, -0.2150491, -0.2797729, -0.1247665]","[0.0834473, 0.0694118, 0.0525256, 0.0516178, 0.0848003, 0.044871, 0.0422345, 0.0436433, 0.039266, 0.0227764, 0.3199095, 0.0479899, 0.0449822, 0.0525242]",0.07685492975191369,False
student_dev,contact,student:29:18500:499,earlier_same_episode,10,fine_turn_left,1.6426975386495282,0.5698344111442566,"[1.0674533, -1.1565741, -1.2449443, -1.0214146, 0.0917918, 0.8656329, 0.8324586, -0.8577664, -1.1102285, -1.8760811, 3.0717499, 0.7667406, 0.0554373, 0.9288794]","[0.0767881, 0.0083064, 0.0076038, 0.0095085, 0.0289447, 0.0627544, 0.0607067, 0.0111991, 0.0087004, 0.0040451, 0.5698344, 0.0568455, 0.0279113, 0.0668516]",0.0016397172984867051,False
student_dev,contact,student:29:18500:499,foreign_diagnostic_state,1,forward,2.3298301263584036,0.2459568977355957,"[-0.0657935, 1.4935762, 0.1415112, 0.9774181, -0.031488, -0.6950527, -1.0427903, -0.2723298, 0.3134972, -0.2111477, 0.9838483, -0.6368375, -0.6017755, -0.9305394]","[0.051717, 0.2459569, 0.0636304, 0.1467893, 0.053522, 0.0275645, 0.0194683, 0.0420664, 0.0755714, 0.0447205, 0.1477362, 0.0292168, 0.0302593, 0.0217811]",0.24150504881342139,True
student_dev,early,student:29:18501:0,normal,4,turn_right,2.5459272584373265,0.13255323469638824,"[0.1365623, -0.3320738, 0.2756927, 0.4209411, 0.7304541, -0.1948336, 0.1288334, -1.0008653, 0.0127295, -0.9628463, 0.5746011, -0.1987634, 0.3648258, 0.1152075]","[0.0731925, 0.0458079, 0.0841182, 0.0972681, 0.1325532, 0.0525464, 0.072629, 0.0234686, 0.0646676, 0.0243781, 0.1134238, 0.0523403, 0.0919602, 0.071646]",,
student_dev,early,student:29:18501:0,zero,4,turn_right,2.5459272584373265,0.13255323469638824,"[0.1365623, -0.3320738, 0.2756927, 0.4209411, 0.7304541, -0.1948336, 0.1288334, -1.0008653, 0.0127295, -0.9628463, 0.5746011, -0.1987634, 0.3648258, 0.1152075]","[0.0731925, 0.0458079, 0.0841182, 0.0972681, 0.1325532, 0.0525464, 0.072629, 0.0234686, 0.0646676, 0.0243781, 0.1134238, 0.0523403, 0.0919602, 0.071646]",0.0,False
student_dev,early,student:29:18501:0,earlier_same_episode,4,turn_right,2.5459272584373265,0.13255323469638824,"[0.1365623, -0.3320738, 0.2756927, 0.4209411, 0.7304541, -0.1948336, 0.1288334, -1.0008653, 0.0127295, -0.9628463, 0.5746011, -0.1987634, 0.3648258, 0.1152075]","[0.0731925, 0.0458079, 0.0841182, 0.0972681, 0.1325532, 0.0525464, 0.072629, 0.0234686, 0.0646676, 0.0243781, 0.1134238, 0.0523403, 0.0919602, 0.071646]",0.0,False
student_dev,early,student:29:18501:0,foreign_diagnostic_state,1,forward,1.9717010854929566,0.403237909078598,"[-0.4384274, 2.3631966, 1.471348, 1.0374891, 0.8522698, -1.3279408, -1.1579669, -0.5074595, -0.0288903, 0.2934359, -0.2291282, -0.7381408, -0.7770806, -1.1084508]","[0.0244811, 0.4032379, 0.1652861, 0.107106, 0.0889968, 0.0100582, 0.0119217, 0.0228482, 0.0368715, 0.0508951, 0.0301807, 0.0181413, 0.0174484, 0.0125269]",0.16388703114171904,True
student_dev,early,student:29:18501:55,normal,4,turn_right,1.5721137401378702,0.5260591506958008,"[0.8956177, 0.7776269, 1.8361952, -1.8325214, 3.2503211, -1.6690623, -1.1074752, 2.0536482, -2.4615743, -1.1479446, 0.0498265, 0.4378354, -1.3704889, -0.4897704]","[0.0499344, 0.0443769, 0.127905, 0.0032628, 0.5260592, 0.0038421, 0.006737, 0.158974, 0.0017394, 0.0064698, 0.0214327, 0.0315928, 0.005179, 0.0124949]",,
student_dev,early,student:29:18501:55,zero,4,turn_right,2.2990847808467993,0.29897576570510864,"[0.5532932, -0.2183689, 0.4902773, -0.6025519, 1.6811546, -0.6753724, -0.5075359, 0.3939369, -0.9818241, -1.2386435, 0.7050034, 0.0601065, -0.420205, -0.1374435]","[0.0967859, 0.0447387, 0.090875, 0.0304674, 0.2989758, 0.0283276, 0.0335042, 0.0825286, 0.0208506, 0.0161281, 0.1126416, 0.0591049, 0.0365618, 0.0485097]",0.08109308214021467,False
student_dev,early,student:29:18501:55,earlier_same_episode,4,turn_right,1.2274868219929593,0.699769139289856,"[0.7172576, 0.6018734, 1.6761622, -1.6968862, 3.6793067, -1.4469612, -0.8886095, 1.1003957, -2.0922546, -1.0687879, 0.1504691, 0.3828669, -1.3046768, -0.5502835]","[0.036187, 0.0322435, 0.0944061, 0.0032367, 0.6997691, 0.0041557, 0.0072633, 0.0530821, 0.0021797, 0.0060657, 0.0205305, 0.0259017, 0.0047911, 0.0101875]",0.022539465893034287,False
student_dev,early,student:29:18501:55,foreign_diagnostic_state,1,forward,1.6584315023193767,0.48583415150642395,"[-0.3170559, 2.9623301, 1.8736496, -0.0198843, 1.7495131, -2.0857079, -1.884252, 1.0832729, -1.1256211, 0.2542594, -0.4288431, -0.6138587, -1.7151308, -1.2671031]","[0.0182923, 0.4858342, 0.1635611, 0.0246223, 0.1444669, 0.00312, 0.0038163, 0.0742034, 0.0081492, 0.0323883, 0.0163576, 0.0135947, 0.0045195, 0.0070741]",0.19106515839943902,True
student_dev,early,student:29:18501:110,normal,4,turn_right,1.0900183852741017,0.7548238039016724,"[0.8810426, 0.1849388, 1.2991802, -1.8179862, 3.7836096, -1.4845713, -0.6647885, 0.7584801, -1.4391365, -1.3367566, -0.1922897, 0.4183379, -0.8675188, -0.3596444]","[0.0414264, 0.020652, 0.062932, 0.0027868, 0.7548238, 0.0038896, 0.0088294, 0.0366478, 0.0040704, 0.0045092, 0.0141623, 0.0260811, 0.0072092, 0.0119799]",,
student_dev,early,student:29:18501:110,zero,4,turn_right,2.226129283771364,0.36289066076278687,"[0.4382384, -0.3967592, 0.2759025, -0.8559508, 1.9027116, -0.7184469, -0.3562412, 0.2172509, -0.2380648, -1.4627444, 0.3551767, 0.0433203, -0.0707537, -0.0488918]","[0.0839002, 0.0364023, 0.0713283, 0.0229987, 0.3628907, 0.0263889, 0.0379075, 0.067265, 0.0426627, 0.0125365, 0.0772129, 0.0565265, 0.0504325, 0.0515472]",0.0972327441288122,False
student_dev,early,student:29:18501:110,earlier_same_episode,4,turn_right,1.4387725565541898,0.6053897738456726,"[0.9749798, 0.6158784, 1.5798512, -2.1852562, 3.4300301, -1.7239859, -0.9892067, 1.8240024, -1.9464103, -1.3504455, -0.2288261, 0.5394727, -1.0846643, -0.414803]","[0.0519781, 0.0362965, 0.0951727, 0.0022047, 0.6053898, 0.0034968, 0.007291, 0.1214916, 0.0027995, 0.0050804, 0.015596, 0.0336265, 0.0066272, 0.0129493]",0.019553805590092118,False
student_dev,early,student:29:18501:110,foreign_diagnostic_state,1,forward,1.5919241199355874,0.3958694040775299,"[-0.6802091, 3.004967, 2.4768198, -0.0798736, 2.464216, -2.3225212, -2.0344293, 0.9805141, -1.071185, 0.1823761, -0.7405246, -0.889728, -1.7506139, -1.5189176]","[0.0099335, 0.3958694, 0.2334428, 0.018106, 0.230519, 0.0019224, 0.0025643, 0.0522809, 0.006719, 0.0235351, 0.009352, 0.0080558, 0.0034059, 0.0042939]",0.22068771315089108,True
student_dev,early,student:29:18501:166,normal,4,turn_right,1.167986447561358,0.7090580463409424,"[0.0568628, 0.5238563, 2.0141637, -1.6388674, 3.7043924, -0.846792, -0.6765569, 0.3268541, -1.7013693, -1.1886228, 0.1949036, 0.1440279, -0.76213, -0.5341566]","[0.0184748, 0.0294708, 0.1308051, 0.0033895, 0.709058, 0.0074839, 0.0088728, 0.0242011, 0.0031841, 0.0053171, 0.0212095, 0.0201574, 0.0081451, 0.0102307]",,
student_dev,early,student:29:18501:166,zero,4,turn_right,2.2916500407379443,0.31670328974723816,"[-0.1864991, -0.4605608, 0.6194593, -0.6892304, 1.7728282, 0.1307938, -0.2031792, -0.4872826, -0.3742845, -1.3038239, 0.729857, -0.0951737, 0.3208184, -0.0099955]","[0.0446403, 0.0339394, 0.0999426, 0.0270019, 0.3167033, 0.0613093, 0.0439019, 0.0330445, 0.0369976, 0.0146043, 0.1116082, 0.0489091, 0.07414, 0.0532577]",0.11897504941237003,False
student_dev,early,student:29:18501:166,earlier_same_episode,4,turn_right,1.1050939139744989,0.74965500831604,"[0.2771794, 0.1732575, 1.5545099, -1.5337222, 3.7144122, -0.8127992, -0.5594551, 0.1027245, -1.4978163, -1.2573829, 0.1089402, 0.2530953, -0.5656902, -0.4402834]","[0.0241041, 0.0217249, 0.0864625, 0.0039412, 0.749655, 0.0081044, 0.0104411, 0.0202454, 0.0040853, 0.0051956, 0.0203716, 0.0235305, 0.0103762, 0.0117625]",0.0033700518690654513,False
student_dev,early,student:29:18501:166,foreign_diagnostic_state,1,forward,1.8027979085461494,0.3875395655632019,"[-0.7065122, 2.5292027, 1.8595171, -0.3733108, 1.9172046, -1.5987957, -1.5897294, 0.0235167, -0.2219733, 0.2092095, -0.452725, -0.7052659, -0.7903745, -0.988723]","[0.0152427, 0.3875396, 0.1983697, 0.0212701, 0.2101496, 0.0062452, 0.0063021, 0.0316308, 0.0247455, 0.0380852, 0.0196463, 0.0152617, 0.0140166, 0.0114948]",0.1826247968029725,True
student_dev,mid,student:29:18501:167,normal,4,turn_right,1.125843631414898,0.7214972376823425,"[-0.3957852, 0.4074349, 2.0377874, -1.4774519, 3.7335038, -0.4318863, -0.5147253, -0.0958558, -1.4225322, -1.1096146, 0.2829238, -0.0222097, -0.688379, -0.6288846]","[0.011612, 0.0259263, 0.1323715, 0.0039368, 0.7214972, 0.0112003, 0.0103098, 0.0156735, 0.0041591, 0.0056872, 0.0228911, 0.0168713, 0.0086663, 0.0091976]",,
student_dev,mid,student:29:18501:167,zero,4,turn_right,2.2829717214036016,0.3138352036476135,"[-0.4560717, -0.4116796, 0.6947122, -0.606318, 1.7866838, 0.3514033, -0.166604, -0.4776439, -0.3570487, -1.2938573, 0.8043593, -0.1829295, 0.3011613, -0.0770978]","[0.0333185, 0.0348309, 0.1053087, 0.0286704, 0.3138352, 0.074708, 0.0445041, 0.0326074, 0.0367867, 0.0144158, 0.1175124, 0.0437834, 0.0710473, 0.0486711]",0.12106320656725844,False
student_dev,mid,student:29:18501:167,earlier_same_episode,4,turn_right,1.1485276577063457,0.7371024489402771,"[0.1064853, 0.1363743, 1.5529326, -1.45507, 3.6478558, -0.5857974, -0.5053525, 0.1805894, -1.4843726, -1.3212556, 0.1511927, 0.2215697, -0.5377775, -0.4630984]","[0.0213565, 0.0220045, 0.0907224, 0.0044808, 0.7371024, 0.0106875, 0.0115828, 0.0229992, 0.0043514, 0.0051224, 0.022333, 0.0239613, 0.0112132, 0.0120827]",0.0036870365053411763,False
student_dev,mid,student:29:18501:167,foreign_diagnostic_state,1,forward,1.911523490886875,0.3038576543331146,"[-0.7790563, 2.1447742, 1.7141821, -0.2847902, 2.017652, -1.1756161, -1.308745, -0.3943331, -0.1525867, -0.0463849, -0.2593013, -0.6720097, -0.6212946, -0.925992]","[0.0163255, 0.3038577, 0.1975452, 0.0267623, 0.267585, 0.010981, 0.0096123, 0.0239856, 0.0305449, 0.0339674, 0.0274532, 0.0181701, 0.0191153, 0.0140946]",0.14425193726689728,True
student_dev,mid,student:29:18501:222,normal,4,turn_right,1.212512707698693,0.7066372632980347,"[0.8986235, 0.2563112, 1.256305, -2.0587575, 3.6843495, -1.5242809, -0.7688719, 1.4741541, -1.5833749, -1.6082383, -0.1493599, 0.6210946, -1.0253586, -0.4982314]","[0.0435884, 0.0229308, 0.0623319, 0.0022646, 0.7066373, 0.0038647, 0.008226, 0.0775034, 0.0036429, 0.0035535, 0.015284, 0.0330249, 0.006365, 0.0107826]",,
student_dev,mid,student:29:18501:222,zero,4,turn_right,2.172564025955721,0.37996798753738403,"[0.1999613, -0.187589, 0.3495474, -0.9748536, 1.9755377, -0.76474, -0.4719344, 0.6006764, -0.2961857, -1.6045578, 0.4064092, 0.0980875, -0.3798662, -0.2555997]","[0.0643612, 0.0436831, 0.0747461, 0.0198796, 0.379968, 0.0245278, 0.0328718, 0.0960843, 0.0391877, 0.0105909, 0.0791194, 0.0581274, 0.0360419, 0.0408109]",0.07401718420596154,False
student_dev,mid,student:29:18501:222,earlier_same_episode,4,turn_right,1.158984166990389,0.715367317199707,"[0.4662772, 0.6928195, 1.7942349, -2.011683, 3.7856562, -1.5780653, -0.8912199, 1.2808067, -1.7178901, -1.3147475, -0.0588665, 0.3258292, -1.3100471, -0.6374364]","[0.0258786, 0.0324584, 0.0976485, 0.0021716, 0.7153673, 0.0033504, 0.0066587, 0.0584369, 0.0029132, 0.0043597, 0.0153064, 0.0224877, 0.0043802, 0.0085823]",0.004952267410585701,False
student_dev,mid,student:29:18501:222,foreign_diagnostic_state,1,forward,1.8493616865682856,0.3941582441329956,"[-0.3385039, 2.469888, 1.4073927, -0.5725922, 1.8700466, -2.012342, -1.6097599, 0.8996802, -0.0489311, -0.223341, -0.6652595, -0.5132303, -1.1463525, -1.0674382]","[0.0237685, 0.3941582, 0.1362181, 0.0188078, 0.2163529, 0.0044572, 0.0066666, 0.0819857, 0.0317513, 0.0266696, 0.0171433, 0.0199581, 0.0105964, 0.0114665]",0.1935581449733691,True
student_dev,mid,student:29:18501:277,normal,4,turn_right,1.087764362610962,0.7335747480392456,"[-0.3885387, 0.5471873, 2.0119326, -1.2858794, 3.7774339, -0.459052, -0.6409369, -0.1099217, -1.4538931, -1.0512849, 0.3317013, -0.0652519, -1.1414772, -0.8560998]","[0.0113811, 0.0290112, 0.1255154, 0.0046395, 0.7335747, 0.0106063, 0.0088424, 0.0150379, 0.003922, 0.0058662, 0.0233874, 0.0157249, 0.0053603, 0.0071306]",,
student_dev,mid,student:29:18501:277,zero,4,turn_right,2.2700196005143205,0.32382631301879883,"[-0.1539795, -0.1161821, 0.6088628, -0.6361969, 1.7899013, 0.1501746, -0.3515573, -0.2338681, -0.5604439, -1.3369042, 0.8695771, -0.1505224, -0.1102317, -0.2777928]","[0.0463549, 0.0481405, 0.0994017, 0.0286201, 0.3238263, 0.062833, 0.0380442, 0.0427957, 0.0308724, 0.0142023, 0.1290091, 0.0465154, 0.0484278, 0.0409566]",0.11931156739393825,False
student_dev,mid,student:29:18501:277,earlier_same_episode,4,turn_right,1.2262878489003932,0.7152693271636963,"[0.5210641, 0.2679773, 1.3793385, -1.6312709, 3.5771999, -0.746938, -0.5941991, 0.6090693, -1.7242563, -1.4341828, 0.2228734, 0.3858712, -0.7792197, -0.4766652]","[0.0336672, 0.0261392, 0.0794238, 0.0039125, 0.7152693, 0.0094737, 0.0110371, 0.0367643, 0.0035651, 0.0047649, 0.0249864, 0.0294099, 0.0091728, 0.0124136]",0.009747096410985895,False
student_dev,mid,student:29:18501:277,foreign_diagnostic_state,1,forward,1.5493825169976323,0.37073150277137756,"[-1.3059469, 3.0398452, 2.8228862, 0.7444924, 2.4780431, -1.3405205, -1.8778914, -0.2453671, -1.2596953, 0.1620326, 0.1085491, -1.2485119, -1.9204071, -1.8703686]","[0.0048051, 0.3707315, 0.2984251, 0.0373422, 0.2113839, 0.0046418, 0.0027121, 0.0138775, 0.0050326, 0.0208565, 0.0197703, 0.0050892, 0.0025993, 0.0027326]",0.1949577765493313,True
student_dev,mid,student:29:18501:333,normal,4,turn_right,1.05868087023261,0.755770206451416,"[0.7820088, 0.5811938, 1.4912441, -2.1071918, 3.9406648, -1.5035427, -0.8849473, 1.3178184, -1.8488851, -1.1541427, -0.1880532, 0.4348687, -1.1499128, -0.5872426]","[0.0321072, 0.0262658, 0.0652559, 0.0017858, 0.7557702, 0.0032659, 0.0060625, 0.0548658, 0.0023122, 0.0046317, 0.0121706, 0.0226904, 0.0046514, 0.0081648]",,
student_dev,mid,student:29:18501:333,zero,4,turn_right,2.170818693545297,0.3893930912017822,"[0.4222476, -0.2323492, 0.2694699, -0.932793, 2.0042543, -0.5952691, -0.3962735, 0.2392131, -0.5749909, -1.2356015, 0.4598873, 0.0642781, -0.2542741, -0.1722446]","[0.0800445, 0.0415952, 0.0687038, 0.0206464, 0.3893931, 0.0289354, 0.0353063, 0.0666562, 0.0295282, 0.0152523, 0.0831148, 0.0559587, 0.0406932, 0.044172]",0.09441500570243727,False
student_dev,mid,student:29:18501:333,earlier_same_episode,4,turn_right,0.9487771025668305,0.7892112135887146,"[0.1945338, 0.3553973, 1.725116, -1.6474391, 3.9844971, -1.0344504, -0.6255434, 0.3481133, -1.5246205, -0.9531353, 0.0349639, 0.1503408, -1.2189724, -0.6780477]","[0.0178334, 0.0209457, 0.0824056, 0.0028267, 0.7892112, 0.0052179, 0.0078538, 0.0207937, 0.0031961, 0.0056599, 0.0152031, 0.0170624, 0.0043387, 0.0074521]",0.006428514409630928,False
student_dev,mid,student:29:18501:333,foreign_diagnostic_state,4,turn_right,1.6966454853272894,0.5069517493247986,"[-0.3610405, 1.1625786, 1.6506134, -0.0753801, 2.8341002, -0.7133816, -0.6334064, -0.491224, -1.5364473, -0.9213396, 1.1215754, -0.5022655, -1.5513079, -0.9592938]","[0.0207651, 0.0952871, 0.1552333, 0.0276309, 0.5069517, 0.0145987, 0.0158142, 0.0182304, 0.0064101, 0.0118577, 0.091459, 0.0180302, 0.0063155, 0.0114161]",0.06633442394126374,False
student_dev,late,student:29:18501:334,normal,4,turn_right,1.0587448974632492,0.7560891509056091,"[0.703361, 0.6682724, 1.5983893, -2.0947635, 3.9298351, -1.443498, -0.8869311, 1.1064421, -1.8430722, -1.0747364, -0.1316138, 0.3654617, -1.1241925, -0.5691599]","[0.0300146, 0.0289797, 0.073458, 0.0018286, 0.7560892, 0.0035072, 0.006119, 0.0449148, 0.002352, 0.0050713, 0.0130229, 0.0214085, 0.0048265, 0.0084078]",,
student_dev,late,student:29:18501:334,zero,4,turn_right,2.2059604683702574,0.3727398216724396,"[0.3895593, -0.2079725, 0.3498246, -0.9046749, 1.944396, -0.485746, -0.377108, 0.0576385, -0.5834969, -1.1932716, 0.5345746, 0.0163969, -0.1894989, -0.1303696]","[0.0787315, 0.0433156, 0.0756645, 0.0215809, 0.3727398, 0.0328102, 0.0365754, 0.0564934, 0.0297547, 0.0161709, 0.0910182, 0.0542109, 0.0441232, 0.0468109]",0.1026703664205639,False
student_dev,late,student:29:18501:334,earlier_same_episode,4,turn_right,0.9889307869180809,0.7740502953529358,"[0.1565766, 0.499965, 1.8165081, -1.538702, 3.9324102, -1.0194545, -0.6647695, 0.2210696, -1.5985769, -0.9412526, 0.1103053, 0.110056, -1.2868689, -0.7159679]","[0.0177397, 0.0250079, 0.093292, 0.0032561, 0.7740503, 0.0054727, 0.0078026, 0.0189214, 0.0030668, 0.0059179, 0.0169375, 0.0169333, 0.0041886, 0.0074132]",0.004826250773058976,False
student_dev,late,student:29:18501:334,foreign_diagnostic_state,1,forward,1.5765044702623345,0.34924745559692383,"[-0.9820304, 2.9046464, 2.6300232, 0.3958599, 2.6289575, -1.6434579, -1.7345418, -0.2244952, -1.2339439, 0.2455282, 0.0488819, -1.1441753, -1.9508965, -1.71986]","[0.0071643, 0.3492475, 0.2653786, 0.0284172, 0.2650959, 0.0036976, 0.0033757, 0.0152814, 0.0055689, 0.0244508, 0.0200859, 0.0060919, 0.0027189, 0.0034256]",0.1922744839239816,True
student_dev,late,student:29:18501:389,normal,4,turn_right,1.0371262380492572,0.7628652453422546,"[0.8058761, 0.9626861, 1.4454806, -1.9433023, 3.9729469, -1.5080017, -1.0794089, 1.0586483, -1.8937205, -1.3635708, 0.1229108, 0.522516, -1.6538275, -0.8771209]","[0.0321371, 0.0375931, 0.0609233, 0.0020561, 0.7628652, 0.0031776, 0.004878, 0.0413794, 0.0021607, 0.0036714, 0.016233, 0.0242072, 0.0027464, 0.0059716]",,
student_dev,late,student:29:18501:389,zero,4,turn_right,2.1036240985935537,0.4007568061351776,"[0.681321, 0.224453, 0.1954247, -0.8147849, 2.0827107, -0.732911, -0.6887604, 0.2572072, -0.7799863, -1.5637504, 0.609749, 0.2066971, -0.6974235, -0.5050272]","[0.0986882, 0.0624957, 0.0607076, 0.0221062, 0.4007568, 0.0239923, 0.0250753, 0.0645765, 0.022889, 0.010453, 0.0918717, 0.0613958, 0.024859, 0.0301329]",0.08760324941744697,False
student_dev,late,student:29:18501:389,earlier_same_episode,4,turn_right,1.0800708794256235,0.7479079961776733,"[0.9414216, 0.8907285, 1.3663654, -2.0265758, 3.943871, -1.565353, -1.1144917, 1.3750204, -1.9386041, -1.3947979, 0.0096936, 0.5720438, -1.4757705, -0.7965913]","[0.037145, 0.035309, 0.0568135, 0.0019095, 0.747908, 0.0030285, 0.0047537, 0.0573074, 0.0020851, 0.0035916, 0.0146304, 0.0256733, 0.0033123, 0.0065327]",0.0008811995871022686,False
student_dev,late,student:29:18501:389,foreign_diagnostic_state,1,forward,1.6263521940651644,0.4501737654209137,"[-0.3269955, 2.8613653, 1.3591758, -0.5545011, 2.3673532, -2.0747657, -2.0070691, 0.3469578, -0.1505649, 0.3350522, -0.6827902, -0.5665252, -1.4468853, -1.3566654]","[0.0185649, 0.4501738, 0.1002277, 0.0147873, 0.2746841, 0.0032333, 0.0034598, 0.0364239, 0.022147, 0.0359929, 0.0130069, 0.0146105, 0.006058, 0.00663]",0.18219232768984978,True
student_dev,late,student:29:18501:444,normal,4,turn_right,1.1166790377868816,0.7384755611419678,"[0.7643198, 1.1536738, 1.4909545, -2.3798954, 3.8314042, -1.4630401, -1.113042, 0.6648394, -1.6483161, -1.153574, 0.2136285, 0.4034012, -1.3589472, -0.7336187]","[0.034381, 0.0507473, 0.0711036, 0.0014818, 0.7384756, 0.0037067, 0.0052601, 0.0311254, 0.0030798, 0.0050511, 0.0198224, 0.0239648, 0.0041133, 0.0076873]",,
student_dev,late,student:29:18501:444,zero,4,turn_right,2.1942611086009465,0.34975185990333557,"[0.6330496, 0.2843738, 0.2749947, -1.1479994, 1.8849484, -0.5877042, -0.7382116, -0.0612509, -0.6176539, -1.4185696, 0.8245779, 0.0637525, -0.4916964, -0.3787879]","[0.1000155, 0.0705731, 0.0699143, 0.0168487, 0.3497519, 0.0295053, 0.0253826, 0.0499501, 0.0286348, 0.0128547, 0.1211287, 0.0566011, 0.0324785, 0.0363607]",0.10062086635060384,False
student_dev,late,student:29:18501:444,earlier_same_episode,4,turn_right,1.0813958539729107,0.7491987943649292,"[0.6974114, 1.0703827, 1.5357339, -2.0930295, 3.8658302, -1.4045326, -1.0745643, 0.5457794, -1.6832987, -1.2508605, 0.3439027, 0.3652233, -1.5193664, -0.8341329]","[0.0315188, 0.0457667, 0.0728868, 0.0019351, 0.7491988, 0.0038522, 0.0053581, 0.0270843, 0.002915, 0.0044921, 0.0221332, 0.0226101, 0.0034343, 0.0068144]",0.00028585286887130754,False
student_dev,late,student:29:18501:444,foreign_diagnostic_state,4,turn_right,1.6425168836957034,0.4426082968711853,"[-0.4402517, 2.2519789, 1.6817137, -0.2206067, 2.810925, -1.6315178, -1.7803289, -0.1863744, -0.6252455, -0.1964056, 0.0670981, -0.6496949, -1.5222441, -1.3911617]","[0.0171416, 0.2530885, 0.14309, 0.0213522, 0.4426083, 0.0052082, 0.0044881, 0.0220958, 0.0142465, 0.0218752, 0.0284702, 0.0139025, 0.0058096, 0.0066233]",0.07470907506367361,False
student_dev,late,student:29:18501:499,normal,4,turn_right,1.0533386770739235,0.7561343908309937,"[0.8639005, 1.0696552, 1.3600363, -1.9331633, 3.9767532, -1.649362, -1.1896582, 1.2744964, -1.9546201, -1.4694123, 0.0770458, 0.5568172, -1.667524, -0.8737329]","[0.0336283, 0.0413107, 0.0552298, 0.0020509, 0.7561344, 0.002724, 0.0043138, 0.0507019, 0.0020074, 0.0032611, 0.0153101, 0.0247366, 0.002675, 0.0059164]",,
student_dev,late,student:29:18501:499,zero,4,turn_right,2.040320959556505,0.43154045939445496,"[0.6019714, 0.2871664, 0.2028028, -0.7200897, 2.1979699, -0.7992071, -0.7502198, 0.3314326, -0.7740571, -1.6361035, 0.5798642, 0.1845537, -0.7716188, -0.5569957]","[0.0874759, 0.0638513, 0.0586856, 0.0233198, 0.4315405, 0.0215459, 0.0226276, 0.0667413, 0.0220946, 0.0093305, 0.0855632, 0.0576243, 0.0221486, 0.0274508]",0.07389945882685142,False
student_dev,late,student:29:18501:499,earlier_same_episode,4,turn_right,1.0065939128367793,0.7709888219833374,"[0.7708967, 0.9833865, 1.4327339, -1.9775529, 4.038372, -1.576213, -1.1562878, 1.2424389, -1.8955259, -1.3518947, 0.0396977, 0.474825, -1.5744466, -0.8245096]","[0.0293766, 0.0363316, 0.0569421, 0.0018809, 0.7709888, 0.0028097, 0.004276, 0.0470749, 0.0020417, 0.0035163, 0.0141399, 0.0218484, 0.0028147, 0.0059583]",0.0002899982072976699,False
student_dev,late,student:29:18501:499,foreign_diagnostic_state,1,forward,1.5651365530987573,0.4837239384651184,"[-0.1609227, 3.0323701, 1.5172006, -0.3834913, 2.3777113, -2.0543628, -1.9762629, 0.6433033, -0.5658352, -0.1003543, -0.5284689, -0.4867898, -1.7529916, -1.383456]","[0.0198503, 0.4837239, 0.1063085, 0.0158894, 0.2513523, 0.0029885, 0.0032313, 0.0443649, 0.0132409, 0.0210898, 0.013745, 0.01433, 0.0040396, 0.0058456]",0.1907457748657725,True
student_dev,raycast_log,student:29:18501:17,normal,4,turn_right,1.715179451336593,0.45291513204574585,"[1.4225538, 0.4817216, 1.1444856, -2.3694394, 2.9867148, -1.6390569, -0.9240663, 2.2244003, -2.3452859, -1.3966841, 0.280607, 0.8248712, -1.1491441, -0.1792039]","[0.0947786, 0.0369924, 0.0717706, 0.0021373, 0.4529151, 0.0044368, 0.0090696, 0.2113235, 0.0021896, 0.0056537, 0.030253, 0.0521363, 0.0072416, 0.0191019]",,
student_dev,raycast_log,student:29:18501:17,zero,4,turn_right,2.2964732840442856,0.27554744482040405,"[0.6973845, -0.04217, 0.3994606, -0.6740475, 1.5969118, -0.9665768, -0.6678939, 0.709238, -1.0518799, -1.3071691, 0.7238131, 0.0748297, -0.6229179, -0.2327365]","[0.1120822, 0.0534998, 0.0832051, 0.0284401, 0.2755474, 0.0212269, 0.0286157, 0.1134187, 0.0194913, 0.0150998, 0.1150839, 0.0601402, 0.0299321, 0.0442171]",0.05680614496264376,False
student_dev,raycast_log,student:29:18501:17,earlier_same_episode,4,turn_right,2.2964732840442856,0.27554744482040405,"[0.6973845, -0.04217, 0.3994606, -0.6740475, 1.5969118, -0.9665768, -0.6678939, 0.709238, -1.0518799, -1.3071691, 0.7238131, 0.0748297, -0.6229179, -0.2327365]","[0.1120822, 0.0534998, 0.0832051, 0.0284401, 0.2755474, 0.0212269, 0.0286157, 0.1134187, 0.0194913, 0.0150998, 0.1150839, 0.0601402, 0.0299321, 0.0442171]",0.05680614496264376,False
student_dev,raycast_log,student:29:18501:17,foreign_diagnostic_state,4,turn_right,2.0847686172555906,0.29537317156791687,"[1.6793369, -0.9543821, -0.4905496, -1.5929784, 2.1194282, -0.3735322, 0.1208065, 0.8029215, -1.8304574, -2.22928, 1.3425463, 1.046352, -0.2161216, 0.4067589]","[0.1902137, 0.0136594, 0.0217206, 0.0072126, 0.2953732, 0.024417, 0.0400295, 0.0791807, 0.005688, 0.0038173, 0.1358237, 0.1010043, 0.0285795, 0.0532805]",0.08195405594782337,False
student_dev,raycast_log,student:29:18501:162,normal,4,turn_right,1.6323613913866073,0.48637422919273376,"[1.0765034, 0.7618938, 1.6265059, -1.9802713, 3.137888, -1.8029097, -1.141362, 2.245007, -2.4317966, -1.1980889, 0.0700361, 0.5648925, -1.374969, -0.4352837]","[0.0619045, 0.0451949, 0.1072965, 0.0029119, 0.4863742, 0.003477, 0.0067378, 0.1991578, 0.0018539, 0.0063662, 0.0226266, 0.0371136, 0.0053341, 0.0136509]",,
student_dev,raycast_log,student:29:18501:162,zero,4,turn_right,2.300085864948991,0.28398141264915466,"[0.6369829, -0.1408883, 0.4225919, -0.6491178, 1.626524, -0.8789951, -0.5975347, 0.6477283, -1.0313205, -1.2763253, 0.6845738, 0.096064, -0.5477532, -0.1718522]","[0.1055693, 0.0484967, 0.0851979, 0.0291737, 0.2839814, 0.0231823, 0.030718, 0.1067098, 0.0199069, 0.0155811, 0.1107149, 0.0614638, 0.0322859, 0.0470181]",0.07151756555830721,False
student_dev,raycast_log,student:29:18501:162,earlier_same_episode,4,turn_right,1.3240398361877095,0.6599797606468201,"[0.7771897, 0.7932635, 1.6801091, -1.6994787, 3.571943, -1.6774582, -1.0446955, 1.388929, -2.1589651, -1.0800802, 0.128896, 0.4061801, -1.4608748, -0.6464458]","[0.0403445, 0.0409983, 0.0995217, 0.0033899, 0.6599798, 0.0034653, 0.0065245, 0.0743806, 0.0021411, 0.0062977, 0.0210977, 0.0278392, 0.0043033, 0.0097164]",0.023191600531449787,False
student_dev,raycast_log,student:29:18501:162,foreign_diagnostic_state,7,attack,1.4203638543456019,0.5252497792243958,"[-0.0866064, 2.3920205, 2.598304, -0.474423, 2.1816287, -2.3946269, -2.3830314, 3.7219188, -1.9901092, -0.1356699, -0.769439, -0.5023412, -2.0940645, -1.5733608]","[0.0116505, 0.1389307, 0.17076, 0.0079053, 0.112571, 0.0011587, 0.0011722, 0.5252498, 0.0017365, 0.0110927, 0.0058856, 0.0076876, 0.001565, 0.0026342]",0.1392687079544897,True
student_dev,raycast_log,student:29:18501:341,normal,4,turn_right,1.6579819191445546,0.4928111732006073,"[1.235655, 0.7132564, 1.3970249, -2.1740396, 3.0997374, -1.7941536, -1.0748805, 2.1019359, -2.3186309, -1.2616847, 0.1674952, 0.6841365, -1.2976755, -0.3671726]","[0.0764047, 0.0453153, 0.0897846, 0.0025253, 0.4928112, 0.0036922, 0.00758, 0.1816941, 0.0021853, 0.0062884, 0.0262557, 0.0440148, 0.0060661, 0.0153823]",,
student_dev,raycast_log,student:29:18501:341,zero,4,turn_right,2.296199250978251,0.27632588148117065,"[0.6987349, -0.0485844, 0.3903527, -0.6890217, 1.6000612, -0.9495243, -0.6522348, 0.700696, -1.0570567, -1.3163139, 0.7243379, 0.0890816, -0.6195158, -0.2285148]","[0.1121968, 0.0531403, 0.0824237, 0.0280082, 0.2763259, 0.0215849, 0.0290577, 0.1124171, 0.0193843, 0.0149574, 0.1151065, 0.0609834, 0.0300242, 0.0443896]",0.06320524339526676,False
student_dev,raycast_log,student:29:18501:341,earlier_same_episode,4,turn_right,1.3962128756804006,0.6303694844245911,"[0.9075376, 0.8951116, 1.6078765, -1.7855275, 3.4856291, -1.7922313, -1.1284161, 1.5426158, -2.1865795, -1.1477264, 0.1447829, 0.4542924, -1.5050687, -0.6817923]","[0.0478569, 0.0472659, 0.0964046, 0.0032386, 0.6303695, 0.003217, 0.006248, 0.090314, 0.0021686, 0.0061285, 0.0223195, 0.030416, 0.0042871, 0.0097658]",0.01493234714924631,False
student_dev,raycast_log,student:29:18501:341,foreign_diagnostic_state,7,attack,1.4298303599402469,0.5287487506866455,"[0.0175224, 2.5609696, 2.3056424, -0.4133953, 1.9176934, -2.4608126, -2.4180074, 3.6454248, -1.7793765, -0.067623, -0.7540066, -0.5482934, -2.0117016, -1.5558884]","[0.0140498, 0.1787625, 0.1384807, 0.0091312, 0.0939518, 0.0011785, 0.0012301, 0.5287488, 0.0023296, 0.0129031, 0.0064953, 0.0079789, 0.0018467, 0.002913]",0.1704322466542944,True
student_dev,raycast_log,student:29:18501:487,normal,4,turn_right,1.5683141009203148,0.5316893458366394,"[0.9174101, 0.7435413, 1.8000023, -1.8809783, 3.2585685, -1.6441059, -1.0701823, 2.0291665, -2.4621654, -1.1749107, 0.0618828, 0.4774894, -1.3440166, -0.4641802]","[0.0511571, 0.0429928, 0.1236547, 0.0031159, 0.5316893, 0.0039487, 0.0070098, 0.1555018, 0.0017425, 0.0063128, 0.0217448, 0.0329496, 0.0053307, 0.0128496]",,
student_dev,raycast_log,student:29:18501:487,zero,4,turn_right,2.2972598060301648,0.3004528880119324,"[0.5477118, -0.2265832, 0.4803302, -0.6183279, 1.6867173, -0.6539032, -0.4906195, 0.3835559, -0.9916277, -1.2497717, 0.7080292, 0.0774636, -0.4232599, -0.1368033]","[0.0961862, 0.0443446, 0.0899185, 0.0299715, 0.3004529, 0.028924, 0.0340542, 0.0816245, 0.0206341, 0.0159395, 0.1129113, 0.0601017, 0.0364271, 0.04851]",0.08017983192209431,False
student_dev,raycast_log,student:29:18501:487,earlier_same_episode,4,turn_right,1.2126879246854676,0.7028723359107971,"[0.6635958, 0.6632748, 1.733477, -1.6691937, 3.7014923, -1.4692301, -0.9106075, 1.0648248, -2.0844674, -1.0434699, 0.126199, 0.3624205, -1.3392553, -0.5983885]","[0.0336926, 0.0336818, 0.0982151, 0.003269, 0.7028723, 0.0039926, 0.0069802, 0.0503253, 0.0021581, 0.0061117, 0.0196855, 0.0249308, 0.0045468, 0.0095381]",0.022420301501422074,False
student_dev,raycast_log,student:29:18501:487,foreign_diagnostic_state,4,turn_right,1.4922028467326172,0.4349272549152374,"[-0.7024136, 2.3261743, 2.795562, -0.2098919, 3.2372038, -1.7303907, -1.674744, 0.688876, -1.7908162, -0.2130585, 0.0317027, -0.6890752, -2.1816063, -1.6766472]","[0.0084618, 0.1748886, 0.2796495, 0.0138472, 0.4349273, 0.003027, 0.0032003, 0.0340167, 0.0028495, 0.0138034, 0.0176313, 0.0085754, 0.0019278, 0.0031942]",0.07779457308314436,False
student_dev,contact,student:29:18501:0,normal,4,turn_right,2.5459272584373265,0.13255323469638824,"[0.1365623, -0.3320738, 0.2756927, 0.4209411, 0.7304541, -0.1948336, 0.1288334, -1.0008653, 0.0127295, -0.9628463, 0.5746011, -0.1987634, 0.3648258, 0.1152075]","[0.0731925, 0.0458079, 0.0841182, 0.0972681, 0.1325532, 0.0525464, 0.072629, 0.0234686, 0.0646676, 0.0243781, 0.1134238, 0.0523403, 0.0919602, 0.071646]",,
student_dev,contact,student:29:18501:0,zero,4,turn_right,2.5459272584373265,0.13255323469638824,"[0.1365623, -0.3320738, 0.2756927, 0.4209411, 0.7304541, -0.1948336, 0.1288334, -1.0008653, 0.0127295, -0.9628463, 0.5746011, -0.1987634, 0.3648258, 0.1152075]","[0.0731925, 0.0458079, 0.0841182, 0.0972681, 0.1325532, 0.0525464, 0.072629, 0.0234686, 0.0646676, 0.0243781, 0.1134238, 0.0523403, 0.0919602, 0.071646]",0.0,False
student_dev,contact,student:29:18501:0,earlier_same_episode,4,turn_right,2.5459272584373265,0.13255323469638824,"[0.1365623, -0.3320738, 0.2756927, 0.4209411, 0.7304541, -0.1948336, 0.1288334, -1.0008653, 0.0127295, -0.9628463, 0.5746011, -0.1987634, 0.3648258, 0.1152075]","[0.0731925, 0.0458079, 0.0841182, 0.0972681, 0.1325532, 0.0525464, 0.072629, 0.0234686, 0.0646676, 0.0243781, 0.1134238, 0.0523403, 0.0919602, 0.071646]",0.0,False
student_dev,contact,student:29:18501:0,foreign_diagnostic_state,4,turn_right,1.7491424066153198,0.39100322127342224,"[-0.7501296, 1.5137273, 2.2697616, 0.552312, 2.6134205, -1.0292075, -0.8247341, -1.1249939, -0.9032476, -0.294128, 0.3858163, -0.6869911, -1.2478275, -1.2331845]","[0.0135335, 0.1301936, 0.277288, 0.0497797, 0.3910032, 0.0102378, 0.0125606, 0.0093027, 0.0116121, 0.0213525, 0.0421448, 0.0144155, 0.0082274, 0.0083487]",0.16661901902021292,False
student_dev,contact,student:29:18501:166,normal,4,turn_right,1.167986447561358,0.7090580463409424,"[0.0568628, 0.5238563, 2.0141637, -1.6388674, 3.7043924, -0.846792, -0.6765569, 0.3268541, -1.7013693, -1.1886228, 0.1949036, 0.1440279, -0.76213, -0.5341566]","[0.0184748, 0.0294708, 0.1308051, 0.0033895, 0.709058, 0.0074839, 0.0088728, 0.0242011, 0.0031841, 0.0053171, 0.0212095, 0.0201574, 0.0081451, 0.0102307]",,
student_dev,contact,student:29:18501:166,zero,4,turn_right,2.2916500407379443,0.31670328974723816,"[-0.1864991, -0.4605608, 0.6194593, -0.6892304, 1.7728282, 0.1307938, -0.2031792, -0.4872826, -0.3742845, -1.3038239, 0.729857, -0.0951737, 0.3208184, -0.0099955]","[0.0446403, 0.0339394, 0.0999426, 0.0270019, 0.3167033, 0.0613093, 0.0439019, 0.0330445, 0.0369976, 0.0146043, 0.1116082, 0.0489091, 0.07414, 0.0532577]",0.11897504941237003,False
student_dev,contact,student:29:18501:166,earlier_same_episode,4,turn_right,1.1050939139744989,0.74965500831604,"[0.2771794, 0.1732575, 1.5545099, -1.5337222, 3.7144122, -0.8127992, -0.5594551, 0.1027245, -1.4978163, -1.2573829, 0.1089402, 0.2530953, -0.5656902, -0.4402834]","[0.0241041, 0.0217249, 0.0864625, 0.0039412, 0.749655, 0.0081044, 0.0104411, 0.0202454, 0.0040853, 0.0051956, 0.0203716, 0.0235305, 0.0103762, 0.0117625]",0.0033700518690654513,False
student_dev,contact,student:29:18501:166,foreign_diagnostic_state,4,turn_right,0.9882106324925497,0.7580170035362244,"[-0.3027019, 0.802359, 2.1754227, -1.2806338, 3.995122, -0.9553841, -0.8528769, 0.0418591, -1.4529506, -0.9739338, 0.1211866, -0.0590342, -1.0557801, -0.8995315]","[0.0103076, 0.0311229, 0.1228552, 0.0038766, 0.758017, 0.0053666, 0.0059459, 0.0145478, 0.003263, 0.005268, 0.0157489, 0.0131517, 0.004854, 0.0056749]",0.003033658119720458,False
student_dev,contact,student:29:18501:329,normal,4,turn_right,1.2600077930152351,0.6945239901542664,"[0.9636241, 0.0878389, 1.1641945, -1.9800398, 3.5909657, -1.5471029, -0.6827773, 1.3589832, -1.4690757, -1.649987, -0.1214357, 0.6402986, -0.9315747, -0.3726612]","[0.0501935, 0.0209073, 0.0613414, 0.0026438, 0.694524, 0.0040762, 0.0096744, 0.0745331, 0.004407, 0.0036777, 0.0169595, 0.0363269, 0.0075435, 0.0131919]",,
student_dev,contact,student:29:18501:329,zero,4,turn_right,2.204613078009868,0.3633880913257599,"[0.205283, -0.2603247, 0.3251114, -0.9454768, 1.9103835, -0.8099315, -0.4605902, 0.6298853, -0.1773483, -1.650309, 0.373697, 0.1056744, -0.3305973, -0.2255819]","[0.0660473, 0.0414614, 0.0744553, 0.0208971, 0.3633881, 0.0239306, 0.0339367, 0.1009851, 0.0450485, 0.0103272, 0.0781621, 0.0597855, 0.0386478, 0.0429272]",0.07395699856888162,False
student_dev,contact,student:29:18501:329,earlier_same_episode,4,turn_right,1.3170524712609675,0.649598240852356,"[0.5694228, 0.7527122, 1.8162978, -2.0244417, 3.5886092, -1.7588856, -1.0119766, 1.6651349, -1.8102565, -1.3591957, -0.1340237, 0.3625444, -1.3487978, -0.6289724]","[0.031727, 0.0381093, 0.1103925, 0.002371, 0.6495982, 0.0030921, 0.0065258, 0.0949053, 0.0029373, 0.0046115, 0.0157009, 0.0257978, 0.0046597, 0.0095713]",0.007931546557692591,False
student_dev,contact,student:29:18501:329,foreign_diagnostic_state,1,forward,1.6516712461236907,0.30054789781570435,"[-0.9272442, 2.6114628, 2.5454218, 0.814772, 2.4970667, -1.9021491, -1.7524416, 0.3202798, -1.2516636, -0.4395591, -0.1659713, -0.9756451, -2.0343149, -1.8335744]","[0.0087312, 0.3005479, 0.2813406, 0.0498449, 0.2680601, 0.0032936, 0.0038256, 0.0303994, 0.0063122, 0.0142191, 0.0186934, 0.0083186, 0.0028859, 0.0035274]",0.19491242326410768,True
student_dev,contact,student:29:18501:496,normal,4,turn_right,1.0289533567279094,0.7651181817054749,"[0.6797209, 0.9109438, 1.5453649, -1.9306798, 3.9687881, -1.4135097, -1.0136037, 0.9317203, -1.8508277, -1.2749654, 0.17719, 0.45324, -1.6668088, -0.8832319]","[0.0285302, 0.035952, 0.067803, 0.0020971, 0.7651182, 0.0035174, 0.0052469, 0.0367068, 0.0022714, 0.0040401, 0.0172607, 0.0227481, 0.0027304, 0.0059775]",,
student_dev,contact,student:29:18501:496,zero,4,turn_right,2.122768499812232,0.39293283224105835,"[0.6278269, 0.1763639, 0.2404527, -0.9389333, 2.0515316, -0.6837102, -0.6573535, 0.290812, -0.7617162, -1.4845127, 0.6331226, 0.1863847, -0.6783228, -0.4455683]","[0.0946262, 0.0602481, 0.0642357, 0.0197504, 0.3929328, 0.0254928, 0.0261737, 0.0675535, 0.0235798, 0.0114455, 0.0951286, 0.0608549, 0.0256305, 0.0323476]",0.09201795976070223,False
student_dev,contact,student:29:18501:496,earlier_same_episode,4,turn_right,1.116255289534701,0.7371432185173035,"[0.9785867, 0.782544, 1.3308867, -2.0929563, 3.8833287, -1.5074159, -1.0437129, 1.3940872, -1.9109498, -1.4108435, 0.0247437, 0.6006796, -1.3932538, -0.7419714]","[0.0403681, 0.0331817, 0.057417, 0.001871, 0.7371432, 0.0033603, 0.0053428, 0.0611629, 0.0022445, 0.003701, 0.0155521, 0.027664, 0.0037667, 0.0072245]",0.0026501119372191574,False
student_dev,contact,student:29:18501:496,foreign_diagnostic_state,1,forward,1.5474687345330385,0.4515670835971832,"[-0.2599806, 3.2584033, 2.4000657, -0.4023025, 2.4429312, -2.2983587, -2.2865705, 1.5645262, -1.382273, 0.0487404, -0.6046951, -0.7033589, -2.18627, -1.717077]","[0.0133877, 0.4515671, 0.191404, 0.0116118, 0.199787, 0.0017436, 0.0017643, 0.0830005, 0.0043581, 0.0182299, 0.0094842, 0.0085931, 0.0019504, 0.0031182]",0.22201843920666714,True
student_dev,early,student:29:18502:0,normal,4,turn_right,1.9317608874833783,0.5007266998291016,"[-0.6470552, 0.1858704, 0.1845734, -0.4628225, 2.5334835, -0.4189112, -0.1089841, -0.4420516, 0.4490356, 0.4398921, -0.6466584, -0.3139374, -0.2753968, 0.5131203]","[0.0208118, 0.047868, 0.047806, 0.025022, 0.5007267, 0.0261452, 0.0356444, 0.0255471, 0.0622783, 0.0617114, 0.0208201, 0.029039, 0.03018, 0.0664]",,
student_dev,early,student:29:18502:0,zero,4,turn_right,1.9317608874833783,0.5007266998291016,"[-0.6470552, 0.1858704, 0.1845734, -0.4628225, 2.5334835, -0.4189112, -0.1089841, -0.4420516, 0.4490356, 0.4398921, -0.6466584, -0.3139374, -0.2753968, 0.5131203]","[0.0208118, 0.047868, 0.047806, 0.025022, 0.5007267, 0.0261452, 0.0356444, 0.0255471, 0.0622783, 0.0617114, 0.0208201, 0.029039, 0.03018, 0.0664]",0.0,False
student_dev,early,student:29:18502:0,earlier_same_episode,4,turn_right,1.9317608874833783,0.5007266998291016,"[-0.6470552, 0.1858704, 0.1845734, -0.4628225, 2.5334835, -0.4189112, -0.1089841, -0.4420516, 0.4490356, 0.4398921, -0.6466584, -0.3139374, -0.2753968, 0.5131203]","[0.0208118, 0.047868, 0.047806, 0.025022, 0.5007267, 0.0261452, 0.0356444, 0.0255471, 0.0622783, 0.0617114, 0.0208201, 0.029039, 0.03018, 0.0664]",0.0,False
student_dev,early,student:29:18502:0,foreign_diagnostic_state,1,forward,1.9192564603152016,0.23431271314620972,"[-1.5970285, 2.1581461, 1.7139624, 2.1409259, 2.0347953, -1.2783439, -1.3606087, -0.2543035, -0.2941326, 1.1041666, -0.9900245, -1.3233373, -1.3612049, -0.9034909]","[0.0054821, 0.2343127, 0.1502759, 0.2303123, 0.2071215, 0.0075396, 0.0069442, 0.0209934, 0.0201737, 0.0816692, 0.0100592, 0.0072079, 0.00694, 0.0109684]",0.16267795831537507,True
student_dev,early,student:29:18502:55,normal,4,turn_right,0.76273805421566,0.8302628397941589,"[-0.2404432, 1.9594313, 1.779963, -1.9486086, 4.5507741, -1.7879452, -1.3085781, 0.0213716, -0.6117779, 0.3495231, -0.9718104, -0.2923186, -1.5292233, -0.4365782]","[0.0068931, 0.0622028, 0.0519838, 0.001249, 0.8302628, 0.0014667, 0.0023688, 0.0089561, 0.004755, 0.0124347, 0.0033173, 0.0065447, 0.0018998, 0.0056655]",,
student_dev,early,student:29:18502:55,zero,4,turn_right,1.5308625895250845,0.6389502882957458,"[-0.1768418, 0.6186625, 0.3387942, -1.187696, 3.0593753, -1.0337033, -0.637244, 0.0221984, 0.2916318, -0.1441272, -0.6905907, -0.198305, -0.635874, 0.5183743]","[0.0251186, 0.0556518, 0.0420662, 0.0091409, 0.6389503, 0.0106627, 0.0158506, 0.0306505, 0.0401284, 0.025954, 0.0150272, 0.0245852, 0.0158723, 0.0503413]",0.0463182164551588,False
student_dev,early,student:29:18502:55,earlier_same_episode,4,turn_right,0.7173674454386164,0.8437408208847046,"[-0.1663872, 1.9280633, 1.7999221, -1.878576, 4.6594553, -1.8908256, -1.3961848, 0.5042633, -1.025066, 0.1497623, -0.8942347, -0.1787117, -1.6695105, -0.4782353]","[0.0067666, 0.0549516, 0.0483425, 0.0012212, 0.8437408, 0.0012063, 0.0019782, 0.0132322, 0.0028672, 0.0092827, 0.0032679, 0.0066837, 0.0015051, 0.0049538]",0.0006520072652980663,False
student_dev,early,student:29:18502:55,foreign_diagnostic_state,4,turn_right,1.5156146097473442,0.40221697092056274,"[-0.9895597, 2.9536474, 2.0658691, 0.0231848, 3.1383116, -1.7406331, -1.5737951, -0.5116369, -0.3922817, 1.0294318, -0.8436932, -1.0901259, -1.8505152, -0.8306245]","[0.0064826, 0.3343965, 0.1376273, 0.0178475, 0.402217, 0.0030589, 0.0036143, 0.0104546, 0.0117799, 0.0488186, 0.0075006, 0.0058624, 0.0027406, 0.0075993]",0.11092449167941812,False
student_dev,early,student:29:18502:110,normal,4,turn_right,0.5232451497574631,0.9002321362495422,"[-0.301097, 1.5510839, 1.5090461, -1.8884488, 4.9802113, -1.6179594, -1.2567141, 0.4826997, -1.1200206, 0.2606548, -0.8211853, -0.0303377, -1.6248586, -0.4141889]","[0.0045784, 0.0291812, 0.0279799, 0.0009361, 0.9002321, 0.0012269, 0.0017607, 0.0100256, 0.0020186, 0.0080293, 0.0027217, 0.0060021, 0.0012185, 0.0040888]",,
student_dev,early,student:29:18502:110,zero,4,turn_right,1.1261053468981355,0.7632018327713013,"[-0.2848313, 0.4748316, 0.1663861, -1.0330411, 3.6207466, -0.8821518, -0.6551895, 0.5302535, -0.2729031, -0.1331497, -0.611797, 0.0624598, -0.8328652, 0.3262741]","[0.0153627, 0.0328387, 0.0241229, 0.0072698, 0.7632018, 0.0084539, 0.0106078, 0.0347101, 0.0155471, 0.017879, 0.0110782, 0.0217418, 0.008881, 0.0283053]",0.02712120091856156,False
student_dev,early,student:29:18502:110,earlier_same_episode,4,turn_right,0.5447470939711812,0.8925569653511047,"[-0.3367451, 1.7556864, 1.6359612, -1.8962872, 4.9905949, -1.6411594, -1.3658079, 0.5861955, -1.2217296, 0.2438966, -0.7710499, -0.0779446, -1.8020784, -0.6112049]","[0.0043351, 0.0351344, 0.03117, 0.0009114, 0.892557, 0.0011763, 0.0015491, 0.0109101, 0.0017892, 0.0077477, 0.0028079, 0.0056156, 0.0010014, 0.0032946]",0.00023892185297005465,False
student_dev,early,student:29:18502:110,foreign_diagnostic_state,4,turn_right,0.7220546556693,0.8638729453086853,"[0.1683615, 0.6608065, 0.5107864, -1.6733308, 4.3562818, -1.1422597, -0.6925811, 0.3624113, -0.5447177, -0.0581098, -0.8622603, 0.4144971, -0.9013939, 0.1742321]","[0.0131117, 0.0214548, 0.018466, 0.0020788, 0.8638729, 0.0035356, 0.0055431, 0.0159197, 0.0064265, 0.0104545, 0.0046781, 0.0167708, 0.0044985, 0.0131889]",0.00720412507090713,False
student_dev,early,student:29:18502:166,normal,4,turn_right,1.513478118892669,0.5724504590034485,"[0.0400899, 1.8043846, 1.6065756, -1.4214618, 3.242208, -2.0909948, -1.3463954, 0.8964401, -0.3258833, -1.1828693, -0.622331, 0.3334502, -1.5110595, -0.2844287]","[0.023285, 0.1359249, 0.11153, 0.0053992, 0.5724505, 0.0027641, 0.0058201, 0.0548257, 0.0161486, 0.0068541, 0.0120058, 0.0312234, 0.0049365, 0.0168321]",,
student_dev,early,student:29:18502:166,zero,4,turn_right,2.126745498756553,0.368421733379364,"[-0.2865135, 0.7515643, 0.5111547, -0.6781731, 2.0997062, -1.244825, -0.7723246, 0.9913459, 0.4763452, -1.7297128, -0.2076395, 0.316446, -1.0186985, 0.1578038]","[0.0338862, 0.0956874, 0.0752395, 0.0229049, 0.3684217, 0.0129967, 0.0208467, 0.1216159, 0.0726655, 0.0080029, 0.0366672, 0.0619277, 0.0162944, 0.052843]",0.050703870969659795,False
student_dev,early,student:29:18502:166,earlier_same_episode,4,turn_right,1.2053886068612651,0.6761182546615601,"[-0.3731814, 1.973179, 1.9719293, -1.7115426, 3.8161745, -2.0757458, -1.5307285, 0.9606617, -0.5091044, -0.846588, -0.6835567, 0.2058105, -1.7510962, -0.4729434]","[0.0102473, 0.1070582, 0.1069245, 0.0026876, 0.6761183, 0.0018672, 0.0032203, 0.0388946, 0.008945, 0.0063828, 0.007513, 0.0182836, 0.0025834, 0.0092743]",0.007871653494317763,False
student_dev,early,student:29:18502:166,foreign_diagnostic_state,1,forward,1.5307891113378718,0.43808549642562866,"[-1.1377721, 3.1867788, 2.5374308, 0.3678155, 2.4627781, -1.9899729, -1.8953227, 0.6430202, -0.5794181, -0.3144332, -0.6541476, -0.7340432, -2.1860561, -1.1642817]","[0.0058, 0.4380855, 0.2288498, 0.0261396, 0.2123877, 0.0024736, 0.0027191, 0.0344206, 0.0101373, 0.013213, 0.0094073, 0.008685, 0.0020331, 0.0056483]",0.10912187948896646,True
student_dev,mid,student:29:18502:167,normal,4,turn_right,1.6019524934614782,0.5383850336074829,"[0.2600797, 1.774469, 1.4825635, -1.4415406, 3.1027956, -2.0882547, -1.3828039, 1.051499, -0.4264428, -1.3896655, -0.4928974, 0.4422813, -1.4982783, -0.3261895]","[0.0313702, 0.1426291, 0.106521, 0.0057215, 0.538385, 0.0029967, 0.0060677, 0.0692191, 0.0157893, 0.0060262, 0.0147742, 0.0376397, 0.005406, 0.0174544]",,
student_dev,mid,student:29:18502:167,zero,4,turn_right,2.145804793210428,0.3505544364452362,"[-0.1522815, 0.7852849, 0.5191567, -0.7489822, 2.0314474, -1.2946095, -0.8604012, 1.0685769, 0.3635824, -1.826997, -0.1027265, 0.3428429, -1.0907662, 0.0642444]","[0.0394797, 0.1008217, 0.0772638, 0.0217385, 0.3505544, 0.012597, 0.0194465, 0.1338401, 0.0661319, 0.007397, 0.0414854, 0.0647745, 0.0154453, 0.0490241]",0.042991939754237915,False
student_dev,mid,student:29:18502:167,earlier_same_episode,4,turn_right,1.2763103747728985,0.6441395878791809,"[-0.2570781, 2.024143, 2.0039153, -1.7152636, 3.7238257, -2.1843107, -1.667634, 1.1505593, -0.6558188, -0.9473277, -0.5819629, 0.2455748, -1.8336715, -0.5475436]","[0.0120253, 0.117711, 0.1153539, 0.0027978, 0.6441396, 0.0017503, 0.0029343, 0.0491388, 0.0080709, 0.0060301, 0.0086896, 0.019879, 0.0024854, 0.0089939]",0.010153142819344324,False
student_dev,mid,student:29:18502:167,foreign_diagnostic_state,1,forward,2.105677230109762,0.25714918971061707,"[-0.0890512, 1.8551923, 0.9605776, -0.4011402, 1.8496752, -1.990036, -1.2076074, 1.0047514, 0.4345605, -1.125475, -0.5093251, 0.0413237, -1.2832375, -0.0442793]","[0.0367969, 0.2571492, 0.1051136, 0.0269322, 0.2557344, 0.0054982, 0.0120234, 0.109861, 0.0621173, 0.0130526, 0.0241706, 0.041921, 0.0111476, 0.0384818]",0.05208244618621405,True
student_dev,mid,student:29:18502:222,normal,4,turn_right,1.0756991660584807,0.748329222202301,"[0.0169977, 1.5168287, 1.4574267, -1.7327418, 3.9144039, -1.9559543, -1.3000509, 0.9022574, -0.5302256, -0.809746, -0.7777132, 0.2863195, -1.3967283, -0.1530435]","[0.015187, 0.0680517, 0.064127, 0.0026398, 0.7483292, 0.0021117, 0.004069, 0.0368073, 0.0087865, 0.0066439, 0.0068601, 0.0198809, 0.003694, 0.0128122]",,
student_dev,mid,student:29:18502:222,zero,4,turn_right,1.8111321521219974,0.5239777565002441,"[-0.2525668, 0.4774053, 0.2403089, -0.8738438, 2.6746323, -1.1516753, -0.7129953, 0.9946291, 0.3304857, -1.409022, -0.3803841, 0.3314153, -0.8791605, 0.381123]","[0.0280573, 0.0582196, 0.0459303, 0.015074, 0.5239778, 0.0114174, 0.0177045, 0.0976555, 0.0502647, 0.0088268, 0.0246908, 0.0503114, 0.0149941, 0.0528755]",0.04807193825620189,False
student_dev,mid,student:29:18502:222,earlier_same_episode,4,turn_right,1.1940634005085513,0.7135812640190125,"[0.1151985, 1.4681965, 1.3107009, -1.6050746, 3.7010701, -1.9869598, -1.2506617, 0.8850691, -0.4874766, -0.8844908, -0.7903202, 0.3311858, -1.3352187, -0.1098507]","[0.0197751, 0.0765101, 0.0653611, 0.0035401, 0.7135813, 0.0024164, 0.0050458, 0.0427041, 0.0108238, 0.0072771, 0.0079957, 0.0245426, 0.0046367, 0.01579]",0.0009667317448261254,False
student_dev,mid,student:29:18502:222,foreign_diagnostic_state,1,forward,1.7853603247478358,0.3661077618598938,"[-0.7417743, 2.6274164, 1.2223361, -0.7715039, 2.4149337, -2.2182434, -1.6781189, 1.054165, 0.6050681, 0.3976428, -1.4562023, -0.3867, -1.2221706, -0.2943111]","[0.0126005, 0.3661078, 0.0898236, 0.0122314, 0.2960253, 0.0028785, 0.0049401, 0.0759197, 0.0484523, 0.0393759, 0.0061676, 0.0179719, 0.0077939, 0.0197115]",0.12796011238354302,True
student_dev,mid,student:29:18502:277,normal,4,turn_right,1.6137765485668676,0.5202926993370056,"[0.4453922, 1.816298, 1.2682351, -1.6186843, 3.1081984, -2.2326388, -1.5116717, 1.5929363, -0.8560159, -1.6455011, -0.3101098, 0.5915929, -1.5843188, -0.5745556]","[0.0362916, 0.1429495, 0.0826346, 0.0046067, 0.5202927, 0.0024932, 0.005127, 0.1143346, 0.0098767, 0.0044848, 0.0170489, 0.0420049, 0.0047677, 0.0130872]",,
student_dev,mid,student:29:18502:277,zero,4,turn_right,2.1120975903992267,0.3436077833175659,"[-0.0655242, 0.8401072, 0.4771803, -0.7563856, 2.0176938, -1.3677436, -0.9955819, 1.2958553, 0.0116866, -2.0165958, 0.0431887, 0.3884868, -1.2319735, -0.2238878]","[0.0427891, 0.1058385, 0.0736252, 0.0214435, 0.3436078, 0.0116355, 0.0168816, 0.1669447, 0.0462237, 0.0060813, 0.0477031, 0.0673763, 0.0133276, 0.0365222]",0.03508251838770629,False
student_dev,mid,student:29:18502:277,earlier_same_episode,4,turn_right,1.3643770663298052,0.6088634729385376,"[-0.071429, 2.0492365, 1.8412358, -1.6060228, 3.5567975, -2.2496674, -1.7420238, 1.3011075, -0.8183266, -1.1999484, -0.4633233, 0.2964561, -1.8487287, -0.7119787]","[0.0161734, 0.1348325, 0.1095118, 0.0034861, 0.6088635, 0.0018315, 0.0030428, 0.0638096, 0.0076635, 0.0052323, 0.0109296, 0.0233653, 0.0027348, 0.0085234]",0.010701941878162043,False
student_dev,mid,student:29:18502:277,foreign_diagnostic_state,4,turn_right,2.0145851206975944,0.3970348536968231,"[0.314446, 0.0738871, -0.1454378, -1.654006, 2.2827759, -0.4478425, -0.1211078, 0.438896, -0.6381858, -2.6511765, 1.3450489, 0.8766553, -1.5263188, 0.2258638]","[0.0554618, 0.0436034, 0.0350162, 0.0077465, 0.3970349, 0.0258783, 0.0358786, 0.0628119, 0.021393, 0.0028579, 0.1554458, 0.0973102, 0.0088016, 0.0507602]",0.08518058686496208,False
student_dev,mid,student:29:18502:333,normal,4,turn_right,0.7505525125436562,0.838246762752533,"[-0.2956939, 1.6893232, 1.4956028, -1.8185544, 4.5687881, -1.8728681, -1.4441859, 1.3756477, -1.1181334, -0.7229075, -0.7425322, 0.3683324, -1.794875, -0.5513089]","[0.0064678, 0.04708, 0.0387886, 0.0014105, 0.8382468, 0.001336, 0.002051, 0.034404, 0.0028417, 0.0042191, 0.0041371, 0.0125643, 0.0014443, 0.0050089]",,
student_dev,mid,student:29:18502:333,zero,4,turn_right,1.4299289144671545,0.6536387205123901,"[-0.6519993, 0.7921248, 0.4521503, -0.9167799, 3.2556541, -0.9544686, -0.8148842, 1.2410524, -0.099674, -1.1167209, -0.3798763, 0.3883423, -1.1917504, 0.0597039]","[0.01313, 0.0556468, 0.0396088, 0.0100756, 0.6536387, 0.009703, 0.0111564, 0.0871781, 0.0228106, 0.0082497, 0.0172364, 0.0371604, 0.0076534, 0.0267519]",0.033104455403577884,False
student_dev,mid,student:29:18502:333,earlier_same_episode,4,turn_right,0.930129650282548,0.79095858335495,"[-0.0501955, 1.5655943, 1.2563339, -1.7386245, 4.1968036, -1.8202735, -1.2436484, 1.3391551, -1.0033534, -0.9320946, -0.632827, 0.536274, -1.6155791, -0.3895601]","[0.0113163, 0.0569422, 0.041795, 0.0020914, 0.7909586, 0.0019274, 0.0034308, 0.0454039, 0.0043627, 0.0046849, 0.0063193, 0.0203426, 0.0023652, 0.0080597]",0.0023699017309123022,False
student_dev,mid,student:29:18502:333,foreign_diagnostic_state,4,turn_right,1.3781112472418944,0.6634217500686646,"[-0.8092545, 1.2736804, 1.1878349, -0.2951878, 3.3733189, -1.343704, -1.1374527, 0.6558375, 0.1039731, -0.6240608, -0.7084662, 0.0810295, -1.3039697, -0.2793733]","[0.0101233, 0.0812696, 0.0745841, 0.0169269, 0.6634218, 0.0059322, 0.007291, 0.043813, 0.0252308, 0.0121829, 0.0111968, 0.0246585, 0.0061726, 0.0171967]",0.02673896215089494,False
student_dev,late,student:29:18502:334,normal,4,turn_right,0.650345097957716,0.8642364144325256,"[-0.0893781, 1.8590691, 1.3995166, -1.721066, 4.7895947, -1.8737097, -1.7156087, 1.3004766, -1.4155895, -0.5937046, -0.6341062, 0.3622378, -2.1249146, -0.8203034]","[0.0065724, 0.0461234, 0.02913, 0.0012855, 0.8642364, 0.0011036, 0.0012926, 0.0263832, 0.0017448, 0.0039691, 0.003812, 0.0103242, 0.0008584, 0.0031644]",,
student_dev,late,student:29:18502:334,zero,4,turn_right,1.211871413580824,0.7236706018447876,"[-0.2282246, 0.8909994, 0.1453586, -0.8668032, 3.5412498, -1.04021, -1.1125335, 1.1576462, -0.4202898, -1.0904946, -0.3211572, 0.5222449, -1.4932177, -0.1346956]","[0.0166909, 0.0511154, 0.0242507, 0.0088135, 0.7236706, 0.0074103, 0.0068933, 0.0667352, 0.0137742, 0.0070469, 0.0152096, 0.0353512, 0.0047109, 0.0183273]",0.02489610387345123,False
student_dev,late,student:29:18502:334,earlier_same_episode,4,turn_right,0.8250787831166507,0.819180428981781,"[0.2735193, 1.6986285, 1.0518364, -1.701245, 4.4154129, -1.8862923, -1.5565561, 1.4588903, -1.3656156, -0.8613894, -0.5408233, 0.5967582, -1.8889532, -0.615241]","[0.013019, 0.0541371, 0.0283529, 0.001807, 0.8191804, 0.0015017, 0.0020883, 0.0425969, 0.0025276, 0.004185, 0.0057665, 0.017987, 0.0014977, 0.005353]",0.0029001499689787504,False
student_dev,late,student:29:18502:334,foreign_diagnostic_state,4,turn_right,1.5111529689185006,0.6267286539077759,"[0.3182668, -0.0079231, -0.7190385, -1.2790445, 3.1516981, -0.3943771, -0.2054771, 0.4665234, -0.6824854, -1.989803, 0.5313959, 1.180488, -1.3352873, 0.6122993]","[0.0368584, 0.0265995, 0.0130629, 0.0074616, 0.6267287, 0.0180734, 0.0218312, 0.0427487, 0.0135492, 0.0036657, 0.0456139, 0.0872959, 0.0070535, 0.0494576]",0.07445896431844777,False
student_dev,late,student:29:18502:389,normal,4,turn_right,0.7947956499937341,0.8237890005111694,"[0.3149188, 1.5494827, 1.3924329, -1.8195131, 4.5211072, -2.1231887, -1.5693592, 1.785627, -1.6742684, -0.8505273, -0.5629976, 0.2983438, -1.7749006, -0.8980939]","[0.012277, 0.0421945, 0.036062, 0.0014525, 0.823789, 0.0010721, 0.0018653, 0.0534333, 0.0016796, 0.0038278, 0.0051029, 0.0120752, 0.0015188, 0.00365]",,
student_dev,late,student:29:18502:389,zero,4,turn_right,1.369224507603208,0.6829083561897278,"[-0.0013677, 0.1674709, 0.0217275, -0.8182921, 3.2176745, -1.0623499, -0.8069892, 1.0486284, -0.3323666, -1.314231, -0.2931882, 0.3136579, -0.8673059, -0.2430463]","[0.0273118, 0.0323352, 0.0279499, 0.012066, 0.6829084, 0.009453, 0.0122032, 0.0780473, 0.0196155, 0.0073482, 0.0203992, 0.0374252, 0.0114889, 0.0214482]",0.029166371392385412,False
student_dev,late,student:29:18502:389,earlier_same_episode,4,turn_right,0.6697797637120139,0.8637666702270508,"[0.2701024, 1.3468616, 1.2008336, -1.7475566, 4.6414933, -1.9718214, -1.4935681, 1.4096918, -1.2917082, -0.844457, -0.7192041, 0.3292211, -1.5715477, -0.7872613]","[0.0109125, 0.0320299, 0.0276781, 0.001451, 0.8637667, 0.0011595, 0.0018706, 0.034107, 0.002289, 0.00358, 0.0040577, 0.0115771, 0.0017302, 0.0037907]",0.0020209889018298808,False
student_dev,late,student:29:18502:389,foreign_diagnostic_state,4,turn_right,1.9624232620507047,0.4672989547252655,"[0.4135879, -0.2627901, -0.7265805, -0.5803108, 2.3816776, -0.6233969, -0.4208952, 0.7347534, -0.2177784, -1.8151667, 0.1668927, 0.7449626, -0.5428644, -0.1057399]","[0.0652926, 0.0331984, 0.0208783, 0.0241668, 0.467299, 0.0231477, 0.0283435, 0.0900212, 0.0347269, 0.0070296, 0.0510183, 0.0909449, 0.0250889, 0.0388439]",0.11004256216517638,False
student_dev,late,student:29:18502:444,normal,4,turn_right,0.6568119102649416,0.8591481447219849,"[-0.1916827, 2.0867853, 1.4091759, -1.6664299, 4.8267632, -1.9821765, -1.8316673, 1.3295242, -1.5957847, -0.4080331, -0.6055081, 0.2702689, -2.305547, -0.9301744]","[0.0056831, 0.0554767, 0.0281727, 0.0013005, 0.8591481, 0.0009484, 0.0011024, 0.0260158, 0.0013957, 0.0045775, 0.0037572, 0.00902, 0.0006863, 0.0027156]",,
student_dev,late,student:29:18502:444,zero,4,turn_right,1.1193527218978865,0.7514190077781677,"[-0.2138202, 1.0013359, -0.0368364, -0.7687671, 3.6692476, -1.0624485, -1.1232985, 1.0753877, -0.567022, -0.9419841, -0.3845422, 0.54101, -1.5796537, -0.1566682]","[0.0154699, 0.0521462, 0.018465, 0.0088813, 0.751419, 0.0066211, 0.0062303, 0.0561543, 0.0108666, 0.0074688, 0.013042, 0.0329083, 0.0039474, 0.0163798]",0.020684357330646,False
student_dev,late,student:29:18502:444,earlier_same_episode,4,turn_right,0.7726703873124537,0.8295454382896423,"[0.146986, 1.9064943, 1.1847849, -1.6562618, 4.5879402, -1.9277667, -1.6880301, 1.6161163, -1.7220057, -0.6099495, -0.4921589, 0.4482025, -2.1258123, -0.7631081]","[0.0097759, 0.0567941, 0.0275974, 0.0016107, 0.8295454, 0.0012277, 0.0015603, 0.0424809, 0.0015082, 0.0045859, 0.0051592, 0.0132122, 0.0010072, 0.0039347]",0.0017722379392541804,False
student_dev,late,student:29:18502:444,foreign_diagnostic_state,4,turn_right,1.1193527218978865,0.7514190077781677,"[-0.2138202, 1.0013359, -0.0368364, -0.7687671, 3.6692476, -1.0624485, -1.1232985, 1.0753877, -0.567022, -0.9419841, -0.3845422, 0.54101, -1.5796537, -0.1566682]","[0.0154699, 0.0521462, 0.018465, 0.0088813, 0.751419, 0.0066211, 0.0062303, 0.0561543, 0.0108666, 0.0074688, 0.013042, 0.0329083, 0.0039474, 0.0163798]",0.020684357330646,False
student_dev,late,student:29:18502:499,normal,4,turn_right,0.546826469352963,0.8917421698570251,"[-0.0416728, 1.6195129, 1.3455734, -1.6609455, 5.0040536, -1.9341899, -1.6873456, 1.5373894, -1.6175971, -0.7552575, -0.6652321, 0.2982995, -1.9663379, -0.9200566]","[0.00574, 0.030224, 0.0229817, 0.0011368, 0.8917422, 0.000865, 0.0011071, 0.0278411, 0.0011871, 0.0028119, 0.0030768, 0.0080641, 0.0008376, 0.0023847]",,
student_dev,late,student:29:18502:499,zero,4,turn_right,1.0470808108765244,0.7791334390640259,"[-0.1665106, 0.3238244, -0.1151654, -0.7669659, 3.6925664, -0.9118128, -0.9008512, 0.9859642, -0.31601, -1.2326738, -0.4343587, 0.4048975, -1.0121782, -0.2522133]","[0.0164299, 0.0268278, 0.0172956, 0.0090128, 0.7791334, 0.0077975, 0.0078834, 0.0520175, 0.0141485, 0.0056573, 0.0125693, 0.0290935, 0.0070529, 0.0150805]",0.022270289207346687,False
student_dev,late,student:29:18502:499,earlier_same_episode,4,turn_right,0.5168210294027672,0.8995994925498962,"[-0.1035823, 1.6914135, 1.2928157, -1.6916844, 5.0409036, -1.908779, -1.6722428, 1.2978839, -1.4078131, -0.7315695, -0.6792225, 0.2915067, -1.9457197, -0.9478532]","[0.005246, 0.031578, 0.021197, 0.0010718, 0.8995995, 0.0008627, 0.0010929, 0.0213048, 0.0014237, 0.0027996, 0.0029501, 0.0077878, 0.0008314, 0.0022551]",0.0002662455030068641,False
student_dev,late,student:29:18502:499,foreign_diagnostic_state,4,turn_right,0.8226083192589685,0.8369607925415039,"[0.1817395, 0.4837229, 0.1438851, -0.6864478, 4.1397743, -1.0945046, -0.9133532, 0.9596453, -0.7396973, -1.2246119, -0.569385, 0.6545675, -1.0660177, -0.224014]","[0.0159865, 0.0216223, 0.0153926, 0.0067097, 0.8369608, 0.0044616, 0.0053476, 0.0348011, 0.0063618, 0.0039173, 0.007543, 0.0256507, 0.0045905, 0.0106546]",0.01118630038910478,False
student_dev,contact,student:29:18502:0,normal,4,turn_right,1.9317608874833783,0.5007266998291016,"[-0.6470552, 0.1858704, 0.1845734, -0.4628225, 2.5334835, -0.4189112, -0.1089841, -0.4420516, 0.4490356, 0.4398921, -0.6466584, -0.3139374, -0.2753968, 0.5131203]","[0.0208118, 0.047868, 0.047806, 0.025022, 0.5007267, 0.0261452, 0.0356444, 0.0255471, 0.0622783, 0.0617114, 0.0208201, 0.029039, 0.03018, 0.0664]",,
student_dev,contact,student:29:18502:0,zero,4,turn_right,1.9317608874833783,0.5007266998291016,"[-0.6470552, 0.1858704, 0.1845734, -0.4628225, 2.5334835, -0.4189112, -0.1089841, -0.4420516, 0.4490356, 0.4398921, -0.6466584, -0.3139374, -0.2753968, 0.5131203]","[0.0208118, 0.047868, 0.047806, 0.025022, 0.5007267, 0.0261452, 0.0356444, 0.0255471, 0.0622783, 0.0617114, 0.0208201, 0.029039, 0.03018, 0.0664]",0.0,False
student_dev,contact,student:29:18502:0,earlier_same_episode,4,turn_right,1.9317608874833783,0.5007266998291016,"[-0.6470552, 0.1858704, 0.1845734, -0.4628225, 2.5334835, -0.4189112, -0.1089841, -0.4420516, 0.4490356, 0.4398921, -0.6466584, -0.3139374, -0.2753968, 0.5131203]","[0.0208118, 0.047868, 0.047806, 0.025022, 0.5007267, 0.0261452, 0.0356444, 0.0255471, 0.0622783, 0.0617114, 0.0208201, 0.029039, 0.03018, 0.0664]",0.0,False
student_dev,contact,student:29:18502:0,foreign_diagnostic_state,4,turn_right,1.2594087785178272,0.7159265279769897,"[-0.1879167, 0.9420347, 0.785313, -1.1716682, 3.531635, -1.1625061, -0.5003835, 0.021203, -0.232084, 0.7696306, -0.9734684, -0.1999593, -0.8667067, 0.1452126]","[0.0173575, 0.0537303, 0.0459363, 0.0064901, 0.7159265, 0.0065498, 0.0126995, 0.0213948, 0.0166076, 0.0452215, 0.0079127, 0.0171497, 0.0088043, 0.0242194]",0.03687403444506638,False
student_dev,contact,student:29:18502:168,normal,4,turn_right,1.655283327016713,0.5126907825469971,"[0.4074549, 1.7647368, 1.3274807, -1.5450084, 3.0185485, -2.1766665, -1.4302562, 1.3190167, -0.5982916, -1.5424868, -0.3786835, 0.5258886, -1.5090687, -0.4051501]","[0.0376593, 0.1463296, 0.0945005, 0.0053448, 0.5126908, 0.0028419, 0.0059947, 0.093704, 0.0137747, 0.0053583, 0.0171576, 0.0423943, 0.0055403, 0.0167094]",,
student_dev,contact,student:29:18502:168,zero,4,turn_right,2.149960174795907,0.33481255173683167,"[-0.0514677, 0.7815012, 0.4717679, -0.7736582, 1.9716594, -1.3679312, -0.927706, 1.2127644, 0.1961291, -1.9422641, -0.0156717, 0.3688533, -1.1479354, -0.0507691]","[0.044276, 0.101841, 0.0747149, 0.0215043, 0.3348126, 0.0118696, 0.0184342, 0.1567537, 0.0567151, 0.0066835, 0.0458897, 0.0674081, 0.0147904, 0.044307]",0.03810538654056442,False
student_dev,contact,student:29:18502:168,earlier_same_episode,4,turn_right,1.348897660008327,0.6124463081359863,"[-0.1412039, 2.0536656, 1.9547486, -1.6968929, 3.6102829, -2.2735708, -1.746254, 1.3374046, -0.7804166, -1.0529827, -0.5287621, 0.2755948, -1.8484094, -0.6335683]","[0.014382, 0.1291331, 0.1169711, 0.0030352, 0.6124463, 0.0017051, 0.002889, 0.0630913, 0.0075895, 0.0057788, 0.0097612, 0.0218188, 0.0026085, 0.00879]",0.011337545709596789,False
student_dev,contact,student:29:18502:168,foreign_diagnostic_state,4,turn_right,1.3640988812874033,0.5774326920509338,"[-0.3002037, 1.958778, 2.4160142, -1.1803668, 3.6146708, -2.2766185, -1.8802384, 1.5660235, -1.4089379, -1.0397063, -0.3797041, 0.0451587, -2.3502831, -0.9872087]","[0.0115158, 0.1102443, 0.1741532, 0.0047758, 0.5774327, 0.0015957, 0.0023719, 0.0744364, 0.0037999, 0.0054971, 0.0106357, 0.016266, 0.0014824, 0.0057934]",0.019853881198727205,False
student_dev,contact,student:29:18502:332,normal,4,turn_right,0.8647325334663143,0.8096626400947571,"[-0.158504, 1.4945253, 1.3026421, -1.831676, 4.3067183, -1.8913383, -1.3127301, 1.4127061, -0.9155583, -0.861863, -0.7979842, 0.4444592, -1.5396303, -0.3305793]","[0.0093129, 0.048639, 0.0401467, 0.0017476, 0.8096626, 0.0016464, 0.0029364, 0.0448178, 0.0043682, 0.0046091, 0.0049131, 0.0170195, 0.0023403, 0.0078406]",,
student_dev,contact,student:29:18502:332,zero,4,turn_right,1.577675822371046,0.6022850275039673,"[-0.5817184, 0.6529434, 0.3168872, -0.9339927, 3.0383699, -1.0081855, -0.7236028, 1.2704021, 0.0807315, -1.2717034, -0.4111062, 0.4072734, -1.0386246, 0.2151368]","[0.0161294, 0.0554402, 0.0396166, 0.0113404, 0.602285, 0.0105294, 0.0139958, 0.1027977, 0.0312835, 0.0080902, 0.0191299, 0.0433642, 0.0102138, 0.0357839]",0.037164051740554205,False
student_dev,contact,student:29:18502:332,earlier_same_episode,4,turn_right,1.0379840188116813,0.7617440223693848,"[-0.0282089, 1.4584683, 1.1609747, -1.6894765, 3.978323, -1.8314551, -1.1664933, 1.2639623, -0.7731791, -1.0144969, -0.7063681, 0.5355462, -1.4356382, -0.23996]","[0.013861, 0.0612985, 0.045525, 0.0026322, 0.761744, 0.0022838, 0.0044406, 0.0504635, 0.0065805, 0.0051696, 0.0070352, 0.0243574, 0.0033928, 0.0112158]",0.002012704599638606,False
student_dev,contact,student:29:18502:332,foreign_diagnostic_state,4,turn_right,1.0744924895468606,0.7514578104019165,"[0.1907796, 0.4523399, 0.5273072, -1.772415, 3.8826141, -1.476053, -0.6864898, 1.7246537, -0.9343813, -1.4890826, -0.4890845, 0.8573928, -1.2193717, 0.1698535]","[0.018731, 0.0243307, 0.0262249, 0.00263, 0.7514578, 0.0035372, 0.0077905, 0.0868389, 0.0060801, 0.0034915, 0.0094907, 0.0364811, 0.0045724, 0.0183431]",0.01190853200916247,False
student_dev,contact,student:29:18502:499,normal,4,turn_right,0.546826469352963,0.8917421698570251,"[-0.0416728, 1.6195129, 1.3455734, -1.6609455, 5.0040536, -1.9341899, -1.6873456, 1.5373894, -1.6175971, -0.7552575, -0.6652321, 0.2982995, -1.9663379, -0.9200566]","[0.00574, 0.030224, 0.0229817, 0.0011368, 0.8917422, 0.000865, 0.0011071, 0.0278411, 0.0011871, 0.0028119, 0.0030768, 0.0080641, 0.0008376, 0.0023847]",,
student_dev,contact,student:29:18502:499,zero,4,turn_right,1.0470808108765244,0.7791334390640259,"[-0.1665106, 0.3238244, -0.1151654, -0.7669659, 3.6925664, -0.9118128, -0.9008512, 0.9859642, -0.31601, -1.2326738, -0.4343587, 0.4048975, -1.0121782, -0.2522133]","[0.0164299, 0.0268278, 0.0172956, 0.0090128, 0.7791334, 0.0077975, 0.0078834, 0.0520175, 0.0141485, 0.0056573, 0.0125693, 0.0290935, 0.0070529, 0.0150805]",0.022270289207346687,False
student_dev,contact,student:29:18502:499,earlier_same_episode,4,turn_right,0.5168210294027672,0.8995994925498962,"[-0.1035823, 1.6914135, 1.2928157, -1.6916844, 5.0409036, -1.908779, -1.6722428, 1.2978839, -1.4078131, -0.7315695, -0.6792225, 0.2915067, -1.9457197, -0.9478532]","[0.005246, 0.031578, 0.021197, 0.0010718, 0.8995995, 0.0008627, 0.0010929, 0.0213048, 0.0014237, 0.0027996, 0.0029501, 0.0077878, 0.0008314, 0.0022551]",0.0002662455030068641,False
student_dev,contact,student:29:18502:499,foreign_diagnostic_state,4,turn_right,0.4364724970161259,0.9216084480285645,"[0.0375479, 0.9237228, 0.8740226, -1.9026948, 5.1344457, -1.6370806, -1.3608527, 1.4637278, -1.2132115, -0.8509973, -0.6195183, 0.4181789, -1.6223537, -0.5346283]","[0.0056363, 0.0136727, 0.0130097, 0.0008098, 0.9216084, 0.0010561, 0.0013921, 0.0234625, 0.0016136, 0.0023179, 0.0029217, 0.008247, 0.0010718, 0.0031805]",0.0026082003738248658,False
student_dev,early,student:29:18503:0,normal,4,turn_right,2.2397237965686663,0.3398323655128479,"[-0.7161221, 0.593372, 0.5597273, -0.4128756, 1.9345738, -0.7875218, -0.5044994, 0.451975, 0.6080218, -0.9844133, -0.1662325, 0.059364, -0.668123, 0.3873786]","[0.0239929, 0.0888768, 0.0859363, 0.0324923, 0.3398324, 0.0223395, 0.0296475, 0.0771579, 0.0901884, 0.018347, 0.0415811, 0.052104, 0.0251726, 0.0723313]",,
student_dev,early,student:29:18503:0,zero,4,turn_right,2.2397237965686663,0.3398323655128479,"[-0.7161221, 0.593372, 0.5597273, -0.4128756, 1.9345738, -0.7875218, -0.5044994, 0.451975, 0.6080218, -0.9844133, -0.1662325, 0.059364, -0.668123, 0.3873786]","[0.0239929, 0.0888768, 0.0859363, 0.0324923, 0.3398324, 0.0223395, 0.0296475, 0.0771579, 0.0901884, 0.018347, 0.0415811, 0.052104, 0.0251726, 0.0723313]",0.0,False
student_dev,early,student:29:18503:0,earlier_same_episode,4,turn_right,2.2397237965686663,0.3398323655128479,"[-0.7161221, 0.593372, 0.5597273, -0.4128756, 1.9345738, -0.7875218, -0.5044994, 0.451975, 0.6080218, -0.9844133, -0.1662325, 0.059364, -0.668123, 0.3873786]","[0.0239929, 0.0888768, 0.0859363, 0.0324923, 0.3398324, 0.0223395, 0.0296475, 0.0771579, 0.0901884, 0.018347, 0.0415811, 0.052104, 0.0251726, 0.0723313]",0.0,False
student_dev,early,student:29:18503:0,foreign_diagnostic_state,4,turn_right,1.4064296094268183,0.6358439326286316,"[-0.1284018, 1.0934719, 1.3766668, -1.8995677, 3.42554, -1.5060924, -1.0326389, 1.5536567, -0.7434488, -0.7672994, -0.4570997, 0.4500454, -1.2157553, -0.1221218]","[0.0181925, 0.0617371, 0.0819476, 0.0030952, 0.6358439, 0.0045874, 0.0073653, 0.0978142, 0.0098352, 0.0096034, 0.0130961, 0.0324421, 0.0061328, 0.0183071]",0.07478732473532518,False
student_dev,early,student:29:18503:55,normal,4,turn_right,0.9712084991950908,0.7581000924110413,"[-0.3335024, 2.1608386, 1.8666029, -1.2417793, 4.2227731, -2.0576825, -1.5895764, 0.687696, -0.983308, -0.5523571, -0.6360373, -0.0045067, -1.9817548, -0.3774249]","[0.0079609, 0.0964361, 0.0718546, 0.00321, 0.7581001, 0.0014196, 0.002267, 0.0221036, 0.0041568, 0.0063961, 0.0058826, 0.0110622, 0.0015316, 0.0076188]",,
student_dev,early,student:29:18503:55,zero,4,turn_right,1.6113047924224184,0.6013165712356567,"[-0.3747925, 0.876818, 0.3420376, -0.6096435, 2.9831824, -1.1884524, -0.8745652, 0.7111367, 0.2126153, -1.2044781, -0.3230655, 0.2069531, -1.1025637, 0.3868117]","[0.0209292, 0.0731679, 0.0428616, 0.0165485, 0.6013166, 0.0092765, 0.0126971, 0.0619964, 0.0376583, 0.009129, 0.0220403, 0.0374457, 0.0101085, 0.0448243]",0.04289794421708729,False
student_dev,early,student:29:18503:55,earlier_same_episode,4,turn_right,0.9157375365848589,0.7753404974937439,"[-0.3949365, 2.2027316, 1.9000194, -1.6668899, 4.3596048, -2.0792506, -1.6525878, 0.8910192, -0.9732984, -0.4930756, -0.6528401, 0.0342161, -1.8982518, -0.4776147]","[0.0066776, 0.0896963, 0.0662686, 0.0018716, 0.7753405, 0.0012392, 0.0018986, 0.0241604, 0.0037449, 0.0060534, 0.0051596, 0.0102565, 0.001485, 0.0061477]",0.00038413631760843015,False
student_dev,early,student:29:18503:55,foreign_diagnostic_state,1,forward,1.4763459647555417,0.41376546025276184,"[-0.9846306, 3.1793249, 2.002466, 0.2818966, 3.0079427, -1.895226, -1.7700274, 0.1288291, -0.5201345, 0.081778, -0.7103873, -0.7170986, -2.0585487, -0.7987764]","[0.0064324, 0.4137655, 0.1275413, 0.0228253, 0.3485972, 0.0025876, 0.0029328, 0.0195858, 0.0102353, 0.0186856, 0.008462, 0.0084054, 0.0021977, 0.0077462]",0.1027092185736111,True
student_dev,early,student:29:18503:110,normal,4,turn_right,0.9156813768701837,0.7866577506065369,"[-0.2129504, 1.7967683, 1.8040633, -2.2806954, 4.2909856, -1.8436412, -1.4974045, 1.0454332, -0.7583749, -0.500644, -0.7279791, 0.1443227, -1.4644085, -0.4735874]","[0.0087047, 0.0649473, 0.0654228, 0.0011009, 0.7866578, 0.0017043, 0.0024095, 0.030638, 0.0050452, 0.0065284, 0.0052009, 0.0124427, 0.0024903, 0.0067075]",,
student_dev,early,student:29:18503:110,zero,4,turn_right,1.6661394860605296,0.5824837684631348,"[-0.3092289, 0.4829367, 0.6003987, -1.4262491, 2.8921058, -0.9770105, -0.7812502, 0.8732906, 0.1483665, -1.0240072, -0.244396, 0.1371295, -0.8104122, 0.3247485]","[0.0237117, 0.0523594, 0.0588855, 0.0077597, 0.5824838, 0.0121604, 0.0147899, 0.0773613, 0.0374708, 0.0116021, 0.0252999, 0.0370521, 0.0143648, 0.0446987]",0.04553037374500188,False
student_dev,early,student:29:18503:110,earlier_same_episode,4,turn_right,1.012677336924817,0.7438498735427856,"[-0.3550857, 2.0338981, 2.0225046, -1.7566304, 4.1701608, -1.9349543, -1.5573581, 0.9628699, -1.006784, -0.4631646, -0.7114622, -0.0014252, -1.8214571, -0.5213352]","[0.0080574, 0.0878452, 0.08685, 0.0019839, 0.7438499, 0.0016598, 0.0024213, 0.0301007, 0.0041992, 0.007232, 0.0056419, 0.0114759, 0.0018593, 0.0068233]",0.0020543128793521796,False
student_dev,early,student:29:18503:110,foreign_diagnostic_state,4,turn_right,1.6661394860605296,0.5824837684631348,"[-0.3092289, 0.4829367, 0.6003987, -1.4262491, 2.8921058, -0.9770105, -0.7812502, 0.8732906, 0.1483665, -1.0240072, -0.244396, 0.1371295, -0.8104122, 0.3247485]","[0.0237117, 0.0523594, 0.0588855, 0.0077597, 0.5824838, 0.0121604, 0.0147899, 0.0773613, 0.0374708, 0.0116021, 0.0252999, 0.0370521, 0.0143648, 0.0446987]",0.04553037374500188,False
student_dev,early,student:29:18503:166,normal,4,turn_right,0.9793921447799712,0.786916196346283,"[-0.2270188, 1.3216184, 1.1511575, -1.5296955, 4.0004406, -1.8302401, -0.9412872, 0.6401535, -0.3506792, -0.7712059, -0.8062403, 0.2668622, -1.0657406, 0.1442096]","[0.0114806, 0.054017, 0.0455513, 0.0031205, 0.7869162, 0.0023104, 0.0056204, 0.0273259, 0.0101452, 0.0066624, 0.006433, 0.0188129, 0.0049627, 0.0166414]",,
student_dev,early,student:29:18503:166,zero,4,turn_right,1.7739914675503983,0.5443207621574402,"[-0.5314224, 0.4408574, 0.1457331, -0.713179, 2.7464302, -1.1225885, -0.5506878, 0.8460243, 0.5047398, -1.2536472, -0.4243138, 0.1780741, -0.6110725, 0.5268266]","[0.0205259, 0.0542697, 0.0404005, 0.0171146, 0.5443208, 0.0113648, 0.0201342, 0.0813803, 0.0578497, 0.0099688, 0.0228464, 0.0417284, 0.0189544, 0.0591416]",0.047904571146327346,False
student_dev,early,student:29:18503:166,earlier_same_episode,4,turn_right,0.9336428572421749,0.7869351506233215,"[-0.3817479, 1.7414145, 1.4906809, -1.8219668, 4.1866317, -1.972906, -1.2569559, 0.9649854, -0.6331534, -0.6324557, -0.8323964, 0.181651, -1.2927727, -0.2149207]","[0.0081643, 0.068233, 0.053101, 0.0019339, 0.7869352, 0.001663, 0.0034027, 0.0313903, 0.0063494, 0.0063538, 0.0052024, 0.0143416, 0.0032829, 0.0096465]",0.00196738599725153,False
student_dev,early,student:29:18503:166,foreign_diagnostic_state,4,turn_right,2.0667882824076633,0.41336506605148315,"[-0.2789153, 0.2278061, -0.3442453, -0.6300429, 2.2082019, -1.1161336, -0.4164889, 0.7763591, 0.6785725, -1.4490358, -0.7086893, 0.1840242, -0.4771943, 0.6823751]","[0.034371, 0.0570504, 0.0321973, 0.0241936, 0.4133651, 0.0148797, 0.0299533, 0.0987398, 0.0895415, 0.0106663, 0.0223637, 0.0546065, 0.0281891, 0.0898826]",0.09922625003242738,False
student_dev,mid,student:29:18503:167,normal,4,turn_right,0.9493180964496035,0.7961121797561646,"[-0.1774733, 1.2145864, 1.1869546, -1.6155179, 4.0609336, -1.6972173, -0.9738066, 0.7486265, -0.3743567, -0.8447403, -0.7438832, 0.3849176, -1.14736, 0.1174549]","[0.0114883, 0.0462191, 0.0449595, 0.0027272, 0.7961122, 0.0025133, 0.005181, 0.029004, 0.0094352, 0.0058948, 0.0065203, 0.0201605, 0.0043555, 0.0154292]",,
student_dev,mid,student:29:18503:167,zero,4,turn_right,1.7286910760737058,0.5591976046562195,"[-0.5596898, 0.5708165, 0.3365094, -0.7544603, 2.8227789, -1.0502346, -0.662353, 0.9113464, 0.3761097, -1.238767, -0.374604, 0.2374448, -0.8047397, 0.4369052]","[0.0189923, 0.0588234, 0.0465363, 0.0156311, 0.5591976, 0.0116289, 0.0171392, 0.0826877, 0.0484162, 0.0096307, 0.0228539, 0.0421472, 0.0148646, 0.051451]",0.042205721556140594,False
student_dev,mid,student:29:18503:167,earlier_same_episode,4,turn_right,0.9237703768401798,0.7872868776321411,"[-0.4000784, 1.7739295, 1.6387023, -1.896704, 4.2409091, -1.8890142, -1.3592296, 1.0128503, -0.6786408, -0.6372025, -0.7588813, 0.2346915, -1.4458681, -0.2992418]","[0.0075959, 0.066794, 0.0583457, 0.0017006, 0.7872869, 0.0017137, 0.0029109, 0.0312036, 0.0057491, 0.0059923, 0.0053058, 0.0143303, 0.0026693, 0.0084018]",0.0030013111348400554,False
student_dev,mid,student:29:18503:167,foreign_diagnostic_state,4,turn_right,2.0302618985795293,0.43008551001548767,"[-0.2734879, 0.3332536, -0.1749336, -0.6907308, 2.2835166, -1.1041454, -0.505842, 0.8701876, 0.5717421, -1.4020389, -0.6931689, 0.2264498, -0.6271966, 0.6293808]","[0.0333474, 0.0611739, 0.0368013, 0.0219713, 0.4300855, 0.0145315, 0.0264333, 0.1046535, 0.0776498, 0.0107879, 0.0219178, 0.0549771, 0.0234125, 0.082257]",0.09126732358670119,False
student_dev,mid,student:29:18503:222,normal,4,turn_right,0.9296262824254504,0.773673415184021,"[-0.1439986, 2.0336263, 1.8036935, -1.7518232, 4.3793721, -2.095052, -1.9514536, 1.6440536, -1.4706016, -0.7018877, -0.5826607, 0.302222, -2.0878613, -0.9525833]","[0.0083962, 0.0740991, 0.0588782, 0.001682, 0.7736734, 0.0011933, 0.0013776, 0.0501908, 0.0022282, 0.0048061, 0.0054147, 0.0131182, 0.0012019, 0.0037404]",,
student_dev,mid,student:29:18503:222,zero,4,turn_right,1.507267485267044,0.6146772503852844,"[-0.2416421, 0.8457665, 0.4155033, -0.9074082, 3.1133261, -1.1629699, -1.2121857, 1.418811, -0.4477661, -1.3398241, -0.1665326, 0.441272, -1.4089988, -0.2495121]","[0.0214587, 0.0636588, 0.0413997, 0.0110272, 0.6146773, 0.0085403, 0.0081302, 0.112909, 0.0174616, 0.007156, 0.0231325, 0.0424804, 0.0066777, 0.0212905]",0.032953828373076074,False
student_dev,mid,student:29:18503:222,earlier_same_episode,4,turn_right,0.8373116002991534,0.8161891102790833,"[0.0648685, 1.6380292, 1.356727, -1.6466169, 4.3559017, -1.8980597, -1.6441869, 1.2156283, -1.1029937, -0.890841, -0.557308, 0.4134718, -1.7932491, -0.5890215]","[0.0111743, 0.0538808, 0.0406692, 0.002018, 0.8161891, 0.0015694, 0.002023, 0.0353173, 0.0034755, 0.0042969, 0.0059981, 0.0158349, 0.0017428, 0.0058108]",0.0030090779372393835,False
student_dev,mid,student:29:18503:222,foreign_diagnostic_state,4,turn_right,1.859919441436731,0.476925253868103,"[-0.0121609, 0.630366, -0.1147845, -0.8583961, 2.4813402, -1.1508514, -0.9917694, 1.3202164, -0.2742951, -1.5643077, -0.5637789, 0.4796612, -1.0705916, 0.0044527]","[0.0394037, 0.0749174, 0.0355605, 0.0169052, 0.4769253, 0.0126186, 0.0147944, 0.1493416, 0.0303175, 0.0083454, 0.0226972, 0.0644365, 0.0136731, 0.0400638]",0.07861986201118608,False
student_dev,mid,student:29:18503:277,normal,4,turn_right,0.9167969184623296,0.7978213429450989,"[-0.1018669, 1.393037, 1.2790887, -1.6107025, 4.1901708, -1.8050944, -1.3284304, 1.2588797, -0.9196783, -1.0420991, -0.5118521, 0.5289452, -1.5703868, -0.218267]","[0.0109118, 0.0486548, 0.0434149, 0.0024133, 0.7978213, 0.001987, 0.0032004, 0.0425463, 0.0048164, 0.0042615, 0.0072417, 0.0205048, 0.0025126, 0.0097128]",,
student_dev,mid,student:29:18503:277,zero,4,turn_right,1.6708317722870858,0.5679609775543213,"[-0.4669905, 0.7581525, 0.3987118, -0.6663234, 2.9008045, -1.0681446, -0.9346478, 1.211551, 0.0009459, -1.3671824, -0.2503181, 0.3809885, -1.1658189, 0.1539404]","[0.0195751, 0.0666464, 0.0465236, 0.0160374, 0.567961, 0.0107306, 0.0122632, 0.1048781, 0.0312555, 0.0079571, 0.024311, 0.0457063, 0.0097321, 0.0364226]",0.03960513369364885,False
student_dev,mid,student:29:18503:277,earlier_same_episode,4,turn_right,0.9726320968811596,0.7658919095993042,"[-0.3541887, 1.8697239, 1.7560188, -1.7329423, 4.2192726, -1.9655355, -1.6324956, 1.3372101, -1.0504591, -0.754582, -0.6107584, 0.3244422, -1.8157405, -0.5563326]","[0.0079057, 0.0730754, 0.0652214, 0.0019914, 0.7658919, 0.0015781, 0.0022018, 0.0429046, 0.0039405, 0.0052972, 0.0061166, 0.0155835, 0.0018331, 0.0064587]",0.0031207000604934064,False
student_dev,mid,student:29:18503:277,foreign_diagnostic_state,4,turn_right,1.969822842702494,0.4467347264289856,"[-0.2401419, 0.5148317, -0.0362664, -0.6218367, 2.3538523, -1.0892888, -0.7763139, 1.1256729, 0.1636244, -1.5611273, -0.5671006, 0.3759133, -0.9826205, 0.3440015]","[0.0333805, 0.0710188, 0.0409293, 0.022789, 0.4467347, 0.0142795, 0.019527, 0.1308152, 0.0499857, 0.0089083, 0.0240711, 0.0618076, 0.0158869, 0.0598663]",0.08339476417334271,False
student_dev,mid,student:29:18503:333,normal,4,turn_right,0.6280306246786629,0.8653535842895508,"[-0.1920035, 2.1655748, 1.4587468, -1.6013207, 4.938972, -1.8881613, -1.989112, 1.477775, -1.6898447, -0.5808338, -0.5272551, 0.2074646, -2.2795012, -1.0790168]","[0.0051149, 0.0540409, 0.0266533, 0.0012496, 0.8653536, 0.000938, 0.0008479, 0.0271653, 0.0011438, 0.0034671, 0.003658, 0.0076265, 0.0006342, 0.0021068]",,
student_dev,mid,student:29:18503:333,zero,4,turn_right,1.0397938817836236,0.7760169506072998,"[-0.152067, 0.8779912, -0.0605931, -0.7777639, 3.7497919, -1.0086664, -1.2370408, 1.0319062, -0.5553583, -1.1419338, -0.2817036, 0.4433276, -1.4372332, -0.3561646]","[0.0156789, 0.0439202, 0.0171807, 0.0083865, 0.776017, 0.0066573, 0.0052981, 0.0512281, 0.0104753, 0.0058267, 0.0137726, 0.0284375, 0.0043369, 0.0127843]",0.01883632200001148,False
student_dev,mid,student:29:18503:333,earlier_same_episode,4,turn_right,0.5270375269773265,0.9002112746238708,"[0.1893914, 1.519883, 0.8117797, -1.5653355, 4.9450455, -1.6958091, -1.6706578, 1.1823685, -1.2806993, -0.9104286, -0.5047184, 0.5379366, -1.7630936, -0.6362018]","[0.0077444, 0.0292965, 0.0144308, 0.0013394, 0.9002113, 0.0011756, 0.0012055, 0.0209043, 0.0017805, 0.0025784, 0.0038685, 0.0109739, 0.0010991, 0.0033919]",0.003650688713887445,False
student_dev,mid,student:29:18503:333,foreign_diagnostic_state,4,turn_right,1.3551239702867506,0.6822084188461304,"[0.0772669, 0.6699185, -0.5700849, -0.7710649, 3.2363176, -1.0216645, -0.9651327, 0.9867149, -0.4095722, -1.350083, -0.7451521, 0.5175616, -1.0161343, -0.075673]","[0.0289707, 0.0524016, 0.0151641, 0.0124032, 0.6822084, 0.0096538, 0.0102153, 0.0719328, 0.0178044, 0.0069513, 0.0127288, 0.0449962, 0.0097074, 0.0248621]",0.0445789699618897,False
student_dev,late,student:29:18503:334,normal,4,turn_right,0.5970884619977346,0.8719878196716309,"[-0.3053599, 2.301861, 1.4326863, -1.5392942, 5.0087552, -1.833155, -2.0037396, 1.270346, -1.6144301, -0.572917, -0.4785177, 0.1753974, -2.3402493, -1.1461157]","[0.0042916, 0.0581998, 0.024403, 0.0012495, 0.8719878, 0.0009313, 0.0007853, 0.0207463, 0.001159, 0.0032841, 0.0036093, 0.0069408, 0.0005609, 0.0018513]",,
student_dev,late,student:29:18503:334,zero,4,turn_right,1.0108700413706486,0.7843421697616577,"[-0.2217349, 1.0292453, -0.091072, -0.7426938, 3.7921803, -0.9526373, -1.2449776, 0.8823541, -0.4717712, -1.1343118, -0.2787598, 0.4143517, -1.4507489, -0.4066765]","[0.0141672, 0.0494969, 0.0161447, 0.0084146, 0.7843422, 0.0068211, 0.0050921, 0.042735, 0.011033, 0.005688, 0.0133819, 0.0267629, 0.0041451, 0.0117751]",0.018596543213813134,False
student_dev,late,student:29:18503:334,earlier_same_episode,4,turn_right,0.5206134773279252,0.8996677994728088,"[0.077593, 1.7717972, 0.8858388, -1.5134588, 5.0152931, -1.6874926, -1.7586757, 1.1998757, -1.3533084, -0.8807198, -0.4556826, 0.4689268, -1.8937545, -0.7626976]","[0.0064516, 0.0351115, 0.0144771, 0.0013143, 0.8996678, 0.0011043, 0.0010285, 0.0198184, 0.0015425, 0.0024744, 0.003785, 0.0095416, 0.0008985, 0.0027844]",0.002531971971225169,False
student_dev,late,student:29:18503:334,foreign_diagnostic_state,4,turn_right,1.3183835421828358,0.6949062347412109,"[-0.0372817, 0.8493755, -0.579761, -0.6754273, 3.2798705, -0.9957364, -0.9991337, 0.836454, -0.3348396, -1.3682348, -0.7073313, 0.4598305, -1.0612381, -0.1540637]","[0.0251945, 0.0611471, 0.0146457, 0.0133095, 0.6949062, 0.0096617, 0.0096289, 0.060362, 0.0187102, 0.006657, 0.0128916, 0.0414189, 0.0090491, 0.0224175]",0.04259690849238654,False
student_dev,late,student:29:18503:389,normal,4,turn_right,0.8631211175852203,0.8021460175514221,"[-0.2378906, 1.8784978, 1.6027768, -1.9097862, 4.4180207, -1.9210881, -1.6011282, 1.4239112, -1.1827204, -0.740779, -0.5582816, 0.3363481, -1.8621606, -0.5161906]","[0.0076246, 0.0632926, 0.0480406, 0.0014326, 0.802146, 0.0014165, 0.0019506, 0.0401724, 0.002964, 0.0046112, 0.0055344, 0.0135396, 0.0015025, 0.0057724]",,
student_dev,late,student:29:18503:389,zero,4,turn_right,1.5321508020043901,0.617156982421875,"[-0.4365748, 0.8419056, 0.4135919, -0.901793, 3.1181059, -1.0414995, -0.946954, 1.2490836, -0.1314017, -1.2224592, -0.1980653, 0.3887143, -1.2148122, 0.1354734]","[0.0176448, 0.0633657, 0.0412895, 0.0110809, 0.617157, 0.0096361, 0.0105916, 0.0952115, 0.0239416, 0.008041, 0.0223976, 0.040275, 0.0081028, 0.0312647]",0.03557846389716028,False
student_dev,late,student:29:18503:389,earlier_same_episode,4,turn_right,0.938565328773346,0.7687963843345642,"[-0.3860134, 2.1253319, 1.8242286, -1.8121817, 4.3696766, -2.0390232, -1.7994149, 1.58544, -1.4115033, -0.673355, -0.577245, 0.2290526, -2.1277468, -0.7381399]","[0.0066137, 0.0814901, 0.0603028, 0.0015888, 0.7687964, 0.0012663, 0.0016092, 0.0474934, 0.0023718, 0.0049619, 0.0054625, 0.0122338, 0.0011588, 0.0046507]",0.0013590347555787466,False
student_dev,late,student:29:18503:389,foreign_diagnostic_state,4,turn_right,1.8450814756891096,0.4990309178829193,"[-0.1944562, 0.6076276, -0.0416407, -0.8585285, 2.5828953, -1.0709392, -0.7799858, 1.1818596, 0.0581035, -1.3958203, -0.5363574, 0.4081672, -0.9860247, 0.3460529]","[0.0310412, 0.0692277, 0.0361665, 0.0159785, 0.4990309, 0.0129207, 0.0172841, 0.1229321, 0.0399599, 0.0093367, 0.0220523, 0.0567094, 0.0140658, 0.0532941]",0.07644805686753117,False
student_dev,late,student:29:18503:444,normal,4,turn_right,0.5558041039982574,0.8837122917175293,"[-0.3188278, 2.2904227, 1.323675, -1.4805677, 5.0447936, -1.709757, -1.8360813, 0.8743349, -1.5448246, -0.2576385, -0.484643, 0.0379694, -2.2213092, -1.059559]","[0.0041392, 0.0562474, 0.0213919, 0.0012953, 0.8837123, 0.00103, 0.0009078, 0.0136491, 0.0012147, 0.0044004, 0.0035068, 0.0059139, 0.0006176, 0.0019734]",,
student_dev,late,student:29:18503:444,zero,4,turn_right,0.9683638803501472,0.7990296483039856,"[-0.1714848, 1.0546182, -0.2495646, -0.6634586, 3.8405526, -0.9317839, -1.1210908, 0.5973959, -0.4154628, -0.7931918, -0.3427164, 0.2708952, -1.3236187, -0.2688802]","[0.0144596, 0.0492773, 0.0133736, 0.0088409, 0.7990296, 0.0067603, 0.0055943, 0.0311945, 0.0113292, 0.0077652, 0.0121841, 0.0225051, 0.0045687, 0.0131177]",0.018214856886241068,False
student_dev,late,student:29:18503:444,earlier_same_episode,4,turn_right,0.5230529315841242,0.8973731994628906,"[0.0048643, 1.9850844, 1.0214781, -1.5986921, 5.0368724, -1.6478487, -1.7147025, 0.9537259, -1.413074, -0.4024625, -0.4904757, 0.2142803, -1.8856626, -0.7686827]","[0.005856, 0.0424227, 0.0161849, 0.0011781, 0.8973732, 0.0011216, 0.0010491, 0.0151246, 0.0014184, 0.0038967, 0.0035684, 0.0072202, 0.0008842, 0.0027018]",0.0008755715452199123,False
student_dev,late,student:29:18503:444,foreign_diagnostic_state,4,turn_right,1.2100003784009277,0.7328642010688782,"[0.0330145, 0.8511397, -0.8060443, -0.6384875, 3.4405155, -0.9488786, -0.8801579, 0.5956509, -0.2867694, -0.9960451, -0.7344475, 0.3210053, -0.9106902, 0.0262005]","[0.0242753, 0.0550138, 0.0104898, 0.0124032, 0.7328642, 0.0090936, 0.0097404, 0.0426103, 0.0176313, 0.0086746, 0.0112683, 0.0323771, 0.0094475, 0.0241105]",0.037537531309550475,False
student_dev,late,student:29:18503:499,normal,4,turn_right,0.7462403079806068,0.8352795243263245,"[-0.2904264, 1.9472166, 1.6963732, -2.0386593, 4.6550727, -1.8428656, -1.6491679, 1.2999105, -1.30792, -0.5007845, -0.5524213, 0.1960422, -1.9384208, -0.5870135]","[0.0059433, 0.0556961, 0.0433396, 0.0010346, 0.8352795, 0.0012584, 0.0015273, 0.0291544, 0.0021485, 0.0048158, 0.0045735, 0.0096672, 0.0011437, 0.004418]",,
student_dev,late,student:29:18503:499,zero,4,turn_right,1.3628110296487272,0.6785863041877747,"[-0.4064117, 0.8244568, 0.4076546, -1.097131, 3.3455002, -0.9992701, -0.9623063, 1.1421285, -0.2621713, -0.9971175, -0.1999019, 0.2925427, -1.213286, 0.16399]","[0.0159283, 0.0545418, 0.0359513, 0.0079835, 0.6785863, 0.0088043, 0.0091358, 0.0749364, 0.0183998, 0.0088233, 0.019582, 0.0320422, 0.007108, 0.0281769]",0.030929444334275823,False
student_dev,late,student:29:18503:499,earlier_same_episode,4,turn_right,0.8024360314892056,0.8130830526351929,"[-0.4698404, 2.1475289, 1.8250681, -1.9047203, 4.5994849, -1.9171121, -1.7867683, 1.3475702, -1.4322085, -0.4720869, -0.5516447, 0.1174721, -2.1332228, -0.7480008]","[0.0051116, 0.0700267, 0.0507249, 0.0012173, 0.8130831, 0.0012023, 0.0013697, 0.0314663, 0.0019526, 0.0051001, 0.0047101, 0.0091965, 0.0009686, 0.0038704]",0.0006934801113819292,False
student_dev,late,student:29:18503:499,foreign_diagnostic_state,4,turn_right,1.7173662641093683,0.5547672510147095,"[-0.1654912, 0.5894635, -0.0842279, -1.0127854, 2.7725294, -1.0616258, -0.7863024, 1.1138699, -0.0678508, -1.2204624, -0.5271404, 0.3199388, -0.962218, 0.3925978]","[0.0293863, 0.0625198, 0.031874, 0.0125942, 0.5547673, 0.0119938, 0.0157954, 0.1056244, 0.0324003, 0.0102324, 0.0204683, 0.047749, 0.0132474, 0.0513476]",0.07203232339843965,False
student_dev,raycast_log,student:29:18503:0,normal,4,turn_right,2.2397237965686663,0.3398323655128479,"[-0.7161221, 0.593372, 0.5597273, -0.4128756, 1.9345738, -0.7875218, -0.5044994, 0.451975, 0.6080218, -0.9844133, -0.1662325, 0.059364, -0.668123, 0.3873786]","[0.0239929, 0.0888768, 0.0859363, 0.0324923, 0.3398324, 0.0223395, 0.0296475, 0.0771579, 0.0901884, 0.018347, 0.0415811, 0.052104, 0.0251726, 0.0723313]",,
student_dev,raycast_log,student:29:18503:0,zero,4,turn_right,2.2397237965686663,0.3398323655128479,"[-0.7161221, 0.593372, 0.5597273, -0.4128756, 1.9345738, -0.7875218, -0.5044994, 0.451975, 0.6080218, -0.9844133, -0.1662325, 0.059364, -0.668123, 0.3873786]","[0.0239929, 0.0888768, 0.0859363, 0.0324923, 0.3398324, 0.0223395, 0.0296475, 0.0771579, 0.0901884, 0.018347, 0.0415811, 0.052104, 0.0251726, 0.0723313]",0.0,False
student_dev,raycast_log,student:29:18503:0,earlier_same_episode,4,turn_right,2.2397237965686663,0.3398323655128479,"[-0.7161221, 0.593372, 0.5597273, -0.4128756, 1.9345738, -0.7875218, -0.5044994, 0.451975, 0.6080218, -0.9844133, -0.1662325, 0.059364, -0.668123, 0.3873786]","[0.0239929, 0.0888768, 0.0859363, 0.0324923, 0.3398324, 0.0223395, 0.0296475, 0.0771579, 0.0901884, 0.018347, 0.0415811, 0.052104, 0.0251726, 0.0723313]",0.0,False
student_dev,raycast_log,student:29:18503:0,foreign_diagnostic_state,4,turn_right,2.3887323818126043,0.24326343834400177,"[-0.335599, 0.3645589, -0.0560777, -0.3272268, 1.4501946, -0.7670776, -0.4836277, 0.5112635, 0.7780091, -1.2504158, -0.3345976, 0.1071565, -0.4781011, 0.5779909]","[0.0407865, 0.0821469, 0.05394, 0.0411294, 0.2432634, 0.0264928, 0.0351745, 0.0951271, 0.1242082, 0.0163387, 0.0408274, 0.0635042, 0.0353695, 0.1016913]",0.011302964634105808,False
student_dev,raycast_log,student:29:18503:173,normal,4,turn_right,0.8747577014141918,0.7985419631004333,"[-0.231148, 1.8821105, 1.6039205, -1.8968444, 4.3974066, -1.9312164, -1.6053501, 1.4240656, -1.1755526, -0.7448122, -0.5588602, 0.3361957, -1.8590634, -0.5085436]","[0.0078009, 0.0645533, 0.0488767, 0.0014748, 0.798542, 0.001425, 0.0019739, 0.0408312, 0.0030338, 0.0046672, 0.0056211, 0.0137574, 0.0015316, 0.0059111]",,
student_dev,raycast_log,student:29:18503:173,zero,4,turn_right,1.5444180999822839,0.612720251083374,"[-0.4338079, 0.8428554, 0.4169523, -0.894515, 3.1009641, -1.0499687, -0.9518963, 1.2489591, -0.1198895, -1.2260791, -0.1966192, 0.387218, -1.2105056, 0.140975]","[0.0178702, 0.0640587, 0.0418418, 0.0112732, 0.6127203, 0.0096502, 0.0106446, 0.0961494, 0.0244604, 0.0080919, 0.0226537, 0.040616, 0.0082189, 0.0317508]",0.03584985948053848,False
student_dev,raycast_log,student:29:18503:173,earlier_same_episode,4,turn_right,0.9453636249640657,0.7661907076835632,"[-0.3913169, 2.1301711, 1.8391818, -1.7972715, 4.360065, -2.0500894, -1.8138274, 1.5846872, -1.4066787, -0.6686396, -0.5787068, 0.22333, -2.1330113, -0.7412059]","[0.0066197, 0.082396, 0.061593, 0.0016227, 0.7661907, 0.0012602, 0.0015961, 0.0477535, 0.0023981, 0.0050165, 0.0054885, 0.0122398, 0.0011599, 0.0046653]",0.001344833719273976,False
student_dev,raycast_log,student:29:18503:173,foreign_diagnostic_state,4,turn_right,1.8669842054550885,0.48899030685424805,"[-0.1809651, 0.5907671, -0.0485371, -0.843817, 2.539983, -1.1206604, -0.7774143, 1.1874789, 0.0689408, -1.4262762, -0.5410706, 0.388666, -0.9791975, 0.3500283]","[0.0321816, 0.0696252, 0.0367384, 0.0165857, 0.4889903, 0.0125749, 0.0177245, 0.1264489, 0.0413181, 0.0092635, 0.02245, 0.0568847, 0.0144857, 0.0547287]",0.0789744046632898,False
student_dev,raycast_log,student:29:18503:324,normal,4,turn_right,0.9344954072165219,0.777134895324707,"[-0.3661735, 1.9226034, 1.8505671, -2.0970161, 4.3043313, -1.9009727, -1.5451387, 1.2044619, -0.8629066, -0.4956645, -0.7348788, 0.1583996, -1.6414177, -0.4538729]","[0.0072798, 0.0718001, 0.0668098, 0.0012895, 0.7771349, 0.0015688, 0.0022393, 0.0350139, 0.0044299, 0.0063957, 0.005035, 0.012301, 0.0020337, 0.0066686]",,
student_dev,raycast_log,student:29:18503:324,zero,4,turn_right,1.6182681612965895,0.5960670709609985,"[-0.4212528, 0.6055379, 0.5300597, -1.2547274, 2.9902031, -0.9813429, -0.7771963, 1.0296301, 0.1457679, -1.0510219, -0.2819134, 0.2288145, -0.8827525, 0.3644799]","[0.0196661, 0.0549096, 0.0509177, 0.0085457, 0.5960671, 0.0112325, 0.0137764, 0.083913, 0.0346715, 0.0104764, 0.0226065, 0.0376738, 0.0123963, 0.0431477]",0.042424456130775126,False
student_dev,raycast_log,student:29:18503:324,earlier_same_episode,4,turn_right,0.9532239813854289,0.7630696892738342,"[-0.5964103, 2.1248984, 1.9846689, -1.8473063, 4.2999849, -1.9314102, -1.6023513, 1.0460869, -0.9469106, -0.418875, -0.696888, 0.0497644, -1.8830863, -0.5341291]","[0.0057028, 0.0866834, 0.0753417, 0.0016324, 0.7630697, 0.0015007, 0.0020855, 0.0294723, 0.0040167, 0.0068107, 0.0051576, 0.0108822, 0.001575, 0.0060693]",0.0007412631133550043,False
student_dev,raycast_log,student:29:18503:324,foreign_diagnostic_state,4,turn_right,1.6182681612965895,0.5960670709609985,"[-0.4212528, 0.6055379, 0.5300597, -1.2547274, 2.9902031, -0.9813429, -0.7771963, 1.0296301, 0.1457679, -1.0510219, -0.2819134, 0.2288145, -0.8827525, 0.3644799]","[0.0196661, 0.0549096, 0.0509177, 0.0085457, 0.5960671, 0.0112325, 0.0137764, 0.083913, 0.0346715, 0.0104764, 0.0226065, 0.0376738, 0.0123963, 0.0431477]",0.042424456130775126,False
student_dev,raycast_log,student:29:18503:499,normal,4,turn_right,0.7462403079806068,0.8352795243263245,"[-0.2904264, 1.9472166, 1.6963732, -2.0386593, 4.6550727, -1.8428656, -1.6491679, 1.2999105, -1.30792, -0.5007845, -0.5524213, 0.1960422, -1.9384208, -0.5870135]","[0.0059433, 0.0556961, 0.0433396, 0.0010346, 0.8352795, 0.0012584, 0.0015273, 0.0291544, 0.0021485, 0.0048158, 0.0045735, 0.0096672, 0.0011437, 0.004418]",,
student_dev,raycast_log,student:29:18503:499,zero,4,turn_right,1.3628110296487272,0.6785863041877747,"[-0.4064117, 0.8244568, 0.4076546, -1.097131, 3.3455002, -0.9992701, -0.9623063, 1.1421285, -0.2621713, -0.9971175, -0.1999019, 0.2925427, -1.213286, 0.16399]","[0.0159283, 0.0545418, 0.0359513, 0.0079835, 0.6785863, 0.0088043, 0.0091358, 0.0749364, 0.0183998, 0.0088233, 0.019582, 0.0320422, 0.007108, 0.0281769]",0.030929444334275823,False
student_dev,raycast_log,student:29:18503:499,earlier_same_episode,4,turn_right,0.8024360314892056,0.8130830526351929,"[-0.4698404, 2.1475289, 1.8250681, -1.9047203, 4.5994849, -1.9171121, -1.7867683, 1.3475702, -1.4322085, -0.4720869, -0.5516447, 0.1174721, -2.1332228, -0.7480008]","[0.0051116, 0.0700267, 0.0507249, 0.0012173, 0.8130831, 0.0012023, 0.0013697, 0.0314663, 0.0019526, 0.0051001, 0.0047101, 0.0091965, 0.0009686, 0.0038704]",0.0006934801113819292,False
student_dev,raycast_log,student:29:18503:499,foreign_diagnostic_state,4,turn_right,1.7051980966136473,0.5594709515571594,"[-0.1756479, 0.6151823, -0.0738367, -1.0210925, 2.7982411, -1.0266472, -0.7977387, 1.116883, -0.0665899, -1.1903375, -0.5299924, 0.33297, -0.9588227, 0.3901851]","[0.0285913, 0.0630503, 0.0316556, 0.0122761, 0.559471, 0.0122081, 0.0153484, 0.1041293, 0.0318858, 0.0103648, 0.0200606, 0.0475471, 0.0130649, 0.0503468]",0.07018476033635948,False
student_dev,contact,student:29:18503:7,normal,4,turn_right,0.8946487398325289,0.7854666709899902,"[-0.0812279, 1.9484388, 1.4827081, -1.9197695, 4.450891, -1.9870137, -1.9171706, 1.9860429, -1.6147772, -0.8941619, -0.4753139, 0.466693, -2.1985874, -0.8897308]","[0.0084499, 0.0643171, 0.0403703, 0.001344, 0.7854667, 0.0012566, 0.0013475, 0.0667818, 0.0018232, 0.003748, 0.0056978, 0.0146155, 0.0010169, 0.0037647]",,
student_dev,contact,student:29:18503:7,zero,4,turn_right,1.3675808682267114,0.6609678268432617,"[-0.2307806, 0.8692816, 0.2511984, -0.9181369, 3.3312821, -1.0924757, -1.2357327, 1.4993135, -0.5209222, -1.4259428, -0.1672878, 0.5493072, -1.5153661, -0.2899147]","[0.0187584, 0.0563569, 0.030375, 0.0094337, 0.6609678, 0.0079244, 0.0068667, 0.1058197, 0.0140343, 0.0056773, 0.0199881, 0.0409246, 0.0051917, 0.0176813]",0.02180114223784514,False
student_dev,contact,student:29:18503:7,earlier_same_episode,4,turn_right,1.3675808682267114,0.6609678268432617,"[-0.2307806, 0.8692816, 0.2511984, -0.9181369, 3.3312821, -1.0924757, -1.2357327, 1.4993135, -0.5209222, -1.4259428, -0.1672878, 0.5493072, -1.5153661, -0.2899147]","[0.0187584, 0.0563569, 0.030375, 0.0094337, 0.6609678, 0.0079244, 0.0068667, 0.1058197, 0.0140343, 0.0056773, 0.0199881, 0.0409246, 0.0051917, 0.0176813]",0.02180114223784514,False
student_dev,contact,student:29:18503:7,foreign_diagnostic_state,4,turn_right,1.6950364610521218,0.5394063591957092,"[-0.0119636, 0.6357306, -0.2046674, -0.9153884, 2.7565055, -1.12131, -0.9984185, 1.4239212, -0.3819982, -1.6242955, -0.5991676, 0.5955377, -1.1827084, -0.0455011]","[0.0338521, 0.0646957, 0.0279187, 0.0137162, 0.5394064, 0.0111635, 0.0126233, 0.1422925, 0.023382, 0.0067508, 0.0188177, 0.0621469, 0.0104987, 0.0327356]",0.0552868654749686,False
student_dev,contact,student:29:18503:157,normal,4,turn_right,0.56723427451716,0.8812608122825623,"[-0.3033511, 2.2678187, 1.3716382, -1.4625919, 5.0075412, -1.6813844, -1.7249689, 0.6536832, -1.4760412, 0.0344662, -0.5177581, -0.0712726, -2.1584132, -0.9543923]","[0.0043512, 0.0569191, 0.0232301, 0.0013651, 0.8812608, 0.0010968, 0.0010501, 0.0113305, 0.0013469, 0.0060999, 0.0035115, 0.0054879, 0.0006807, 0.0022692]",,
student_dev,contact,student:29:18503:157,zero,4,turn_right,0.9965270459592823,0.7937548756599426,"[-0.1325858, 1.0165529, -0.2158687, -0.6254479, 3.7965016, -0.9526544, -1.0341965, 0.4207753, -0.361396, -0.4832233, -0.3857612, 0.1482442, -1.2242713, -0.1250567]","[0.0156065, 0.0492459, 0.0143594, 0.0095336, 0.7937549, 0.0068731, 0.0063349, 0.0271411, 0.0124147, 0.0109907, 0.0121158, 0.0206666, 0.0052383, 0.0157244]",0.019445860379190886,False
student_dev,contact,student:29:18503:157,earlier_same_episode,4,turn_right,0.5486487570412281,0.8910444378852844,"[0.0261044, 2.007478, 1.1124172, -1.6036894, 4.9756684, -1.6337649, -1.6338768, 0.7543613, -1.3845865, -0.0984243, -0.5464126, 0.0793321, -1.8280833, -0.6890327]","[0.0063144, 0.0457963, 0.0187116, 0.0012374, 0.8910444, 0.0012008, 0.0012006, 0.01308, 0.0015406, 0.0055751, 0.003562, 0.0066596, 0.0009887, 0.0030885]",0.0006479115800669293,False
student_dev,contact,student:29:18503:157,foreign_diagnostic_state,4,turn_right,1.2181543460213315,0.733214795589447,"[0.0862198, 0.8067271, -0.8164598, -0.6132409, 3.4385061, -0.9658418, -0.8174269, 0.4533821, -0.2282315, -0.7214559, -0.7189744, 0.1932746, -0.8280556, 0.1833641]","[0.0256656, 0.0527551, 0.0104069, 0.012752, 0.7332148, 0.0089629, 0.0103969, 0.0370517, 0.0187408, 0.0114441, 0.0114726, 0.0285657, 0.010287, 0.028284]",0.03847615476362738,False
student_dev,contact,student:29:18503:332,normal,4,turn_right,0.7735298787820976,0.8218799233436584,"[-0.2079725, 2.1570256, 1.5114356, -1.6709477, 4.6740003, -1.986513, -2.0067728, 1.737998, -1.6929044, -0.7777934, -0.528858, 0.3369646, -2.3662791, -1.041652]","[0.0062315, 0.0663285, 0.0347795, 0.0014429, 0.8218799, 0.0010524, 0.0010313, 0.0436233, 0.0014116, 0.0035247, 0.004521, 0.0107463, 0.0007199, 0.0027073]",,
student_dev,contact,student:29:18503:332,zero,4,turn_right,1.2035622896078093,0.7186298966407776,"[-0.1921372, 0.9003649, 0.0950941, -0.9446694, 3.565558, -1.019928, -1.2342792, 1.4053299, -0.5807577, -1.3620111, -0.191229, 0.564566, -1.5597515, -0.3130943]","[0.016771, 0.0500065, 0.0223513, 0.007902, 0.7186299, 0.0073292, 0.0059151, 0.0828572, 0.0113706, 0.0052058, 0.0167862, 0.035743, 0.0042718, 0.0148603]",0.02155958631285125,False
student_dev,contact,student:29:18503:332,earlier_same_episode,4,turn_right,0.6227754944059929,0.8768848180770874,"[0.1362679, 1.4452907, 0.8440101, -1.7070392, 4.7283249, -1.7095987, -1.5916729, 1.301229, -1.1551896, -1.0944835, -0.4495276, 0.6523851, -1.8200094, -0.5871597]","[0.0088846, 0.0328957, 0.0180304, 0.0014064, 0.8768848, 0.0014028, 0.0015783, 0.0284822, 0.0024421, 0.002595, 0.0049457, 0.0148862, 0.0012561, 0.0043098]",0.006035042062794697,False
student_dev,contact,student:29:18503:332,foreign_diagnostic_state,4,turn_right,1.2035622896078093,0.7186298966407776,"[-0.1921372, 0.9003649, 0.0950941, -0.9446694, 3.565558, -1.019928, -1.2342792, 1.4053299, -0.5807577, -1.3620111, -0.191229, 0.564566, -1.5597515, -0.3130943]","[0.016771, 0.0500065, 0.0223513, 0.007902, 0.7186299, 0.0073292, 0.0059151, 0.0828572, 0.0113706, 0.0052058, 0.0167862, 0.035743, 0.0042718, 0.0148603]",0.02155958631285125,False
student_dev,contact,student:29:18503:489,normal,4,turn_right,0.9789268178564222,0.7791604995727539,"[-0.2447005, 1.6066104, 1.3793938, -1.5173156, 4.0562868, -1.9072571, -1.1158439, 0.5956811, -0.478056, -0.6968639, -0.7891549, 0.1733445, -1.2960759, 0.0812795]","[0.0105617, 0.0672583, 0.0535879, 0.0029583, 0.7791605, 0.0020031, 0.0044198, 0.024474, 0.0083635, 0.0067199, 0.0061274, 0.016043, 0.0036908, 0.014632]",,
student_dev,contact,student:29:18503:489,zero,4,turn_right,1.760827027485483,0.5493726134300232,"[-0.4712399, 0.5291797, 0.1571187, -0.7285096, 2.7690275, -1.1461018, -0.5944605, 0.735678, 0.5244725, -1.2510473, -0.4485417, 0.1764867, -0.6764235, 0.6046091]","[0.0215098, 0.0584943, 0.0403208, 0.0166305, 0.5493726, 0.0109534, 0.0190162, 0.0719109, 0.0582196, 0.0098621, 0.0220036, 0.0411094, 0.0175197, 0.0630771]",0.05089281293559235,False
student_dev,contact,student:29:18503:489,earlier_same_episode,4,turn_right,0.9558590545204952,0.7768990397453308,"[-0.332691, 1.8589566, 1.5700024, -1.7646227, 4.1758361, -1.9911093, -1.3189054, 0.892202, -0.6377289, -0.606545, -0.8463843, 0.1374417, -1.396799, -0.1753252]","[0.0085573, 0.0765873, 0.0573674, 0.0020439, 0.776899, 0.0016296, 0.0031917, 0.0291273, 0.0063075, 0.0065073, 0.0051197, 0.0136934, 0.0029526, 0.0100157]",0.0008196822124405331,False
student_dev,contact,student:29:18503:489,foreign_diagnostic_state,4,turn_right,2.052860806359567,0.4189528226852417,"[-0.205511, 0.2969312, -0.3243843, -0.6576952, 2.2352734, -1.152784, -0.4538642, 0.670293, 0.696981, -1.4749211, -0.7196859, 0.1839505, -0.5478508, 0.768243]","[0.0364877, 0.0603051, 0.0323981, 0.0232148, 0.4189528, 0.0141498, 0.0284634, 0.0875997, 0.0899691, 0.0102529, 0.0218194, 0.0538625, 0.0259101, 0.0966144]",0.1033424651643858,False
student_dev,early,student:47:18500:0,normal,10,fine_turn_left,2.5723878541319776,0.1281622052192688,"[0.3017505, -0.241758, 0.1969611, 0.1802415, 0.5646611, -0.1685403, 0.1094928, -0.6515069, -0.3025042, -0.6479794, 0.6421317, -0.0791094, -0.021921, -0.0295966]","[0.0911873, 0.0529531, 0.0821154, 0.0807539, 0.1186083, 0.0569757, 0.0752381, 0.0351512, 0.0498322, 0.0352754, 0.1281622, 0.0623059, 0.0659729, 0.0654685]",,
student_dev,early,student:47:18500:0,zero,10,fine_turn_left,2.5723878541319776,0.1281622052192688,"[0.3017505, -0.241758, 0.1969611, 0.1802415, 0.5646611, -0.1685403, 0.1094928, -0.6515069, -0.3025042, -0.6479794, 0.6421317, -0.0791094, -0.021921, -0.0295966]","[0.0911873, 0.0529531, 0.0821154, 0.0807539, 0.1186083, 0.0569757, 0.0752381, 0.0351512, 0.0498322, 0.0352754, 0.1281622, 0.0623059, 0.0659729, 0.0654685]",0.0,False
student_dev,early,student:47:18500:0,earlier_same_episode,10,fine_turn_left,2.5723878541319776,0.1281622052192688,"[0.3017505, -0.241758, 0.1969611, 0.1802415, 0.5646611, -0.1685403, 0.1094928, -0.6515069, -0.3025042, -0.6479794, 0.6421317, -0.0791094, -0.021921, -0.0295966]","[0.0911873, 0.0529531, 0.0821154, 0.0807539, 0.1186083, 0.0569757, 0.0752381, 0.0351512, 0.0498322, 0.0352754, 0.1281622, 0.0623059, 0.0659729, 0.0654685]",0.0,False
student_dev,early,student:47:18500:0,foreign_diagnostic_state,0,noop,2.563904158833009,0.1265536993741989,"[0.6291367, -0.6630057, -0.4656399, 0.2193053, 0.1052948, -0.1298832, 0.2970243, -0.4843234, -0.1724268, -0.7431904, 0.3905039, 0.0116374, 0.3844995, 0.287217]","[0.1265537, 0.034762, 0.0423467, 0.0840015, 0.0749503, 0.0592429, 0.0907905, 0.0415628, 0.0567754, 0.0320834, 0.0996869, 0.0682493, 0.0990901, 0.0899044]",0.012382585998666111,True
student_dev,early,student:47:18500:55,normal,7,attack,2.0595469527943244,0.4039826989173889,"[0.1407907, 0.9408988, 0.4962826, 0.3582795, 0.3407313, -1.1845301, -1.7982984, 2.1126356, -0.7216914, -0.5571332, 0.1611901, -0.6241337, -0.9809569, -0.9353725]","[0.0562343, 0.1251653, 0.0802398, 0.0698965, 0.0686807, 0.0149425, 0.0080885, 0.4039827, 0.0237372, 0.0279832, 0.0573932, 0.0261697, 0.0183161, 0.0191703]",,
student_dev,early,student:47:18500:55,zero,7,attack,2.075345301498611,0.432748943567276,"[0.3943962, 0.3218222, -0.0642427, 0.0728998, 0.3077766, -0.9731371, -1.1107329, 2.0916998, -0.9270873, -0.7533412, -0.1559094, -0.3430148, -0.481117, -0.4751118]","[0.0792696, 0.0737204, 0.0501097, 0.0574754, 0.0726922, 0.0201927, 0.0175969, 0.4327489, 0.0211443, 0.0251565, 0.0457206, 0.0379187, 0.0330275, 0.0332264]",0.010753511447108273,False
student_dev,early,student:47:18500:55,earlier_same_episode,7,attack,2.058560476099456,0.40542832016944885,"[0.1446842, 0.9260079, 0.5010144, 0.3496965, 0.337611, -1.1783035, -1.7890127, 2.1157386, -0.724364, -0.5602423, 0.1626976, -0.6208736, -0.979419, -0.9292261]","[0.0564802, 0.1233731, 0.0806581, 0.0693317, 0.0684988, 0.0150428, 0.0081677, 0.4054283, 0.023685, 0.0279094, 0.0575068, 0.0262675, 0.0183529, 0.0192976]",5.323081286519463e-06,False
student_dev,early,student:47:18500:55,foreign_diagnostic_state,7,attack,2.1263945073611805,0.4086815416812897,"[0.6975967, -0.0787113, -0.7545062, 0.0590637, -0.182685, -0.8651845, -0.8242663, 1.9724513, -0.7542807, -0.7660596, -0.3955399, -0.2335544, -0.0019435, -0.1678093]","[0.1142149, 0.0525505, 0.0267351, 0.0603131, 0.047361, 0.023934, 0.0249337, 0.4086815, 0.0267412, 0.026428, 0.0382807, 0.0450121, 0.0567435, 0.0480708]",0.0342637556407443,False
student_dev,early,student:47:18500:110,normal,7,attack,2.061599086994268,0.4023466408252716,"[0.1367193, 0.9520851, 0.4873225, 0.3644959, 0.3450654, -1.1886252, -1.8036406, 2.1075723, -0.716603, -0.5567783, 0.1589372, -0.625152, -0.9790843, -0.9389078]","[0.0560622, 0.1267006, 0.079604, 0.0704031, 0.0690484, 0.0148964, 0.0080535, 0.4023466, 0.0238823, 0.0280213, 0.0573217, 0.0261694, 0.0183689, 0.0191219]",,
student_dev,early,student:47:18500:110,zero,7,attack,2.0747472368218816,0.43310239911079407,"[0.3944025, 0.3195983, -0.0655289, 0.0697021, 0.3088362, -0.9719223, -1.1080886, 2.0927947, -0.9267364, -0.7547112, -0.1575208, -0.3416557, -0.4800415, -0.4726767]","[0.079248, 0.0735362, 0.0500314, 0.057276, 0.072749, 0.0202116, 0.0176386, 0.4331024, 0.0211458, 0.0251151, 0.0456343, 0.0379597, 0.0330538, 0.0332982]",0.011026827505684606,False
student_dev,early,student:47:18500:110,earlier_same_episode,7,attack,2.0608428780402583,0.40288296341896057,"[0.137715, 0.9495609, 0.4890894, 0.3624239, 0.344113, -1.1875516, -1.8021091, 2.1092708, -0.7179599, -0.5574088, 0.1590692, -0.624704, -0.979477, -0.9375274]","[0.0560974, 0.1263349, 0.0797155, 0.0702317, 0.0689574, 0.0149069, 0.0080628, 0.402883, 0.0238412, 0.0279933, 0.0573082, 0.0261715, 0.0183549, 0.0191413]",3.2984240198199724e-07,False
student_dev,early,student:47:18500:110,foreign_diagnostic_state,7,attack,2.0747472368218816,0.43310239911079407,"[0.3944025, 0.3195983, -0.0655289, 0.0697021, 0.3088362, -0.9719223, -1.1080886, 2.0927947, -0.9267364, -0.7547112, -0.1575208, -0.3416557, -0.4800415, -0.4726767]","[0.079248, 0.0735362, 0.0500314, 0.057276, 0.072749, 0.0202116, 0.0176386, 0.4331024, 0.0211458, 0.0251151, 0.0456343, 0.0379597, 0.0330538, 0.0332982]",0.011026827505684606,False
student_dev,early,student:47:18500:166,normal,7,attack,2.06273430935567,0.4017793834209442,"[0.1344761, 0.9531212, 0.4839985, 0.3649355, 0.34804, -1.1893835, -1.8036768, 2.1051927, -0.7129638, -0.5549125, 0.156809, -0.6259435, -0.9772606, -0.9393833]","[0.0559908, 0.1269549, 0.0794167, 0.0705023, 0.0693212, 0.0148995, 0.008061, 0.4017794, 0.0239926, 0.0281008, 0.0572553, 0.026174, 0.0184202, 0.0191313]",,
student_dev,early,student:47:18500:166,zero,7,attack,2.0742834747570065,0.4333873689174652,"[0.3939433, 0.317555, -0.0666348, 0.0674638, 0.310158, -0.9707928, -1.1058589, 2.0936396, -0.9258888, -0.7552741, -0.159081, -0.3411201, -0.4792617, -0.4710667]","[0.0791968, 0.0733724, 0.0499667, 0.0571372, 0.0728316, 0.0202307, 0.0176747, 0.4333874, 0.0211598, 0.0250962, 0.0455546, 0.0379729, 0.0330734, 0.0333456]",0.011110600795451744,False
student_dev,early,student:47:18500:166,earlier_same_episode,7,attack,2.062271679259359,0.4020509421825409,"[0.1350576, 0.952501, 0.4844056, 0.3642786, 0.3474653, -1.1889291, -1.8032116, 2.106137, -0.7138574, -0.555872, 0.156997, -0.625504, -0.9776144, -0.9387953]","[0.0560083, 0.1268421, 0.0794277, 0.0704371, 0.0692627, 0.0149023, 0.0080626, 0.4020509, 0.0239648, 0.0280663, 0.0572506, 0.0261785, 0.0184088, 0.0191374]",6.078198200043387e-08,False
student_dev,early,student:47:18500:166,foreign_diagnostic_state,7,attack,2.1358216385867403,0.407084584236145,"[0.658128, -0.0467169, -0.7182466, 0.0258377, -0.1172632, -0.8459587, -0.8197004, 1.9722794, -0.7707732, -0.6562069, -0.422264, -0.2271786, 0.0123582, -0.1470533]","[0.1093845, 0.0540562, 0.0276188, 0.058124, 0.0503742, 0.0243075, 0.0249542, 0.4070846, 0.0262055, 0.0293865, 0.0371319, 0.0451307, 0.0573458, 0.0488956]",0.033377153952870664,False
student_dev,mid,student:47:18500:167,normal,7,attack,2.062745116528501,0.40177562832832336,"[0.1344421, 0.953113, 0.48396, 0.3649308, 0.3480812, -1.1893889, -1.8036691, 2.1051719, -0.7129064, -0.554872, 0.1567697, -0.6259606, -0.9772297, -0.9393811]","[0.0559895, 0.1269553, 0.0794146, 0.0705028, 0.0693248, 0.0148996, 0.0080611, 0.4017756, 0.0239943, 0.0281023, 0.0572537, 0.0261739, 0.018421, 0.0191316]",,
student_dev,mid,student:47:18500:167,zero,7,attack,2.0742722820557264,0.433393657207489,"[0.3939307, 0.3175198, -0.0666505, 0.0674331, 0.3101826, -0.9707785, -1.1058259, 2.0936596, -0.9258686, -0.7552768, -0.1591103, -0.341119, -0.4792503, -0.4710426]","[0.0791953, 0.0733694, 0.0499657, 0.0571352, 0.072833, 0.0202308, 0.0176752, 0.4333937, 0.0211601, 0.025096, 0.045553, 0.0379727, 0.0330736, 0.0333462]",0.011111406805974344,False
student_dev,mid,student:47:18500:167,earlier_same_episode,7,attack,2.0622879354306645,0.4020431935787201,"[0.1350184, 0.9525085, 0.4843593, 0.3642863, 0.3475175, -1.1889439, -1.8032123, 2.1061037, -0.7137907, -0.5558287, 0.1569553, -0.6255256, -0.9775858, -0.9388041]","[0.0560069, 0.1268448, 0.0794252, 0.0704387, 0.0692673, 0.0149022, 0.0080627, 0.4020432, 0.0239667, 0.0280679, 0.0572491, 0.0261783, 0.0184096, 0.0191375]",5.897936426726461e-08,False
student_dev,mid,student:47:18500:167,foreign_diagnostic_state,7,attack,2.095076980763682,0.425000935792923,"[0.6990376, 0.0045636, -0.7028452, -0.1176111, -0.1030483, -0.801389, -0.8429381, 2.0461016, -0.7876872, -0.6682016, -0.4136662, -0.1978927, -0.0194463, -0.154553]","[0.1105013, 0.0551774, 0.027198, 0.0488316, 0.049548, 0.0246457, 0.0236426, 0.4250009, 0.0249857, 0.0281568, 0.0363184, 0.0450646, 0.0538684, 0.0470606]",0.033108636205357984,False
student_dev,mid,student:47:18500:222,normal,7,attack,2.0633304963354595,0.40161293745040894,"[0.1321965, 0.9519657, 0.4822664, 0.3644388, 0.3500564, -1.1890959, -1.8028539, 2.1040323, -0.7097172, -0.5528502, 0.1545562, -0.6265988, -0.9759687, -0.9392709]","[0.055905, 0.1269029, 0.0793385, 0.0705199, 0.0695129, 0.0149149, 0.0080736, 0.4016129, 0.0240886, 0.0281798, 0.0571691, 0.0261764, 0.0184578, 0.0191478]",,
student_dev,mid,student:47:18500:222,zero,7,attack,2.0737800233691934,0.4337070882320404,"[0.3929701, 0.3155539, -0.0676075, 0.0659986, 0.3109078, -0.969687, -1.1038889, 2.094594, -0.9243869, -0.7554755, -0.1605949, -0.3408069, -0.4783959, -0.4696062]","[0.0791026, 0.0732098, 0.0499073, 0.0570412, 0.0728705, 0.0202487, 0.0177057, 0.4337071, 0.021187, 0.0250857, 0.0454758, 0.0379765, 0.0330949, 0.0333871]",0.011149093243168018,False
student_dev,mid,student:47:18500:222,earlier_same_episode,7,attack,2.0630114905732166,0.40178611874580383,"[0.1327112, 0.9518349, 0.4823514, 0.3641642, 0.3495764, -1.1888534, -1.8026283, 2.1046898, -0.7103778, -0.5536641, 0.1547847, -0.6262456, -0.9761014, -0.9387762]","[0.0559211, 0.1268576, 0.0793272, 0.0704846, 0.0694639, 0.0149151, 0.0080736, 0.4017861, 0.0240673, 0.0281505, 0.0571692, 0.0261797, 0.0184512, 0.0191529]",2.5384213868173423e-08,False
student_dev,mid,student:47:18500:222,foreign_diagnostic_state,7,attack,2.111004883714937,0.4206814765930176,"[0.6452248, -0.0044725, -0.6697419, -0.08042, -0.059818, -0.7804328, -0.8331121, 2.0340211, -0.7889053, -0.611201, -0.4028837, -0.1793202, -0.0208202, -0.132908]","[0.1049076, 0.0547831, 0.0281659, 0.0507766, 0.0518335, 0.0252146, 0.0239207, 0.4206815, 0.0250018, 0.029864, 0.0367806, 0.0459951, 0.0538948, 0.0481801]",0.03205417889490187,False
student_dev,mid,student:47:18500:277,normal,7,attack,2.0636300609756497,0.40153759717941284,"[0.1297304, 0.9513699, 0.4812406, 0.3639328, 0.3516437, -1.1887385, -1.8020016, 2.1033375, -0.7073705, -0.5513569, 0.15266, -0.627126, -0.9755038, -0.9395795]","[0.0557955, 0.1268917, 0.0792973, 0.07052, 0.0696587, 0.0149278, 0.0080846, 0.4015376, 0.0241575, 0.0282363, 0.0570897, 0.0261759, 0.0184758, 0.0191516]",,
student_dev,mid,student:47:18500:277,zero,7,attack,2.07334956972579,0.4339781403541565,"[0.3915824, 0.3141783, -0.0683771, 0.0651698, 0.3114717, -0.9685972, -1.1021491, 2.0953712, -0.923552, -0.7558027, -0.161662, -0.3404702, -0.4781247, -0.4685694]","[0.0789808, 0.073098, 0.0498613, 0.0569853, 0.0729004, 0.0202676, 0.0177338, 0.4339781, 0.0212015, 0.0250737, 0.0454204, 0.0379835, 0.0330988, 0.0334166]",0.011182000364048126,False
student_dev,mid,student:47:18500:277,earlier_same_episode,7,attack,2.063390403769044,0.40167173743247986,"[0.1301783, 0.9512348, 0.4812557, 0.3637847, 0.351229, -1.1884841, -1.8018152, 2.103847, -0.7079645, -0.5520551, 0.1529003, -0.6268022, -0.9755847, -0.9390896]","[0.0558108, 0.1268522, 0.0792846, 0.0704972, 0.0696176, 0.014929, 0.0080847, 0.4016717, 0.0241389, 0.0282116, 0.0570934, 0.0261797, 0.018471, 0.0191576]",1.6841728050597042e-08,False
student_dev,mid,student:47:18500:277,foreign_diagnostic_state,7,attack,2.095313031876202,0.42895644903182983,"[0.6332156, 0.0373134, -0.6279859, -0.1616807, -0.0083876, -0.7272492, -0.830232, 2.0738606, -0.8239512, -0.5627943, -0.4015307, -0.1562502, -0.0503734, -0.1166126]","[0.1015662, 0.0559696, 0.0287751, 0.0458701, 0.0534693, 0.0260559, 0.0235062, 0.4289564, 0.0236543, 0.0307134, 0.0360881, 0.0461199, 0.0512708, 0.0479847]",0.031207996736854978,False
student_dev,mid,student:47:18500:333,normal,7,attack,2.0638819338865018,0.40148600935935974,"[0.1271747, 0.9507028, 0.4803356, 0.3634225, 0.3533332, -1.1883265, -1.8010759, 2.1027324, -0.7050756, -0.5498531, 0.1507065, -0.6277096, -0.9751923, -0.939959]","[0.0556797, 0.1268675, 0.0792634, 0.0705176, 0.0698097, 0.0149411, 0.008096, 0.401486, 0.0242245, 0.0282922, 0.0570054, 0.0261731, 0.0184903, 0.0191534]",,
student_dev,mid,student:47:18500:333,zero,7,attack,2.0729141647245406,0.43425166606903076,"[0.3901554, 0.3127979, -0.0691535, 0.0643486, 0.3120418, -0.9674864, -1.1003824, 2.0961549, -0.9227272, -0.7561396, -0.1627333, -0.3401257, -0.4778679, -0.4675274]","[0.0788561, 0.072986, 0.049815, 0.0569297, 0.0729308, 0.0202871, 0.0177625, 0.4342517, 0.0212157, 0.0250614, 0.0453648, 0.0379908, 0.0331023, 0.0334463]",0.011214953548451482,False
student_dev,mid,student:47:18500:333,earlier_same_episode,7,attack,2.0636769743264676,0.40160539746284485,"[0.1276575, 0.9505889, 0.4802789, 0.3632509, 0.352849, -1.1880945, -1.8009156, 2.1031787, -0.7056285, -0.5505262, 0.1509705, -0.6273502, -0.9751606, -0.9394042]","[0.0556983, 0.1268341, 0.0792471, 0.070495, 0.0697655, 0.0149423, 0.008096, 0.4016054, 0.0242075, 0.028269, 0.057012, 0.0261786, 0.0184882, 0.0191612]",1.569255870417006e-08,False
student_dev,mid,student:47:18500:333,foreign_diagnostic_state,7,attack,2.0698646182376197,0.4329831600189209,"[0.79678, -0.0946122, -0.7263339, -0.1647604, -0.0953105, -0.7373068, -0.7958317, 2.1019225, -0.8144509, -0.7200377, -0.3390949, -0.1114317, -0.008922, -0.1183671]","[0.1173964, 0.0481424, 0.0255962, 0.0448811, 0.0481088, 0.0253168, 0.0238777, 0.4329832, 0.0234372, 0.0257578, 0.0377008, 0.0473395, 0.0524497, 0.0470123]",0.037286344780194575,False
student_dev,late,student:47:18500:334,normal,7,attack,2.063885588289134,0.4014853239059448,"[0.1271281, 0.9506909, 0.480321, 0.3634143, 0.3533654, -1.1883186, -1.8010587, 2.1027229, -0.7050357, -0.5498274, 0.150671, -0.6277211, -0.97519, -0.9399679]","[0.0556775, 0.126867, 0.0792628, 0.0705176, 0.0698125, 0.0149413, 0.0080962, 0.4014853, 0.0242257, 0.0282932, 0.0570039, 0.026173, 0.0184905, 0.0191534]",,
student_dev,late,student:47:18500:334,zero,7,attack,2.072906321348295,0.4342564344406128,"[0.3901299, 0.3127732, -0.0691674, 0.0643339, 0.3120519, -0.9674666, -1.1003509, 2.0961688, -0.9227123, -0.7561458, -0.1627524, -0.3401195, -0.4778633, -0.4675088]","[0.0788539, 0.072984, 0.0498141, 0.0569287, 0.0729313, 0.0202874, 0.017763, 0.4342564, 0.021216, 0.0250612, 0.0453638, 0.0379909, 0.0331023, 0.0334469]",0.011215561338707042,False
student_dev,late,student:47:18500:334,earlier_same_episode,7,attack,2.063680399684342,0.4016047418117523,"[0.1276107, 0.9505762, 0.4802647, 0.3632428, 0.3528812, -1.1880865, -1.8008983, 2.1031694, -0.7055884, -0.5504997, 0.1509349, -0.6273617, -0.9751579, -0.939413]","[0.0556961, 0.1268335, 0.0792465, 0.070495, 0.0697683, 0.0149425, 0.0080962, 0.4016047, 0.0242087, 0.0282699, 0.0570104, 0.0261785, 0.0184884, 0.0191612]",1.5695953505324132e-08,False
student_dev,late,student:47:18500:334,foreign_diagnostic_state,7,attack,2.089530999401472,0.42979341745376587,"[0.6847416, 0.0612667, -0.6331882, -0.1583228, -0.0188516, -0.6802417, -0.8100933, 2.0935833, -0.8848153, -0.5733806, -0.3715571, -0.1047325, -0.0681908, -0.1048128]","[0.1050528, 0.0563165, 0.0281215, 0.0452136, 0.0519806, 0.0268289, 0.0235618, 0.4297934, 0.0218654, 0.0298546, 0.0365311, 0.0477027, 0.0494781, 0.0476989]",0.03186357121452439,False
student_dev,late,student:47:18500:389,normal,7,attack,2.0637876165698295,0.4015232026576996,"[0.1243568, 0.9506517, 0.4801896, 0.3628875, 0.3559724, -1.1885246, -1.8008336, 2.1027005, -0.7034308, -0.5483999, 0.1489056, -0.6287824, -0.9755833, -0.9413036]","[0.0555299, 0.1268768, 0.0792617, 0.0704887, 0.0700029, 0.01494, 0.0080989, 0.4015232, 0.0242674, 0.0283369, 0.05691, 0.0261483, 0.0184854, 0.0191301]",,
student_dev,late,student:47:18500:389,zero,7,attack,2.0720912647276313,0.43465757369995117,"[0.3885558, 0.3119845, -0.0693593, 0.0634225, 0.3134229, -0.9670656, -1.0995122, 2.0974858, -0.9224981, -0.7564547, -0.1636407, -0.3402258, -0.4782419, -0.4674667]","[0.0786989, 0.0728977, 0.049785, 0.0568545, 0.0730026, 0.0202875, 0.0177709, 0.4346576, 0.0212122, 0.0250436, 0.0453057, 0.0379719, 0.0330768, 0.0334351]",0.011247388777191725,False
student_dev,late,student:47:18500:389,earlier_same_episode,7,attack,2.06358333697348,0.40164268016815186,"[0.1248409, 0.950524, 0.4801449, 0.3627105, 0.3554853, -1.1882885, -1.8006679, 2.1031458, -0.7039838, -0.5490664, 0.14917, -0.6284244, -0.9755533, -0.9407448]","[0.0555486, 0.1268419, 0.0792464, 0.0704658, 0.0699585, 0.0149413, 0.0080991, 0.4016427, 0.0242504, 0.0283138, 0.0569166, 0.0261537, 0.0184832, 0.0191379]",1.5781788481893905e-08,False
student_dev,late,student:47:18500:389,foreign_diagnostic_state,7,attack,2.121495790785276,0.41047507524490356,"[0.7485356, -0.0628334, -0.7419671, -0.0340345, -0.1192282, -0.7972079, -0.8004704, 2.0037756, -0.7859523, -0.6970001, -0.3874218, -0.1635775, 0.0072773, -0.1274689]","[0.1169885, 0.0519721, 0.0263527, 0.0534906, 0.0491222, 0.0249365, 0.0248553, 0.4104751, 0.0252187, 0.0275648, 0.0375667, 0.0469913, 0.0557466, 0.0487191]",0.03575848995036825,False
student_dev,late,student:47:18500:444,normal,7,attack,2.0636779929312103,0.4015238285064697,"[0.1215345, 0.9507812, 0.4803952, 0.3631375, 0.3582504, -1.1888397, -1.8009329, 2.1026495, -0.7027596, -0.5472294, 0.1479228, -0.6293768, -0.9767853, -0.9431947]","[0.0553763, 0.1268999, 0.0792821, 0.07051, 0.0701663, 0.0149361, 0.0080985, 0.4015238, 0.024285, 0.0283716, 0.0568571, 0.0261341, 0.0184642, 0.0190949]",,
student_dev,late,student:47:18500:444,zero,7,attack,2.0712363256835036,0.43505486845970154,"[0.3870004, 0.3114634, -0.0693218, 0.063307, 0.3144569, -0.9668725, -1.0991625, 2.0988276, -0.923318, -0.7568157, -0.1638665, -0.3397814, -0.4794533, -0.4679475]","[0.0785429, 0.0728285, 0.0497655, 0.0568236, 0.0730469, 0.0202828, 0.0177695, 0.4350549, 0.0211857, 0.0250238, 0.045276, 0.0379725, 0.0330226, 0.0334047]",0.011279356882465518,False
student_dev,late,student:47:18500:444,earlier_same_episode,7,attack,2.0634969715319347,0.4016316831111908,"[0.1219669, 0.9506616, 0.4803474, 0.3629806, 0.3577987, -1.1886647, -1.8007914, 2.1030483, -0.7032227, -0.5477723, 0.1481227, -0.6290476, -0.976717, -0.94269]","[0.055393, 0.1268682, 0.079268, 0.0704898, 0.0701255, 0.0149367, 0.0080986, 0.4016317, 0.0242706, 0.0283525, 0.056861, 0.0261393, 0.018463, 0.0191021]",1.2439539380011848e-08,False
student_dev,late,student:47:18500:444,foreign_diagnostic_state,7,attack,2.129383857880158,0.40780109167099,"[0.717482, -0.046817, -0.7510885, -0.011354, -0.1250944, -0.8191156, -0.8096188, 1.9854478, -0.7679452, -0.6873566, -0.4024359, -0.1888046, 0.0073121, -0.1369773]","[0.1147566, 0.0534376, 0.0264232, 0.0553667, 0.0494142, 0.0246855, 0.0249211, 0.4078011, 0.0259815, 0.028162, 0.0374459, 0.0463642, 0.0564099, 0.0488305]",0.034992977857359255,False
student_dev,late,student:47:18500:499,normal,7,attack,2.0638431517716906,0.40136197209358215,"[0.1184581, 0.9511219, 0.4803545, 0.3641447, 0.359768, -1.1885711, -1.8006691, 2.1019406, -0.7031171, -0.5465461, 0.1477702, -0.6293082, -0.9786851, -0.9454637]","[0.0552231, 0.1269819, 0.0793031, 0.0706027, 0.0702943, 0.0149446, 0.0081032, 0.401362, 0.0242837, 0.0283997, 0.0568657, 0.0261439, 0.0184348, 0.0190575]",,
student_dev,late,student:47:18500:499,zero,7,attack,2.070875365626994,0.435234010219574,"[0.3851469, 0.3111443, -0.0697476, 0.0642086, 0.3146781, -0.9661104, -1.0985256, 2.0992548, -0.9250292, -0.7571887, -0.1635135, -0.3386584, -0.481223, -0.468825]","[0.0783962, 0.0728042, 0.0497436, 0.056874, 0.0730619, 0.0202979, 0.0177805, 0.435234, 0.0211492, 0.0250141, 0.0452913, 0.0380146, 0.0329637, 0.0333749]",0.011314031166987962,False
student_dev,late,student:47:18500:499,earlier_same_episode,7,attack,2.06369021273922,0.40145793557167053,"[0.1188697, 0.9509642, 0.4802949, 0.3640076, 0.3593447, -1.1883808, -1.8005461, 2.1022847, -0.7035433, -0.5470257, 0.1479166, -0.6289736, -0.9785945, -0.9449695]","[0.05524, 0.1269486, 0.0792901, 0.0705856, 0.0702572, 0.0149459, 0.0081033, 0.4014579, 0.0242708, 0.0283831, 0.0568681, 0.0261499, 0.0184345, 0.0190649]",1.0477098689842776e-08,False
student_dev,late,student:47:18500:499,foreign_diagnostic_state,7,attack,2.1296510852079753,0.40804970264434814,"[0.7035, -0.109427, -0.7782818, 0.0211073, -0.1603895, -0.8270237, -0.7704757, 1.979854, -0.7651236, -0.6947518, -0.4185324, -0.2012439, 0.0232253, -0.1142383]","[0.1138674, 0.0505068, 0.0258744, 0.0575493, 0.0479973, 0.0246435, 0.0260771, 0.4080497, 0.0262171, 0.0281285, 0.0370772, 0.0460759, 0.0576713, 0.0502644]",0.03672053811742683,False
student_dev,raycast_log,student:47:18500:0,normal,10,fine_turn_left,2.5723878541319776,0.1281622052192688,"[0.3017505, -0.241758, 0.1969611, 0.1802415, 0.5646611, -0.1685403, 0.1094928, -0.6515069, -0.3025042, -0.6479794, 0.6421317, -0.0791094, -0.021921, -0.0295966]","[0.0911873, 0.0529531, 0.0821154, 0.0807539, 0.1186083, 0.0569757, 0.0752381, 0.0351512, 0.0498322, 0.0352754, 0.1281622, 0.0623059, 0.0659729, 0.0654685]",,
student_dev,raycast_log,student:47:18500:0,zero,10,fine_turn_left,2.5723878541319776,0.1281622052192688,"[0.3017505, -0.241758, 0.1969611, 0.1802415, 0.5646611, -0.1685403, 0.1094928, -0.6515069, -0.3025042, -0.6479794, 0.6421317, -0.0791094, -0.021921, -0.0295966]","[0.0911873, 0.0529531, 0.0821154, 0.0807539, 0.1186083, 0.0569757, 0.0752381, 0.0351512, 0.0498322, 0.0352754, 0.1281622, 0.0623059, 0.0659729, 0.0654685]",0.0,False
student_dev,raycast_log,student:47:18500:0,earlier_same_episode,10,fine_turn_left,2.5723878541319776,0.1281622052192688,"[0.3017505, -0.241758, 0.1969611, 0.1802415, 0.5646611, -0.1685403, 0.1094928, -0.6515069, -0.3025042, -0.6479794, 0.6421317, -0.0791094, -0.021921, -0.0295966]","[0.0911873, 0.0529531, 0.0821154, 0.0807539, 0.1186083, 0.0569757, 0.0752381, 0.0351512, 0.0498322, 0.0352754, 0.1281622, 0.0623059, 0.0659729, 0.0654685]",0.0,False
student_dev,raycast_log,student:47:18500:0,foreign_diagnostic_state,0,noop,2.5648753251045626,0.12975746393203735,"[0.6593506, -0.6625052, -0.4937003, 0.1756488, 0.1571225, -0.1763926, 0.2927698, -0.4334891, -0.1419762, -0.6549696, 0.3063273, -0.0085964, 0.4190246, 0.3332012]","[0.1297575, 0.0345985, 0.0409608, 0.0799951, 0.0785267, 0.0562566, 0.0899349, 0.0435029, 0.0582265, 0.0348602, 0.0911625, 0.0665345, 0.1020376, 0.0936456]",0.013742781415839449,True
student_dev,raycast_log,student:47:18500:3,normal,7,attack,2.1891896718763113,0.3540903329849243,"[-0.0745094, 0.6273002, 0.3571054, 0.5528522, 0.324527, -1.0418214, -1.5847993, 1.8410567, -0.6804073, -0.4338263, 0.033791, -0.6626184, -0.7986147, -0.8339483]","[0.0521428, 0.1051929, 0.0802864, 0.0976459, 0.077713, 0.0198197, 0.0115155, 0.3540903, 0.0284483, 0.0364037, 0.058107, 0.0289589, 0.0252766, 0.0243991]",,
student_dev,raycast_log,student:47:18500:3,zero,7,attack,2.072821669542288,0.4339377284049988,"[0.386275, 0.3230141, -0.0604332, 0.072769, 0.3136232, -0.9712476, -1.1124823, 2.0963166, -0.9316677, -0.7442803, -0.1589623, -0.340477, -0.488369, -0.4763815]","[0.0784812, 0.0736702, 0.0502068, 0.0573604, 0.0729816, 0.020193, 0.0175333, 0.4339377, 0.0210083, 0.025338, 0.0454959, 0.0379439, 0.0327275, 0.0331222]",0.011546554850707247,False
student_dev,raycast_log,student:47:18500:3,earlier_same_episode,7,attack,2.072821669542288,0.4339377284049988,"[0.386275, 0.3230141, -0.0604332, 0.072769, 0.3136232, -0.9712476, -1.1124823, 2.0963166, -0.9316677, -0.7442803, -0.1589623, -0.340477, -0.488369, -0.4763815]","[0.0784812, 0.0736702, 0.0502068, 0.0573604, 0.0729816, 0.020193, 0.0175333, 0.4339377, 0.0210083, 0.025338, 0.0454959, 0.0379439, 0.0327275, 0.0331222]",0.011546554850707247,False
student_dev,raycast_log,student:47:18500:3,foreign_diagnostic_state,7,attack,2.1281445130031154,0.40973371267318726,"[0.6643749, -0.08446, -0.7420801, 0.0867324, -0.1524467, -0.8748567, -0.8117901, 1.9792079, -0.759093, -0.6620735, -0.4443547, -0.2449962, 0.013122, -0.1553941]","[0.1100214, 0.052031, 0.0269564, 0.0617462, 0.0486112, 0.0236046, 0.0251412, 0.4097337, 0.0265016, 0.0292017, 0.0363046, 0.0443141, 0.0573643, 0.0484681]",0.030441795039940114,False
student_dev,raycast_log,student:47:18500:6,normal,7,attack,2.1109317764173294,0.3868938386440277,"[0.0419837, 0.7858726, 0.4866694, 0.4076891, 0.3749411, -1.1375126, -1.7530849, 2.0192349, -0.6901897, -0.4460428, 0.1262255, -0.6386911, -0.885408, -0.9066641]","[0.0535652, 0.1127066, 0.0835617, 0.0772158, 0.0747281, 0.0164677, 0.008898, 0.3868938, 0.0257575, 0.0328803, 0.0582731, 0.0271187, 0.0211895, 0.0207439]",,
student_dev,raycast_log,student:47:18500:6,zero,7,attack,2.0742685964850094,0.43328383564949036,"[0.3869855, 0.3226867, -0.0620681, 0.0722129, 0.314084, -0.9697499, -1.1118506, 2.093703, -0.9304366, -0.7454684, -0.1578183, -0.3407382, -0.4872449, -0.4775835]","[0.0786239, 0.0737276, 0.0501803, 0.0573919, 0.073096, 0.0202457, 0.0175638, 0.4332838, 0.0210574, 0.0253359, 0.0455984, 0.0379759, 0.0328005, 0.033119]",0.010117999476486485,False
student_dev,raycast_log,student:47:18500:6,earlier_same_episode,7,attack,2.0742685964850094,0.43328383564949036,"[0.3869855, 0.3226867, -0.0620681, 0.0722129, 0.314084, -0.9697499, -1.1118506, 2.093703, -0.9304366, -0.7454684, -0.1578183, -0.3407382, -0.4872449, -0.4775835]","[0.0786239, 0.0737276, 0.0501803, 0.0573919, 0.073096, 0.0202457, 0.0175638, 0.4332838, 0.0210574, 0.0253359, 0.0455984, 0.0379759, 0.0328005, 0.033119]",0.010117999476486485,False
student_dev,raycast_log,student:47:18500:6,foreign_diagnostic_state,7,attack,2.15890565155776,0.3991706073284149,"[0.5945052, -0.0947201, -0.7370253, 0.050016, -0.0873977, -0.8225368, -0.7767205, 1.9325794, -0.7515508, -0.604427, -0.4399319, -0.2377371, 0.0171115, -0.1485694]","[0.1047226, 0.052567, 0.0276544, 0.0607536, 0.0529534, 0.0253879, 0.0265781, 0.3991706, 0.0272556, 0.0315755, 0.0372212, 0.0455619, 0.058787, 0.0498112]",0.03147276527087771,False
student_dev,raycast_log,student:47:18500:9,normal,7,attack,2.0825551929119874,0.39849597215652466,"[0.1002187, 0.8440276, 0.4989193, 0.3643978, 0.3614176, -1.1538821, -1.7648382, 2.0761163, -0.7021638, -0.5013927, 0.1486324, -0.6200461, -0.9242393, -0.9175393]","[0.0552462, 0.1162344, 0.0823106, 0.0719505, 0.0717364, 0.0157635, 0.0085569, 0.398496, 0.0247646, 0.0302709, 0.0579867, 0.0268841, 0.0198329, 0.0199662]",,
student_dev,raycast_log,student:47:18500:9,zero,7,attack,2.076921307449024,0.43216410279273987,"[0.3873785, 0.3209485, -0.0630136, 0.0707864, 0.3137877, -0.9663329, -1.1091897, 2.0891583, -0.9297792, -0.7455007, -0.1565225, -0.340096, -0.4853764, -0.4780793]","[0.0788089, 0.0737437, 0.0502311, 0.0574223, 0.0732175, 0.0203547, 0.0176451, 0.4321641, 0.0211126, 0.0253847, 0.0457469, 0.0380747, 0.0329263, 0.0331674]",0.009778043251172,False
student_dev,raycast_log,student:47:18500:9,earlier_same_episode,7,attack,2.076921307449024,0.43216410279273987,"[0.3873785, 0.3209485, -0.0630136, 0.0707864, 0.3137877, -0.9663329, -1.1091897, 2.0891583, -0.9297792, -0.7455007, -0.1565225, -0.340096, -0.4853764, -0.4780793]","[0.0788089, 0.0737437, 0.0502311, 0.0574223, 0.0732175, 0.0203547, 0.0176451, 0.4321641, 0.0211126, 0.0253847, 0.0457469, 0.0380747, 0.0329263, 0.0331674]",0.009778043251172,False
student_dev,raycast_log,student:47:18500:9,foreign_diagnostic_state,7,attack,2.13399051119633,0.4083447754383087,"[0.6471817, -0.0471063, -0.7322753, 0.0322167, -0.1214066, -0.84952, -0.8222777, 1.9752916, -0.7545291, -0.6367078, -0.4401668, -0.2360977, 0.0185375, -0.1475987]","[0.1082022, 0.0540394, 0.0272361, 0.0585006, 0.0501698, 0.0242229, 0.0248919, 0.4083448, 0.0266367, 0.0299675, 0.036476, 0.0447335, 0.0577058, 0.0488728]",0.03163425745676021,False
student_dev,contact,student:47:18500:0,normal,10,fine_turn_left,2.5723878541319776,0.1281622052192688,"[0.3017505, -0.241758, 0.1969611, 0.1802415, 0.5646611, -0.1685403, 0.1094928, -0.6515069, -0.3025042, -0.6479794, 0.6421317, -0.0791094, -0.021921, -0.0295966]","[0.0911873, 0.0529531, 0.0821154, 0.0807539, 0.1186083, 0.0569757, 0.0752381, 0.0351512, 0.0498322, 0.0352754, 0.1281622, 0.0623059, 0.0659729, 0.0654685]",,
student_dev,contact,student:47:18500:0,zero,10,fine_turn_left,2.5723878541319776,0.1281622052192688,"[0.3017505, -0.241758, 0.1969611, 0.1802415, 0.5646611, -0.1685403, 0.1094928, -0.6515069, -0.3025042, -0.6479794, 0.6421317, -0.0791094, -0.021921, -0.0295966]","[0.0911873, 0.0529531, 0.0821154, 0.0807539, 0.1186083, 0.0569757, 0.0752381, 0.0351512, 0.0498322, 0.0352754, 0.1281622, 0.0623059, 0.0659729, 0.0654685]",0.0,False
student_dev,contact,student:47:18500:0,earlier_same_episode,10,fine_turn_left,2.5723878541319776,0.1281622052192688,"[0.3017505, -0.241758, 0.1969611, 0.1802415, 0.5646611, -0.1685403, 0.1094928, -0.6515069, -0.3025042, -0.6479794, 0.6421317, -0.0791094, -0.021921, -0.0295966]","[0.0911873, 0.0529531, 0.0821154, 0.0807539, 0.1186083, 0.0569757, 0.0752381, 0.0351512, 0.0498322, 0.0352754, 0.1281622, 0.0623059, 0.0659729, 0.0654685]",0.0,False
student_dev,contact,student:47:18500:0,foreign_diagnostic_state,0,noop,2.5715539402573038,0.12046757340431213,"[0.5749279, -0.6394351, -0.485469, 0.2214157, 0.1554548, -0.1862752, 0.2859401, -0.4429714, -0.1289628, -0.6144663, 0.3035251, -0.0478681, 0.4296764, 0.2979386]","[0.1204676, 0.0357667, 0.0417201, 0.0845944, 0.0791946, 0.0562709, 0.0902328, 0.0435314, 0.0595901, 0.036671, 0.0918336, 0.0646239, 0.1041809, 0.091322]",0.012748314593049186,True
student_dev,contact,student:47:18500:166,normal,7,attack,2.06273430935567,0.4017793834209442,"[0.1344761, 0.9531212, 0.4839985, 0.3649355, 0.34804, -1.1893835, -1.8036768, 2.1051927, -0.7129638, -0.5549125, 0.156809, -0.6259435, -0.9772606, -0.9393833]","[0.0559908, 0.1269549, 0.0794167, 0.0705023, 0.0693212, 0.0148995, 0.008061, 0.4017794, 0.0239926, 0.0281008, 0.0572553, 0.026174, 0.0184202, 0.0191313]",,
student_dev,contact,student:47:18500:166,zero,7,attack,2.0742834747570065,0.4333873689174652,"[0.3939433, 0.317555, -0.0666348, 0.0674638, 0.310158, -0.9707928, -1.1058589, 2.0936396, -0.9258888, -0.7552741, -0.159081, -0.3411201, -0.4792617, -0.4710667]","[0.0791968, 0.0733724, 0.0499667, 0.0571372, 0.0728316, 0.0202307, 0.0176747, 0.4333874, 0.0211598, 0.0250962, 0.0455546, 0.0379729, 0.0330734, 0.0333456]",0.011110600795451744,False
student_dev,contact,student:47:18500:166,earlier_same_episode,7,attack,2.062271679259359,0.4020509421825409,"[0.1350576, 0.952501, 0.4844056, 0.3642786, 0.3474653, -1.1889291, -1.8032116, 2.106137, -0.7138574, -0.555872, 0.156997, -0.625504, -0.9776144, -0.9387953]","[0.0560083, 0.1268421, 0.0794277, 0.0704371, 0.0692627, 0.0149023, 0.0080626, 0.4020509, 0.0239648, 0.0280663, 0.0572506, 0.0261785, 0.0184088, 0.0191374]",6.078198200043387e-08,False
student_dev,contact,student:47:18500:166,foreign_diagnostic_state,7,attack,2.1358680293723427,0.4067763686180115,"[0.6627012, -0.0407135, -0.7188944, 0.0319503, -0.1250548, -0.8440629, -0.824011, 1.97252, -0.7717609, -0.6590652, -0.4224487, -0.2274895, 0.0149115, -0.1435551]","[0.1097763, 0.0543275, 0.0275733, 0.0584221, 0.0499333, 0.0243293, 0.0248221, 0.4067764, 0.0261535, 0.0292734, 0.037088, 0.0450717, 0.0574351, 0.049018]",0.033412005506194796,False
student_dev,contact,student:47:18500:332,normal,7,attack,2.0638785261146477,0.4014866054058075,"[0.1272213, 0.9507149, 0.4803501, 0.3634308, 0.353301, -1.1883343, -1.8010932, 2.1027415, -0.7051155, -0.5498788, 0.1507419, -0.6276983, -0.9751947, -0.9399502]","[0.0556818, 0.126868, 0.0792639, 0.0705177, 0.069807, 0.0149408, 0.0080958, 0.4014866, 0.0242234, 0.0282913, 0.057007, 0.0261732, 0.0184901, 0.0191534]",,
student_dev,contact,student:47:18500:332,zero,7,attack,2.0729219473350495,0.43424686789512634,"[0.3901809, 0.3128225, -0.0691397, 0.0643633, 0.3120316, -0.9675063, -1.100414, 2.0961411, -0.9227418, -0.7561337, -0.1627142, -0.3401318, -0.4778725, -0.467546]","[0.0788583, 0.072988, 0.0498158, 0.0569307, 0.0729303, 0.0202867, 0.0177619, 0.4342469, 0.0212155, 0.0250616, 0.0453658, 0.0379907, 0.0331022, 0.0334458]",0.011214349717029828,False
student_dev,contact,student:47:18500:332,earlier_same_episode,7,attack,2.0636729673574004,0.4016060531139374,"[0.1277045, 0.9506015, 0.4802931, 0.363259, 0.3528166, -1.1881025, -1.8009325, 2.1031885, -0.7056685, -0.5505528, 0.1510061, -0.6273385, -0.9751632, -0.9393956]","[0.0557004, 0.1268347, 0.0792475, 0.070495, 0.0697627, 0.0149421, 0.0080958, 0.4016061, 0.0242063, 0.028268, 0.0570136, 0.0261787, 0.018488, 0.0191612]",1.5715931093511585e-08,False
student_dev,contact,student:47:18500:332,foreign_diagnostic_state,7,attack,2.0729219473350495,0.43424686789512634,"[0.3901809, 0.3128225, -0.0691397, 0.0643633, 0.3120316, -0.9675063, -1.100414, 2.0961411, -0.9227418, -0.7561337, -0.1627142, -0.3401318, -0.4778725, -0.467546]","[0.0788583, 0.072988, 0.0498158, 0.0569307, 0.0729303, 0.0202867, 0.0177619, 0.4342469, 0.0212155, 0.0250616, 0.0453658, 0.0379907, 0.0331022, 0.0334458]",0.011214349717029828,False
student_dev,contact,student:47:18500:499,normal,7,attack,2.0638431517716906,0.40136197209358215,"[0.1184581, 0.9511219, 0.4803545, 0.3641447, 0.359768, -1.1885711, -1.8006691, 2.1019406, -0.7031171, -0.5465461, 0.1477702, -0.6293082, -0.9786851, -0.9454637]","[0.0552231, 0.1269819, 0.0793031, 0.0706027, 0.0702943, 0.0149446, 0.0081032, 0.401362, 0.0242837, 0.0283997, 0.0568657, 0.0261439, 0.0184348, 0.0190575]",,
student_dev,contact,student:47:18500:499,zero,7,attack,2.070875365626994,0.435234010219574,"[0.3851469, 0.3111443, -0.0697476, 0.0642086, 0.3146781, -0.9661104, -1.0985256, 2.0992548, -0.9250292, -0.7571887, -0.1635135, -0.3386584, -0.481223, -0.468825]","[0.0783962, 0.0728042, 0.0497436, 0.056874, 0.0730619, 0.0202979, 0.0177805, 0.435234, 0.0211492, 0.0250141, 0.0452913, 0.0380146, 0.0329637, 0.0333749]",0.011314031166987962,False
student_dev,contact,student:47:18500:499,earlier_same_episode,7,attack,2.06369021273922,0.40145793557167053,"[0.1188697, 0.9509642, 0.4802949, 0.3640076, 0.3593447, -1.1883808, -1.8005461, 2.1022847, -0.7035433, -0.5470257, 0.1479166, -0.6289736, -0.9785945, -0.9449695]","[0.05524, 0.1269486, 0.0792901, 0.0705856, 0.0702572, 0.0149459, 0.0081033, 0.4014579, 0.0242708, 0.0283831, 0.0568681, 0.0261499, 0.0184345, 0.0190649]",1.0477098689842776e-08,False
student_dev,contact,student:47:18500:499,foreign_diagnostic_state,7,attack,2.10820309062765,0.4222632348537445,"[0.6384413, -0.0086113, -0.6709392, -0.082175, -0.0568623, -0.7770596, -0.8295289, 2.0388498, -0.7897384, -0.6135379, -0.405364, -0.1765927, -0.023762, -0.1331503]","[0.1040863, 0.0544982, 0.028102, 0.050633, 0.051931, 0.0252726, 0.0239807, 0.4222632, 0.0249542, 0.0297623, 0.0366501, 0.0460711, 0.0536787, 0.0481167]",0.032233234481891596,False
student_dev,early,student:47:18501:0,normal,4,turn_right,2.5457155047935154,0.1326519250869751,"[0.1335623, -0.3167057, 0.280465, 0.4193316, 0.7300426, -0.1915931, 0.1202417, -0.9847449, -0.0088983, -0.9697846, 0.5917185, -0.1959683, 0.3514467, 0.0997695]","[0.0730576, 0.0465711, 0.0846183, 0.097224, 0.1326519, 0.0527779, 0.0720909, 0.0238776, 0.0633571, 0.0242375, 0.1155155, 0.0525475, 0.090843, 0.07063]",,
student_dev,early,student:47:18501:0,zero,4,turn_right,2.5457155047935154,0.1326519250869751,"[0.1335623, -0.3167057, 0.280465, 0.4193316, 0.7300426, -0.1915931, 0.1202417, -0.9847449, -0.0088983, -0.9697846, 0.5917185, -0.1959683, 0.3514467, 0.0997695]","[0.0730576, 0.0465711, 0.0846183, 0.097224, 0.1326519, 0.0527779, 0.0720909, 0.0238776, 0.0633571, 0.0242375, 0.1155155, 0.0525475, 0.090843, 0.07063]",0.0,False
student_dev,early,student:47:18501:0,earlier_same_episode,4,turn_right,2.5457155047935154,0.1326519250869751,"[0.1335623, -0.3167057, 0.280465, 0.4193316, 0.7300426, -0.1915931, 0.1202417, -0.9847449, -0.0088983, -0.9697846, 0.5917185, -0.1959683, 0.3514467, 0.0997695]","[0.0730576, 0.0465711, 0.0846183, 0.097224, 0.1326519, 0.0527779, 0.0720909, 0.0238776, 0.0633571, 0.0242375, 0.1155155, 0.0525475, 0.090843, 0.07063]",0.0,False
student_dev,early,student:47:18501:0,foreign_diagnostic_state,12,fine_look_up,2.529753545859993,0.14037930965423584,"[0.570968, -0.5876138, -0.4251569, 0.3196254, 0.2611919, -0.1176956, 0.2673895, -0.6971413, 0.154712, -1.1055855, 0.4059996, -0.0045478, 0.8296449, 0.5281368]","[0.108383, 0.0340248, 0.0400267, 0.0842955, 0.079511, 0.054435, 0.0800053, 0.030495, 0.0714798, 0.0202695, 0.0919002, 0.0609562, 0.1403793, 0.1038388]",0.015507759123825675,True
student_dev,early,student:47:18501:55,normal,4,turn_right,2.2335764964715747,0.2915923297405243,"[0.3301248, 0.6904349, 0.7713309, -0.7247344, 1.7098824, -0.7834956, -1.0296966, 0.7440854, -1.0721323, -1.1368457, 0.7497534, -0.205429, -1.0750343, -0.6082478]","[0.0733762, 0.1052048, 0.1140692, 0.0255526, 0.2915923, 0.0240944, 0.0188361, 0.1110033, 0.0180535, 0.0169222, 0.1116342, 0.0429504, 0.0180012, 0.0287095]",,
student_dev,early,student:47:18501:55,zero,4,turn_right,2.2990847808467993,0.29897576570510864,"[0.5532932, -0.2183689, 0.4902773, -0.6025519, 1.6811546, -0.6753724, -0.5075359, 0.3939369, -0.9818241, -1.2386435, 0.7050034, 0.0601065, -0.420205, -0.1374435]","[0.0967859, 0.0447387, 0.090875, 0.0304674, 0.2989758, 0.0283276, 0.0335042, 0.0825286, 0.0208506, 0.0161281, 0.1126416, 0.0591049, 0.0365618, 0.0485097]",0.013639675954015777,False
student_dev,early,student:47:18501:55,earlier_same_episode,4,turn_right,2.2623596749303045,0.2812980115413666,"[0.3567538, 0.6448483, 0.710718, -0.6912211, 1.6411971, -0.7919702, -1.0083541, 0.7218262, -1.0304642, -1.1570647, 0.6882715, -0.1738056, -1.0104591, -0.5548151]","[0.0778646, 0.1038623, 0.110934, 0.027303, 0.281298, 0.0246863, 0.019883, 0.1121732, 0.0194482, 0.0171355, 0.1084717, 0.0458059, 0.0198412, 0.0312933]",0.00021536158166625028,False
student_dev,early,student:47:18501:55,foreign_diagnostic_state,4,turn_right,2.4505335980765883,0.1622179001569748,"[0.9854532, -0.6136329, -0.3155711, -0.542195, 0.9867125, -0.4823929, -0.2097017, 0.4666954, -0.8427745, -1.2782807, 0.5033638, 0.2808111, 0.2296124, 0.3028227]","[0.1620137, 0.0327399, 0.0441087, 0.0351644, 0.1622179, 0.0373314, 0.0490346, 0.0964402, 0.0260353, 0.0168432, 0.1000422, 0.080081, 0.0760842, 0.0818633]",0.060432892514476796,False
student_dev,early,student:47:18501:110,normal,4,turn_right,2.207715031869818,0.3490857481956482,"[0.2271525, 0.5278114, 0.4552321, -0.9078581, 1.8444126, -0.9043192, -0.915041, 0.5456836, -0.2960932, -1.3704139, 0.3301596, -0.2106287, -0.6512163, -0.4927571]","[0.0692732, 0.0935706, 0.0870199, 0.0222657, 0.3490857, 0.0223446, 0.0221063, 0.095258, 0.0410509, 0.0140201, 0.0767892, 0.0447135, 0.0287802, 0.0337219]",,
student_dev,early,student:47:18501:110,zero,4,turn_right,2.2229934300985295,0.364510715007782,"[0.4349764, -0.3897468, 0.2797974, -0.8569137, 1.9090234, -0.7156426, -0.3594598, 0.2187443, -0.2476428, -1.4590341, 0.3584185, 0.0430778, -0.0778308, -0.0537893]","[0.0834718, 0.0365904, 0.0714737, 0.022934, 0.3645107, 0.0264139, 0.0377156, 0.0672406, 0.0421776, 0.0125598, 0.0773199, 0.056408, 0.0499839, 0.0512002]",0.01229295874683132,False
student_dev,early,student:47:18501:110,earlier_same_episode,4,turn_right,2.173596471700767,0.3653465509414673,"[0.2261756, 0.5080767, 0.5272842, -0.9793755, 1.9189339, -0.8767242, -0.8905398, 0.5308111, -0.3646317, -1.3382378, 0.3851148, -0.2274366, -0.700633, -0.5038281]","[0.0672279, 0.0891205, 0.0908488, 0.0201366, 0.3653466, 0.0223134, 0.0220073, 0.0911698, 0.0372362, 0.0140648, 0.078809, 0.0427118, 0.0266098, 0.0323976]",0.0002895373144541413,False
student_dev,early,student:47:18501:110,foreign_diagnostic_state,4,turn_right,2.2229934300985295,0.364510715007782,"[0.4349764, -0.3897468, 0.2797974, -0.8569137, 1.9090234, -0.7156426, -0.3594598, 0.2187443, -0.2476428, -1.4590341, 0.3584185, 0.0430778, -0.0778308, -0.0537893]","[0.0834718, 0.0365904, 0.0714737, 0.022934, 0.3645107, 0.0264139, 0.0377156, 0.0672406, 0.0421776, 0.0125598, 0.0773199, 0.056408, 0.0499839, 0.0512002]",0.01229295874683132,False
student_dev,early,student:47:18501:166,normal,4,turn_right,2.2290105430628855,0.33207449316978455,"[-0.3513047, 0.4393499, 0.8152748, -0.851194, 1.8186429, -0.0277932, -0.7021569, -0.1694051, -0.5158702, -1.2609981, 0.7636999, -0.3396775, -0.2763677, -0.4376616]","[0.0379175, 0.0836019, 0.1217526, 0.0230007, 0.3320745, 0.0524009, 0.0266972, 0.0454818, 0.0321639, 0.0152674, 0.1156324, 0.0383609, 0.0408681, 0.0347804]",,
student_dev,early,student:47:18501:166,zero,4,turn_right,2.2916500407379443,0.31670328974723816,"[-0.1864991, -0.4605608, 0.6194593, -0.6892304, 1.7728282, 0.1307938, -0.2031792, -0.4872826, -0.3742845, -1.3038239, 0.729857, -0.0951737, 0.3208184, -0.0099955]","[0.0446403, 0.0339394, 0.0999426, 0.0270019, 0.3167033, 0.0613093, 0.0439019, 0.0330445, 0.0369976, 0.0146043, 0.1116082, 0.0489091, 0.07414, 0.0532577]",0.011831069217264085,False
student_dev,early,student:47:18501:166,earlier_same_episode,4,turn_right,2.2660859259489814,0.31985148787498474,"[-0.3401455, 0.4164976, 0.7578599, -0.7658841, 1.7492955, -0.0315103, -0.7341186, -0.1426346, -0.4414779, -1.2500839, 0.6723787, -0.2975135, -0.2156628, -0.4335223]","[0.0395836, 0.0843571, 0.1186789, 0.0258595, 0.3198515, 0.0538957, 0.0266941, 0.0482274, 0.0357691, 0.0159344, 0.1089555, 0.0413077, 0.0448309, 0.0360548]",0.0003240004734675189,False
student_dev,early,student:47:18501:166,foreign_diagnostic_state,4,turn_right,2.466776519555431,0.16824887692928314,"[0.3859941, -0.8424478, -0.1040074, -0.666443, 1.0664971, 0.2630063, 0.1185158, -0.2689151, -0.389999, -1.5412039, 0.6917362, 0.1093522, 0.766919, 0.5292247]","[0.0851949, 0.0249407, 0.0521926, 0.0297403, 0.1682489, 0.0753357, 0.0652002, 0.0442578, 0.0392106, 0.0124006, 0.1156633, 0.0646055, 0.1246944, 0.0983145]",0.060209706832494984,False
student_dev,mid,student:47:18501:167,normal,4,turn_right,2.214296609293873,0.33223167061805725,"[-0.5786889, 0.4827664, 0.859315, -0.777988, 1.85168, 0.2020682, -0.6285257, -0.19585, -0.5138698, -1.2824899, 0.8408231, -0.4227483, -0.2877758, -0.4717181]","[0.0292378, 0.0845141, 0.1231579, 0.0239547, 0.3322317, 0.0638298, 0.0278164, 0.0428756, 0.0311958, 0.014464, 0.1209014, 0.0341719, 0.0391099, 0.0325388]",,
student_dev,mid,student:47:18501:167,zero,4,turn_right,2.2829717214036016,0.3138352036476135,"[-0.4560717, -0.4116796, 0.6947122, -0.606318, 1.7866838, 0.3514033, -0.166604, -0.4776439, -0.3570487, -1.2938573, 0.8043593, -0.1829295, 0.3011613, -0.0770978]","[0.0333185, 0.0348309, 0.1053087, 0.0286704, 0.3138352, 0.074708, 0.0445041, 0.0326074, 0.0367867, 0.0144158, 0.1175124, 0.0437834, 0.0710473, 0.0486711]",0.011098431130669821,False
student_dev,mid,student:47:18501:167,earlier_same_episode,4,turn_right,2.252629531359421,0.31939423084259033,"[-0.5625256, 0.4475044, 0.8082308, -0.7002832, 1.7795527, 0.2044687, -0.673434, -0.1289009, -0.4494659, -1.2652799, 0.7525155, -0.3800168, -0.230695, -0.478509]","[0.0307026, 0.0842997, 0.120917, 0.0267515, 0.3193942, 0.0661115, 0.0274795, 0.0473692, 0.0343777, 0.0152045, 0.1143643, 0.03685, 0.0427846, 0.0333936]",0.00034037976610832644,False
student_dev,mid,student:47:18501:167,foreign_diagnostic_state,4,turn_right,2.4734801375528623,0.15956032276153564,"[0.1076301, -0.7128535, -0.0630146, -0.5153272, 1.0247529, 0.5264959, 0.200665, -0.3416532, -0.3808391, -1.5329642, 0.7786815, 0.0643388, 0.7698737, 0.4743592]","[0.063771, 0.0280732, 0.0537667, 0.034204, 0.1595603, 0.0969471, 0.0699887, 0.0406914, 0.0391277, 0.012363, 0.1247549, 0.0610692, 0.1236609, 0.0920221]",0.061188136623597504,False
student_dev,mid,student:47:18501:222,normal,4,turn_right,2.136109637784596,0.3534713089466095,"[0.0270071, 0.7498106, 0.5451946, -1.0551198, 1.9358314, -0.9509438, -1.0334855, 0.9455884, -0.3625918, -1.5401129, 0.3966931, -0.1580835, -0.9515595, -0.6839655]","[0.0524037, 0.1079622, 0.0879849, 0.0177583, 0.3534713, 0.019708, 0.0181466, 0.1313098, 0.0354945, 0.0109338, 0.0758429, 0.043549, 0.0196959, 0.0257389]",,
student_dev,mid,student:47:18501:222,zero,4,turn_right,2.172564025955721,0.37996798753738403,"[0.1999613, -0.187589, 0.3495474, -0.9748536, 1.9755377, -0.76474, -0.4719344, 0.6006764, -0.2961857, -1.6045578, 0.4064092, 0.0980875, -0.3798662, -0.2555997]","[0.0643612, 0.0436831, 0.0747461, 0.0198796, 0.379968, 0.0245278, 0.0328718, 0.0960843, 0.0391877, 0.0105909, 0.0791194, 0.0581274, 0.0360419, 0.0408109]",0.013122156791707676,False
student_dev,mid,student:47:18501:222,earlier_same_episode,4,turn_right,2.111822591078362,0.36783483624458313,"[0.0234055, 0.7654808, 0.6025292, -1.121501, 1.9960961, -0.9151897, -0.9934251, 0.8571168, -0.4236425, -1.5527856, 0.4851791, -0.1878704, -0.9961151, -0.6786804]","[0.0511592, 0.1074492, 0.0912924, 0.0162816, 0.3678348, 0.0200123, 0.0185063, 0.1177607, 0.032717, 0.0105777, 0.0811839, 0.041416, 0.0184566, 0.025352]",0.00039201662138335,False
student_dev,mid,student:47:18501:222,foreign_diagnostic_state,4,turn_right,2.3795431395720765,0.2165157049894333,"[0.7319176, -0.5756509, -0.2930523, -1.2095376, 1.330652, -0.5853142, -0.2224184, 0.9289986, -0.3416288, -1.7092444, 0.4598341, 0.3292787, 0.0286741, 0.199943]","[0.1189768, 0.0321805, 0.0426898, 0.0170726, 0.2165157, 0.031871, 0.0458141, 0.1448951, 0.0406656, 0.0103581, 0.0906354, 0.0795424, 0.0588908, 0.0698922]",0.047253942875409065,False
student_dev,mid,student:47:18501:277,normal,4,turn_right,2.1896579968437164,0.33002403378486633,"[-0.2981627, 0.8097278, 0.775582, -0.7600362, 1.8533628, -0.0131566, -0.83394, 0.0330904, -0.6988559, -1.3271496, 0.8931509, -0.3996196, -0.6989161, -0.6978438]","[0.038384, 0.1162253, 0.1123237, 0.0241858, 0.330024, 0.0510419, 0.0224628, 0.0534578, 0.0257117, 0.0137172, 0.1263371, 0.0346807, 0.0257102, 0.0257378]",,
student_dev,mid,student:47:18501:277,zero,4,turn_right,2.2700196005143205,0.32382631301879883,"[-0.1539795, -0.1161821, 0.6088628, -0.6361969, 1.7899013, 0.1501746, -0.3515573, -0.2338681, -0.5604439, -1.3369042, 0.8695771, -0.1505224, -0.1102317, -0.2777928]","[0.0463549, 0.0481405, 0.0994017, 0.0286201, 0.3238263, 0.062833, 0.0380442, 0.0427957, 0.0308724, 0.0142023, 0.1290091, 0.0465154, 0.0484278, 0.0409566]",0.012580791334071062,False
student_dev,mid,student:47:18501:277,earlier_same_episode,4,turn_right,2.2197414011390117,0.31862741708755493,"[-0.2628461, 0.7798251, 0.7344123, -0.7436172, 1.7931026, -0.0101806, -0.8794594, 0.1315717, -0.6630731, -1.3130027, 0.8390502, -0.3782739, -0.676042, -0.6915373]","[0.0407752, 0.1156704, 0.110535, 0.0252116, 0.3186274, 0.0524961, 0.0220092, 0.0604908, 0.0273262, 0.0142665, 0.1227279, 0.0363301, 0.0269741, 0.0265594]",0.00024066845559058566,False
student_dev,mid,student:47:18501:277,foreign_diagnostic_state,4,turn_right,2.439748462095149,0.20379382371902466,"[0.4506468, -0.5202739, 0.0361279, -0.9686678, 1.2774441, 0.2826761, -0.1356867, 0.2503825, -0.5454382, -1.5251063, 0.8816571, 0.1769597, 0.3011561, 0.177693]","[0.0891492, 0.0337639, 0.0588971, 0.0215634, 0.2037938, 0.0753648, 0.0495994, 0.0729699, 0.0329248, 0.0123612, 0.1371838, 0.0678042, 0.0767705, 0.067854]",0.04818634507609506,False
student_dev,mid,student:47:18501:333,normal,4,turn_right,2.139905874226486,0.36839038133621216,"[0.2009744, 0.7427197, 0.5201727, -1.0035195, 1.9705405, -0.7635074, -1.0003082, 0.6283501, -0.6582645, -1.145559, 0.4998581, -0.2021798, -0.8919337, -0.6766604]","[0.0627763, 0.1079127, 0.0863817, 0.0188231, 0.3683904, 0.0239291, 0.0188836, 0.0962504, 0.0265848, 0.0163307, 0.0846446, 0.0419477, 0.0210451, 0.0261002]",,
student_dev,mid,student:47:18501:333,zero,4,turn_right,2.170818693545297,0.3893930912017822,"[0.4222476, -0.2323492, 0.2694699, -0.932793, 2.0042543, -0.5952691, -0.3962735, 0.2392131, -0.5749909, -1.2356015, 0.4598873, 0.0642781, -0.2542741, -0.1722446]","[0.0800445, 0.0415952, 0.0687038, 0.0206464, 0.3893931, 0.0289354, 0.0353063, 0.0666562, 0.0295282, 0.0152523, 0.0831148, 0.0559587, 0.0406932, 0.044172]",0.014865639151800397,False
student_dev,mid,student:47:18501:333,earlier_same_episode,4,turn_right,2.1200472216287114,0.3821854591369629,"[0.1909134, 0.7546062, 0.4962648, -1.0126212, 2.0123024, -0.7583907, -0.9440643, 0.483188, -0.6623553, -1.1940085, 0.525345, -0.1939961, -0.8700637, -0.656706]","[0.0618379, 0.1086585, 0.0839204, 0.0185595, 0.3821855, 0.0239319, 0.0198765, 0.0828301, 0.0263442, 0.0154807, 0.0863966, 0.0420815, 0.0214032, 0.0264934]",0.0003451616377830927,False
student_dev,mid,student:47:18501:333,foreign_diagnostic_state,4,turn_right,2.3778206106470168,0.21117153763771057,"[1.0617981, -0.6959562, -0.3852935, -1.1749218, 1.3390925, -0.4250757, -0.1150676, 0.5811265, -0.5952499, -1.4390091, 0.5428998, 0.352336, 0.20642, 0.3217045]","[0.1600324, 0.0275947, 0.0376482, 0.0170928, 0.2111715, 0.0361799, 0.0493289, 0.0989589, 0.0305184, 0.0131257, 0.0952474, 0.0787213, 0.0680334, 0.0763465]",0.05970856775421632,False
student_dev,late,student:47:18501:334,normal,4,turn_right,2.163481683539051,0.3573894202709198,"[0.179642, 0.755802, 0.5939693, -0.9987263, 1.9276428, -0.6586853, -0.9807887, 0.4650603, -0.689043, -1.1052254, 0.5816656, -0.2405528, -0.8358582, -0.6415685]","[0.0622292, 0.1107179, 0.0941748, 0.019153, 0.3573894, 0.02691, 0.0194996, 0.0827847, 0.0261053, 0.017218, 0.0930232, 0.0408796, 0.0225408, 0.0273746]",,
student_dev,late,student:47:18501:334,zero,4,turn_right,2.2059604683702574,0.3727398216724396,"[0.3895593, -0.2079725, 0.3498246, -0.9046749, 1.944396, -0.485746, -0.377108, 0.0576385, -0.5834969, -1.1932716, 0.5345746, 0.0163969, -0.1894989, -0.1303696]","[0.0787315, 0.0433156, 0.0756645, 0.0215809, 0.3727398, 0.0328102, 0.0365754, 0.0564934, 0.0297547, 0.0161709, 0.0910182, 0.0542109, 0.0441232, 0.0468109]",0.015059158319242538,False
student_dev,late,student:47:18501:334,earlier_same_episode,4,turn_right,2.1502019660864073,0.36702969670295715,"[0.1595476, 0.7793167, 0.5682181, -0.9787257, 1.9556856, -0.6558519, -0.9317403, 0.3214264, -0.6766017, -1.138588, 0.5893515, -0.2284119, -0.8094074, -0.6302959]","[0.0609044, 0.1131907, 0.0916498, 0.019512, 0.3670297, 0.0269479, 0.0204507, 0.0716063, 0.0263945, 0.0166293, 0.0936073, 0.0413199, 0.023112, 0.0276455]",0.0002661826132924139,False
student_dev,late,student:47:18501:334,foreign_diagnostic_state,4,turn_right,2.3750339768020896,0.22171229124069214,"[1.0341226, -0.746897, -0.2972776, -1.2089474, 1.4005958, -0.3678452, -0.1160607, 0.4803746, -0.5717367, -1.3881885, 0.5509841, 0.3211782, 0.2793536, 0.3828464]","[0.1536854, 0.0258908, 0.0405894, 0.016311, 0.2217123, 0.0378238, 0.0486535, 0.088337, 0.0308473, 0.0136344, 0.0947999, 0.0753364, 0.0722504, 0.0801285]",0.057876135622103655,False
student_dev,late,student:47:18501:389,normal,4,turn_right,2.1049616311750214,0.35820716619491577,"[0.5364229, 1.0569183, 0.3607988, -0.8583667, 1.9969385, -0.824165, -1.1696187, 0.5345237, -0.8280351, -1.4713638, 0.6686446, -0.0020389, -1.2795064, -0.9095783]","[0.0831458, 0.1399229, 0.0697538, 0.0206106, 0.3582072, 0.0213277, 0.0150979, 0.0829881, 0.0212453, 0.0111653, 0.0948994, 0.0485277, 0.0135267, 0.0195817]",,
student_dev,late,student:47:18501:389,zero,4,turn_right,2.104491529815487,0.40047648549079895,"[0.682126, 0.22091, 0.196366, -0.82002, 2.0814846, -0.7315441, -0.6858721, 0.2548878, -0.779044, -1.5581893, 0.6088902, 0.2059369, -0.6933302, -0.4999802]","[0.0988197, 0.0623074, 0.0607968, 0.0220024, 0.4004765, 0.0240378, 0.0251611, 0.0644609, 0.0229227, 0.0105169, 0.0918412, 0.0613814, 0.0249741, 0.0303013]",0.011847701381811697,False
student_dev,late,student:47:18501:389,earlier_same_episode,4,turn_right,2.080844302760701,0.3647448718547821,"[0.4876156, 1.1149777, 0.4193956, -0.8672708, 2.0417762, -0.8453718, -1.2336527, 0.6224869, -0.8410047, -1.4481137, 0.6750058, -0.066578, -1.3382784, -0.9502787]","[0.0770949, 0.1443729, 0.0720109, 0.0198887, 0.3647449, 0.020329, 0.0137876, 0.0882266, 0.020418, 0.0111263, 0.092984, 0.0442938, 0.012418, 0.0183044]",0.00024238062059644353,False
student_dev,late,student:47:18501:389,foreign_diagnostic_state,4,turn_right,2.3132213042338043,0.20919059216976166,"[1.3654184, -0.2827422, -0.3948197, -0.9839749, 1.3759793, -0.564279, -0.3168744, 0.589769, -0.8483533, -1.6877563, 0.6457646, 0.5405289, -0.1754775, 0.0678556]","[0.206993, 0.0398262, 0.0356036, 0.0197527, 0.2091906, 0.0300537, 0.0384898, 0.0953005, 0.0226218, 0.0097719, 0.1007892, 0.0907216, 0.0443356, 0.0565498]",0.056690845312180174,False
student_dev,late,student:47:18501:444,normal,4,turn_right,2.1436540526434853,0.32045167684555054,"[0.4710815, 1.1573102, 0.4661481, -1.2627268, 1.859213, -0.6984969, -1.2701485, 0.292413, -0.7105372, -1.3737118, 0.8990096, -0.1507824, -1.087903, -0.8320391]","[0.0799659, 0.1588291, 0.0795723, 0.0141228, 0.3204517, 0.0248292, 0.0140184, 0.0668821, 0.0245321, 0.0126392, 0.1226737, 0.0429371, 0.0168208, 0.0217253]",,
student_dev,late,student:47:18501:444,zero,4,turn_right,2.1942611086009465,0.34975185990333557,"[0.6330496, 0.2843738, 0.2749947, -1.1479994, 1.8849484, -0.5877042, -0.7382116, -0.0612509, -0.6176539, -1.4185696, 0.8245779, 0.0637525, -0.4916964, -0.3787879]","[0.1000155, 0.0705731, 0.0699143, 0.0168487, 0.3497519, 0.0295053, 0.0253826, 0.0499501, 0.0286348, 0.0128547, 0.1211287, 0.0566011, 0.0324785, 0.0363607]",0.014104433773347361,False
student_dev,late,student:47:18501:444,earlier_same_episode,4,turn_right,2.1633981267555797,0.3122066557407379,"[0.477473, 1.1419345, 0.4163904, -1.205816, 1.8098464, -0.6931266, -1.2353202, 0.2008155, -0.6656561, -1.3824526, 0.8895062, -0.1128092, -1.0451643, -0.8173158]","[0.0823758, 0.1600928, 0.0774947, 0.0153023, 0.3122067, 0.0255514, 0.0148574, 0.0624667, 0.026263, 0.0128246, 0.124378, 0.0456503, 0.0179691, 0.0225673]",0.00015440752306889857,False
student_dev,late,student:47:18501:444,foreign_diagnostic_state,0,noop,2.358723344182675,0.20546665787696838,"[1.3157133, -0.2549439, -0.3437176, -1.1673841, 1.1716336, -0.4669665, -0.353198, 0.3120611, -0.7256063, -1.6081625, 0.7884629, 0.4081161, 0.0215498, 0.2512299]","[0.2054667, 0.0427183, 0.0390895, 0.0171532, 0.1778969, 0.0345568, 0.0387206, 0.0753114, 0.0266813, 0.0110387, 0.1212717, 0.0829043, 0.056324, 0.0708667]",0.06532218959060199,True
student_dev,late,student:47:18501:499,normal,4,turn_right,2.059317184299089,0.3816462457180023,"[0.4706988, 1.086929, 0.3601055, -0.7416939, 2.0935454, -0.8658811, -1.2139126, 0.5769173, -0.8093728, -1.5484229, 0.6425484, -0.0374908, -1.3415198, -0.9469396]","[0.0753126, 0.1394739, 0.0674276, 0.0224043, 0.3816462, 0.0197878, 0.0139717, 0.0837525, 0.0209382, 0.0099994, 0.0894336, 0.0453068, 0.0122979, 0.0182472]",,
student_dev,late,student:47:18501:499,zero,4,turn_right,2.0470333495314326,0.4283721148967743,"[0.608631, 0.2768477, 0.2045116, -0.7259818, 2.1863134, -0.7955697, -0.7442777, 0.3305366, -0.7755423, -1.6324455, 0.5829726, 0.1858228, -0.7635497, -0.5513137]","[0.0884387, 0.0634674, 0.0590385, 0.0232824, 0.4283721, 0.0217173, 0.0228603, 0.066968, 0.0221566, 0.0094049, 0.0861984, 0.0579454, 0.0224239, 0.0277259]",0.011063324562124787,False
student_dev,late,student:47:18501:499,earlier_same_episode,4,turn_right,2.0310740346417275,0.38779211044311523,"[0.4440797, 1.1480378, 0.4328629, -0.8011156, 2.1478271, -0.8854147, -1.2707555, 0.7013865, -0.8606903, -1.5236564, 0.6605113, -0.0819816, -1.4036142, -0.997798]","[0.0705782, 0.1426908, 0.069791, 0.0203184, 0.3877921, 0.0186758, 0.0127036, 0.0912889, 0.0191433, 0.0098649, 0.0876326, 0.0417066, 0.0111231, 0.0166906]",0.00029400629762443007,False
student_dev,late,student:47:18501:499,foreign_diagnostic_state,4,turn_right,2.307883904906491,0.2607056200504303,"[1.1242338, -0.1946956, -0.508606, -0.780445, 1.5421793, -0.6750802, -0.4098039, 0.4839001, -0.6789749, -1.6414889, 0.3561069, 0.4382519, -0.1711067, -0.0208505]","[0.1716481, 0.0459024, 0.0335356, 0.0255533, 0.2607056, 0.0283927, 0.0370182, 0.0904785, 0.0282823, 0.0108019, 0.0796243, 0.0864412, 0.046998, 0.0546179]",0.047702871200611674,False
student_dev,raycast_log,student:47:18501:17,normal,4,turn_right,2.2345239565167905,0.25942525267601013,"[0.5231893, 0.7617992, 0.6253903, -0.8642609, 1.6066473, -1.0339664, -1.1187469, 1.0761489, -1.1160088, -1.1966664, 0.7675862, -0.1410441, -1.1996937, -0.60879]","[0.0877955, 0.111455, 0.0972429, 0.0219235, 0.2594253, 0.0185016, 0.0169976, 0.1526229, 0.0170442, 0.0157235, 0.1121018, 0.0451855, 0.015676, 0.0283048]",,
student_dev,raycast_log,student:47:18501:17,zero,4,turn_right,2.2964732840442856,0.27554744482040405,"[0.6973845, -0.04217, 0.3994606, -0.6740475, 1.5969118, -0.9665768, -0.6678939, 0.709238, -1.0518799, -1.3071691, 0.7238131, 0.0748297, -0.6229179, -0.2327365]","[0.1120822, 0.0534998, 0.0832051, 0.0284401, 0.2755474, 0.0212269, 0.0286157, 0.1134187, 0.0194913, 0.0150998, 0.1150839, 0.0601402, 0.0299321, 0.0442171]",0.011390350068341305,False
student_dev,raycast_log,student:47:18501:17,earlier_same_episode,4,turn_right,2.2964732840442856,0.27554744482040405,"[0.6973845, -0.04217, 0.3994606, -0.6740475, 1.5969118, -0.9665768, -0.6678939, 0.709238, -1.0518799, -1.3071691, 0.7238131, 0.0748297, -0.6229179, -0.2327365]","[0.1120822, 0.0534998, 0.0832051, 0.0284401, 0.2755474, 0.0212269, 0.0286157, 0.1134187, 0.0194913, 0.0150998, 0.1150839, 0.0601402, 0.0299321, 0.0442171]",0.011390350068341305,False
student_dev,raycast_log,student:47:18501:17,foreign_diagnostic_state,0,noop,2.3723208663489683,0.22275680303573608,"[1.3343678, -0.5671086, -0.3474108, -0.5575775, 0.8391675, -0.8450775, -0.3424442, 0.7071814, -1.0439408, -1.4348003, 0.5660023, 0.2471619, -0.070086, 0.305935]","[0.2227568, 0.0332683, 0.0414423, 0.0335869, 0.1357589, 0.0251947, 0.0416486, 0.1189727, 0.0206512, 0.01397, 0.103308, 0.0751041, 0.054687, 0.0796505]",0.06068183587848841,True
student_dev,raycast_log,student:47:18501:162,normal,4,turn_right,2.23246445578032,0.27331972122192383,"[0.4320043, 0.7927389, 0.654107, -0.7580605, 1.6551414, -0.9787782, -1.1024882, 0.960418, -1.1030631, -1.1782913, 0.7481959, -0.1522968, -1.1874467, -0.6230662]","[0.0804395, 0.115381, 0.1004448, 0.0244698, 0.2733197, 0.0196234, 0.0173399, 0.1364446, 0.01733, 0.0160741, 0.1103544, 0.0448446, 0.0159276, 0.0280064]",,
student_dev,raycast_log,student:47:18501:162,zero,4,turn_right,2.300085864948991,0.28398141264915466,"[0.6369829, -0.1408883, 0.4225919, -0.6491178, 1.626524, -0.8789951, -0.5975347, 0.6477283, -1.0313205, -1.2763253, 0.6845738, 0.096064, -0.5477532, -0.1718522]","[0.1055693, 0.0484967, 0.0851979, 0.0291737, 0.2839814, 0.0231823, 0.030718, 0.1067098, 0.0199069, 0.0155811, 0.1107149, 0.0614638, 0.0322859, 0.0470181]",0.01360765158761031,False
student_dev,raycast_log,student:47:18501:162,earlier_same_episode,4,turn_right,2.2565874946471918,0.262203186750412,"[0.4624448, 0.7728035, 0.6062311, -0.7047628, 1.5856016, -0.9972299, -1.0930213, 0.9294073, -1.0758579, -1.2060944, 0.7059525, -0.1248315, -1.1418445, -0.5957606]","[0.085282, 0.1163173, 0.0984697, 0.0265427, 0.2622032, 0.019812, 0.0180023, 0.1360368, 0.0183139, 0.0160775, 0.1087956, 0.0474031, 0.0171444, 0.0295995]",0.0001729823787329273,False
student_dev,raycast_log,student:47:18501:162,foreign_diagnostic_state,0,noop,2.4110258016410357,0.19993072748184204,"[1.2115908, -0.5107809, -0.3304701, -0.5540156, 0.8818232, -0.7292144, -0.2972403, 0.6318845, -0.9583178, -1.3304096, 0.4967683, 0.2957455, 0.0431002, 0.2977151]","[0.1999307, 0.035716, 0.0427731, 0.0342047, 0.1437684, 0.0287077, 0.0442184, 0.1119738, 0.0228297, 0.0157363, 0.0978219, 0.0800079, 0.0621456, 0.0801657]",0.06162977205724038,True
student_dev,raycast_log,student:47:18501:341,normal,4,turn_right,2.2267942560229006,0.26313331723213196,"[0.5224728, 0.8810673, 0.5955886, -0.826801, 1.6298652, -1.0369823, -1.1385225, 1.0072397, -1.1305575, -1.2228267, 0.8023111, -0.1332141, -1.2366347, -0.6672902]","[0.0869444, 0.1244449, 0.0935395, 0.0225559, 0.2631333, 0.0182801, 0.0165151, 0.14118, 0.0166471, 0.0151799, 0.1150201, 0.0451315, 0.0149717, 0.0264566]",,
student_dev,raycast_log,student:47:18501:341,zero,4,turn_right,2.296199250978251,0.27632588148117065,"[0.6987349, -0.0485844, 0.3903527, -0.6890217, 1.6000612, -0.9495243, -0.6522348, 0.700696, -1.0570567, -1.3163139, 0.7243379, 0.0890816, -0.6195158, -0.2285148]","[0.1121968, 0.0531403, 0.0824237, 0.0280082, 0.2763259, 0.0215849, 0.0290577, 0.1124171, 0.0193843, 0.0149574, 0.1151065, 0.0609834, 0.0300242, 0.0443896]",0.013407414977441252,False
student_dev,raycast_log,student:47:18501:341,earlier_same_episode,4,turn_right,2.2529134355620175,0.25032100081443787,"[0.5197763, 0.8655986, 0.5613925, -0.7228078, 1.5441968, -1.0586773, -1.1480292, 0.9588071, -1.0872674, -1.2484092, 0.7607807, -0.1310507, -1.2134652, -0.6522462]","[0.0898663, 0.1269948, 0.0936852, 0.0259388, 0.250321, 0.0185389, 0.0169542, 0.1394009, 0.0180164, 0.015335, 0.1143573, 0.0468756, 0.0158803, 0.0278352]",0.00020017132902479322,False
student_dev,raycast_log,student:47:18501:341,foreign_diagnostic_state,4,turn_right,2.296199250978251,0.27632588148117065,"[0.6987349, -0.0485844, 0.3903527, -0.6890217, 1.6000612, -0.9495243, -0.6522348, 0.700696, -1.0570567, -1.3163139, 0.7243379, 0.0890816, -0.6195158, -0.2285148]","[0.1121968, 0.0531403, 0.0824237, 0.0280082, 0.2763259, 0.0215849, 0.0290577, 0.1124171, 0.0193843, 0.0149574, 0.1151065, 0.0609834, 0.0300242, 0.0443896]",0.013407414977441252,False
student_dev,raycast_log,student:47:18501:487,normal,4,turn_right,2.22448890867457,0.29615768790245056,"[0.3069808, 0.7383103, 0.7563283, -0.7158661, 1.7321391, -0.7749441, -1.0354999, 0.7243723, -1.0814424, -1.1560814, 0.7634174, -0.1934931, -1.0958735, -0.6418987]","[0.0712172, 0.1096248, 0.1116179, 0.0256075, 0.2961577, 0.0241385, 0.0186017, 0.1081074, 0.0177664, 0.0164886, 0.112412, 0.0431749, 0.0175119, 0.0275735]",,
student_dev,raycast_log,student:47:18501:487,zero,4,turn_right,2.2972598060301648,0.3004528880119324,"[0.5477118, -0.2265832, 0.4803302, -0.6183279, 1.6867173, -0.6539032, -0.4906195, 0.3835559, -0.9916277, -1.2497717, 0.7080292, 0.0774636, -0.4232599, -0.1368033]","[0.0961862, 0.0443446, 0.0899185, 0.0299715, 0.3004529, 0.028924, 0.0340542, 0.0816245, 0.0206341, 0.0159395, 0.1129113, 0.0601017, 0.0364271, 0.04851]",0.01484824842883049,False
student_dev,raycast_log,student:47:18501:487,earlier_same_episode,4,turn_right,2.253644624618508,0.28668227791786194,"[0.3421508, 0.7095619, 0.6800074, -0.6658157, 1.667546, -0.7793888, -1.0149484, 0.6679335, -1.0374936, -1.1729321, 0.7203777, -0.1555667, -1.0332942, -0.5899706]","[0.0761709, 0.1099901, 0.106787, 0.0277994, 0.2866823, 0.0248148, 0.0196069, 0.1055054, 0.0191698, 0.0167416, 0.1111862, 0.0463056, 0.0192504, 0.0299898]",0.00023518878662527837,False
student_dev,raycast_log,student:47:18501:487,foreign_diagnostic_state,0,noop,2.370324972667226,0.17978884279727936,"[1.2020115, -0.6970909, -0.105924, -1.0104121, 1.192044, -0.5354255, -0.2584708, 0.7885091, -0.97359, -1.4302962, 0.6948628, 0.3833763, 0.0658047, 0.3424026]","[0.1797888, 0.0269149, 0.0486109, 0.0196752, 0.1780057, 0.0316376, 0.0417334, 0.1188998, 0.0204132, 0.012929, 0.1082707, 0.0792928, 0.0577184, 0.0761096]",0.05667082007089424,True
student_dev,contact,student:47:18501:0,normal,4,turn_right,2.5457155047935154,0.1326519250869751,"[0.1335623, -0.3167057, 0.280465, 0.4193316, 0.7300426, -0.1915931, 0.1202417, -0.9847449, -0.0088983, -0.9697846, 0.5917185, -0.1959683, 0.3514467, 0.0997695]","[0.0730576, 0.0465711, 0.0846183, 0.097224, 0.1326519, 0.0527779, 0.0720909, 0.0238776, 0.0633571, 0.0242375, 0.1155155, 0.0525475, 0.090843, 0.07063]",,
student_dev,contact,student:47:18501:0,zero,4,turn_right,2.5457155047935154,0.1326519250869751,"[0.1335623, -0.3167057, 0.280465, 0.4193316, 0.7300426, -0.1915931, 0.1202417, -0.9847449, -0.0088983, -0.9697846, 0.5917185, -0.1959683, 0.3514467, 0.0997695]","[0.0730576, 0.0465711, 0.0846183, 0.097224, 0.1326519, 0.0527779, 0.0720909, 0.0238776, 0.0633571, 0.0242375, 0.1155155, 0.0525475, 0.090843, 0.07063]",0.0,False
student_dev,contact,student:47:18501:0,earlier_same_episode,4,turn_right,2.5457155047935154,0.1326519250869751,"[0.1335623, -0.3167057, 0.280465, 0.4193316, 0.7300426, -0.1915931, 0.1202417, -0.9847449, -0.0088983, -0.9697846, 0.5917185, -0.1959683, 0.3514467, 0.0997695]","[0.0730576, 0.0465711, 0.0846183, 0.097224, 0.1326519, 0.0527779, 0.0720909, 0.0238776, 0.0633571, 0.0242375, 0.1155155, 0.0525475, 0.090843, 0.07063]",0.0,False
student_dev,contact,student:47:18501:0,foreign_diagnostic_state,0,noop,2.5141581583995554,0.12739445269107819,"[0.7714149, -0.7023529, -0.2319753, 0.1868341, 0.235352, -0.1683935, 0.2834398, -0.535908, -0.0281817, -1.2726096, 0.6937686, 0.055998, 0.7093877, 0.6696982]","[0.1273945, 0.0291811, 0.0467072, 0.0710019, 0.0745317, 0.0497734, 0.0782034, 0.0344657, 0.0572651, 0.0164984, 0.117877, 0.0622944, 0.1197326, 0.1150735]",0.01757453951228584,True
student_dev,contact,student:47:18501:166,normal,4,turn_right,2.2290105430628855,0.33207449316978455,"[-0.3513047, 0.4393499, 0.8152748, -0.851194, 1.8186429, -0.0277932, -0.7021569, -0.1694051, -0.5158702, -1.2609981, 0.7636999, -0.3396775, -0.2763677, -0.4376616]","[0.0379175, 0.0836019, 0.1217526, 0.0230007, 0.3320745, 0.0524009, 0.0266972, 0.0454818, 0.0321639, 0.0152674, 0.1156324, 0.0383609, 0.0408681, 0.0347804]",,
student_dev,contact,student:47:18501:166,zero,4,turn_right,2.2916500407379443,0.31670328974723816,"[-0.1864991, -0.4605608, 0.6194593, -0.6892304, 1.7728282, 0.1307938, -0.2031792, -0.4872826, -0.3742845, -1.3038239, 0.729857, -0.0951737, 0.3208184, -0.0099955]","[0.0446403, 0.0339394, 0.0999426, 0.0270019, 0.3167033, 0.0613093, 0.0439019, 0.0330445, 0.0369976, 0.0146043, 0.1116082, 0.0489091, 0.07414, 0.0532577]",0.011831069217264085,False
student_dev,contact,student:47:18501:166,earlier_same_episode,4,turn_right,2.2660859259489814,0.31985148787498474,"[-0.3401455, 0.4164976, 0.7578599, -0.7658841, 1.7492955, -0.0315103, -0.7341186, -0.1426346, -0.4414779, -1.2500839, 0.6723787, -0.2975135, -0.2156628, -0.4335223]","[0.0395836, 0.0843571, 0.1186789, 0.0258595, 0.3198515, 0.0538957, 0.0266941, 0.0482274, 0.0357691, 0.0159344, 0.1089555, 0.0413077, 0.0448309, 0.0360548]",0.0003240004734675189,False
student_dev,contact,student:47:18501:166,foreign_diagnostic_state,4,turn_right,2.480508638244285,0.16127116978168488,"[0.3532765, -0.8042585, -0.1598983, -0.4800658, 1.0209401, 0.2891542, 0.1510983, -0.3256469, -0.2935466, -1.4139963, 0.5661783, 0.0807146, 0.8517682, 0.5279652]","[0.0827169, 0.0259946, 0.0495137, 0.0359483, 0.1612712, 0.0775794, 0.0675755, 0.0419509, 0.0433194, 0.0141279, 0.1023425, 0.0629828, 0.1361715, 0.0985055]",0.06534744544281315,False
student_dev,contact,student:47:18501:329,normal,4,turn_right,2.165770465268998,0.34091898798942566,"[0.0416239, 0.6788795, 0.5169702, -1.0272319, 1.8730432, -1.0044441, -1.013339, 0.9468334, -0.2483135, -1.5818484, 0.3683794, -0.1530323, -0.8907408, -0.6419371]","[0.0546105, 0.1032839, 0.0878448, 0.0187533, 0.340919, 0.0191856, 0.0190157, 0.1350216, 0.0408656, 0.0107699, 0.0757154, 0.0449508, 0.0214959, 0.0275682]",,
student_dev,contact,student:47:18501:329,zero,4,turn_right,2.2049638550155835,0.3633894622325897,"[0.2052096, -0.2635038, 0.3240377, -0.9447356, 1.9102622, -0.8074393, -0.4583191, 0.6271904, -0.1758917, -1.6487447, 0.3736262, 0.1056447, -0.327255, -0.2243954]","[0.0660507, 0.041335, 0.0743847, 0.0209152, 0.3633895, 0.0239933, 0.0340181, 0.1007259, 0.0451198, 0.0103446, 0.0781663, 0.0597911, 0.0387821, 0.0429836]",0.012772558968963567,False
student_dev,contact,student:47:18501:329,earlier_same_episode,4,turn_right,2.136722292976333,0.35523852705955505,"[0.0333558, 0.6967445, 0.5996125, -1.0946047, 1.9399164, -0.975679, -0.9986364, 0.9036877, -0.3166265, -1.5780638, 0.4408254, -0.1857977, -0.9572822, -0.6643928]","[0.0527851, 0.1024749, 0.0929894, 0.0170862, 0.3552385, 0.0192439, 0.0188071, 0.1260352, 0.0371977, 0.0105361, 0.0793365, 0.0423969, 0.0196012, 0.0262714]",0.00032905668369145283,False
student_dev,contact,student:47:18501:329,foreign_diagnostic_state,4,turn_right,2.2049638550155835,0.3633894622325897,"[0.2052096, -0.2635038, 0.3240377, -0.9447356, 1.9102622, -0.8074393, -0.4583191, 0.6271904, -0.1758917, -1.6487447, 0.3736262, 0.1056447, -0.327255, -0.2243954]","[0.0660507, 0.041335, 0.0743847, 0.0209152, 0.3633895, 0.0239933, 0.0340181, 0.1007259, 0.0451198, 0.0103446, 0.0781663, 0.0597911, 0.0387821, 0.0429836]",0.012772558968963567,False
student_dev,contact,student:47:18501:496,normal,4,turn_right,2.1102802692017546,0.35474449396133423,"[0.4785295, 1.0493239, 0.418378, -1.0031347, 1.9854658, -0.8057835, -1.156993, 0.5753161, -0.8231602, -1.4079801, 0.6870062, -0.0202501, -1.2638953, -0.872736]","[0.0786071, 0.1391087, 0.0740181, 0.0178642, 0.3547445, 0.0217616, 0.0153166, 0.0865955, 0.0213868, 0.0119168, 0.0968282, 0.0477358, 0.0137637, 0.0203523]",,
student_dev,contact,student:47:18501:496,zero,4,turn_right,2.122738238994963,0.39300498366355896,"[0.62784, 0.1753832, 0.2406449, -0.9415579, 2.0517542, -0.6837589, -0.6564676, 0.291187, -0.7610407, -1.4829156, 0.6320161, 0.1861993, -0.6774165, -0.4436986]","[0.0946237, 0.0601867, 0.0642456, 0.0196979, 0.393005, 0.0254906, 0.0261958, 0.0675761, 0.0235948, 0.0114633, 0.0950197, 0.0608412, 0.0256528, 0.0324068]",0.012505401173938335,False
student_dev,contact,student:47:18501:496,earlier_same_episode,4,turn_right,2.094094526752481,0.35841280221939087,"[0.4297513, 1.0966846, 0.4539869, -0.9977081, 2.0131361, -0.8194543, -1.2206155, 0.6630023, -0.8138905, -1.3932693, 0.6709763, -0.078395, -1.3039654, -0.8975393]","[0.0735747, 0.1433421, 0.0753796, 0.0176519, 0.3584128, 0.0210962, 0.0141248, 0.0929026, 0.0212139, 0.011885, 0.0936464, 0.0442632, 0.0129953, 0.0195116]",0.00019187370543092148,False
student_dev,contact,student:47:18501:496,foreign_diagnostic_state,4,turn_right,2.3308095779266447,0.20468921959400177,"[1.3111284, -0.4379903, -0.4050692, -0.9997228, 1.315281, -0.5572197, -0.2885714, 0.5693776, -0.8088412, -1.598291, 0.6053803, 0.3951517, -0.1667871, 0.1705565]","[0.203841, 0.0354535, 0.0366401, 0.0202163, 0.2046892, 0.0314687, 0.0411671, 0.0970852, 0.0244681, 0.0111108, 0.1006443, 0.081562, 0.0464987, 0.065155]",0.061117533264284166,False
student_dev,early,student:47:18502:0,normal,4,turn_right,1.9198008452266566,0.504436194896698,"[-0.6612945, 0.2078906, 0.187341, -0.4734744, 2.5549927, -0.4165142, -0.1090874, -0.4601756, 0.4588996, 0.4784479, -0.6665202, -0.3213791, -0.2802262, 0.5255356]","[0.0202297, 0.0482473, 0.0472659, 0.0244095, 0.5044362, 0.0258403, 0.0351407, 0.0247363, 0.0620133, 0.0632374, 0.0201243, 0.0284193, 0.0296133, 0.0662864]",,
student_dev,early,student:47:18502:0,zero,4,turn_right,1.9198008452266566,0.504436194896698,"[-0.6612945, 0.2078906, 0.187341, -0.4734744, 2.5549927, -0.4165142, -0.1090874, -0.4601756, 0.4588996, 0.4784479, -0.6665202, -0.3213791, -0.2802262, 0.5255356]","[0.0202297, 0.0482473, 0.0472659, 0.0244095, 0.5044362, 0.0258403, 0.0351407, 0.0247363, 0.0620133, 0.0632374, 0.0201243, 0.0284193, 0.0296133, 0.0662864]",0.0,False
student_dev,early,student:47:18502:0,earlier_same_episode,4,turn_right,1.9198008452266566,0.504436194896698,"[-0.6612945, 0.2078906, 0.187341, -0.4734744, 2.5549927, -0.4165142, -0.1090874, -0.4601756, 0.4588996, 0.4784479, -0.6665202, -0.3213791, -0.2802262, 0.5255356]","[0.0202297, 0.0482473, 0.0472659, 0.0244095, 0.5044362, 0.0258403, 0.0351407, 0.0247363, 0.0620133, 0.0632374, 0.0201243, 0.0284193, 0.0296133, 0.0662864]",0.0,False
student_dev,early,student:47:18502:0,foreign_diagnostic_state,4,turn_right,2.170050805249295,0.38750824332237244,"[0.0961882, -0.3019605, -0.4999788, -0.7160527, 2.1228795, -0.3448675, -0.0168876, -0.1474421, 0.5284672, 0.0789565, -0.6365827, -0.1056036, 0.0135594, 0.9143013]","[0.0510623, 0.0342915, 0.0281312, 0.0226646, 0.3875082, 0.0328513, 0.0456028, 0.0400214, 0.0786749, 0.0501899, 0.0245393, 0.0417314, 0.0470127, 0.1157183]",0.01659646436018416,False
student_dev,early,student:47:18502:55,normal,4,turn_right,1.6655863538753952,0.5659070611000061,"[-0.5422642, 1.3060012, 0.5024866, -1.0306671, 2.8574839, -1.1008877, -1.178682, 0.2663971, 0.4453927, 0.0553991, -0.8506812, -0.4674632, -1.0556005, 0.107017]","[0.0188909, 0.1199347, 0.0537011, 0.0115916, 0.5659071, 0.0108055, 0.0099968, 0.0424083, 0.0507209, 0.0343412, 0.0138774, 0.0203582, 0.0113061, 0.0361603]",,
student_dev,early,student:47:18502:55,zero,4,turn_right,1.5518862848133501,0.6317068934440613,"[-0.1687144, 0.6239429, 0.3421932, -1.1819344, 3.028955, -1.0493292, -0.6448478, 0.0494106, 0.3019004, -0.2004979, -0.6787602, -0.1856355, -0.6480299, 0.513536]","[0.0258099, 0.0570206, 0.0430199, 0.0093702, 0.6317069, 0.0106989, 0.0160326, 0.0321008, 0.041321, 0.0250024, 0.015498, 0.0253768, 0.0159816, 0.0510603]",0.009565043733685438,False
student_dev,early,student:47:18502:55,earlier_same_episode,4,turn_right,1.663081180629329,0.5698451399803162,"[-0.4738097, 1.2515286, 0.4857115, -0.972572, 2.8492491, -1.13587, -1.1650325, 0.1084709, 0.4401677, 0.0146117, -0.8489084, -0.4730178, -1.0466251, 0.1830912]","[0.0205386, 0.1153123, 0.0536149, 0.0124727, 0.5698451, 0.0105936, 0.0102891, 0.0367665, 0.0512278, 0.0334726, 0.0141146, 0.0205549, 0.0115824, 0.039615]",0.00019796356490370032,False
student_dev,early,student:47:18502:55,foreign_diagnostic_state,4,turn_right,1.901911810377022,0.4948371350765228,"[0.3900144, 0.2307411, -0.0505815, -1.4584677, 2.5505219, -1.0052021, -0.5485674, 0.4449438, 0.4018582, -0.5043839, -0.6614648, -0.0444801, -0.4792356, 0.9029608]","[0.0570382, 0.0486401, 0.0367128, 0.0089821, 0.4948371, 0.0141329, 0.0223123, 0.0602589, 0.0577178, 0.0233203, 0.0199303, 0.0369375, 0.0239142, 0.0952655]",0.027144471661083334,False
student_dev,early,student:47:18502:110,normal,4,turn_right,1.3314481552507282,0.6909350156784058,"[-0.5585828, 1.1571656, 0.2821471, -0.8505457, 3.3468051, -0.9314384, -1.1716834, 0.6499545, -0.0597746, 0.0571286, -0.738984, -0.2277388, -1.1553981, -0.0060087]","[0.0139107, 0.0773551, 0.0322458, 0.0103885, 0.690935, 0.0095812, 0.007535, 0.0465811, 0.0229075, 0.0257483, 0.0116145, 0.0193657, 0.0076587, 0.0241729]",,
student_dev,early,student:47:18502:110,zero,4,turn_right,1.1342750306539058,0.7609816193580627,"[-0.2924308, 0.4773169, 0.1754285, -1.045954, 3.6103661, -0.8834852, -0.6489804, 0.5086125, -0.2467396, -0.1178801, -0.6276569, 0.0530374, -0.819161, 0.3475122]","[0.0153607, 0.0331671, 0.0245245, 0.0072304, 0.7609816, 0.0085059, 0.0107538, 0.0342215, 0.0160788, 0.0182902, 0.0109856, 0.0216993, 0.009071, 0.0291296]",0.007244889872479544,False
student_dev,early,student:47:18502:110,earlier_same_episode,4,turn_right,1.3328328394235704,0.6891961097717285,"[-0.6264222, 1.1749609, 0.362821, -0.8649594, 3.3481407, -0.9185882, -1.1767565, 0.6728107, -0.0605941, 0.1015176, -0.7787084, -0.256831, -1.1927352, -0.0535351]","[0.0129483, 0.0784409, 0.0348205, 0.0102004, 0.6891961, 0.0096678, 0.007468, 0.0474747, 0.0228007, 0.0268134, 0.0111192, 0.018738, 0.0073496, 0.0229622]",5.861133910298899e-05,False
student_dev,early,student:47:18502:110,foreign_diagnostic_state,4,turn_right,1.4575179097195265,0.6583044528961182,"[0.1812718, 0.1681177, -0.1505637, -1.3409065, 3.2043352, -0.8482372, -0.517957, 0.9165936, -0.1582999, -0.3783471, -0.6721685, 0.1534918, -0.6381145, 0.7017832]","[0.0320278, 0.0316093, 0.0229833, 0.0069896, 0.6583045, 0.0114398, 0.0159168, 0.0668149, 0.0228062, 0.0183015, 0.0136421, 0.0311503, 0.0141147, 0.0538992]",0.01369695362289636,False
student_dev,early,student:47:18502:166,normal,4,turn_right,2.039725970329836,0.3424144685268402,"[-0.5203043, 1.4424165, 0.617939, -0.773342, 2.1217809, -1.3033909, -1.3264166, 1.2721103, 0.6082683, -1.4461483, -0.4144931, -8.49e-05, -1.4611269, -0.2040395]","[0.0243842, 0.1735833, 0.07611, 0.0189329, 0.3424145, 0.0111434, 0.0108898, 0.1464013, 0.0753775, 0.009661, 0.0271058, 0.041024, 0.0095173, 0.033455]",,
student_dev,early,student:47:18502:166,zero,4,turn_right,2.1088980819361938,0.3793724477291107,"[-0.2769605, 0.7390473, 0.5144785, -0.7006085, 2.1374166, -1.2413234, -0.7754714, 0.9797392, 0.4496169, -1.6897038, -0.2070497, 0.2994068, -1.0184565, 0.1474093]","[0.0339246, 0.0937048, 0.074857, 0.0222089, 0.3793724, 0.012933, 0.020607, 0.1192046, 0.0701558, 0.0082598, 0.0363812, 0.060371, 0.0161617, 0.0518581]",0.011263653182405367,False
student_dev,early,student:47:18502:166,earlier_same_episode,4,turn_right,2.069585333505518,0.3386784791946411,"[-0.4677296, 1.3899522, 0.5464776, -0.607424, 2.0641215, -1.2798786, -1.3086956, 1.1455935, 0.6188724, -1.4332856, -0.4369912, -0.036562, -1.4584668, -0.1741598]","[0.0269289, 0.1725836, 0.0742477, 0.023418, 0.3386785, 0.0119538, 0.0116143, 0.1351687, 0.0798222, 0.0102538, 0.0277695, 0.041445, 0.0099988, 0.0361172]",0.0003543691934459187,False
student_dev,early,student:47:18502:166,foreign_diagnostic_state,4,turn_right,2.2616298107420403,0.29356104135513306,"[0.2592945, 0.2718795, -0.0384868, -0.8922792, 1.7219665, -1.2228581, -0.5094032, 1.00737, 0.4198016, -1.7724131, -0.5111997, 0.297238, -0.7743062, 0.5611956]","[0.0679936, 0.0688547, 0.0504828, 0.0214954, 0.293561, 0.0154446, 0.031523, 0.1436657, 0.0798317, 0.0089147, 0.0314664, 0.0706231, 0.0241869, 0.0919564]",0.032985822869029166,False
student_dev,mid,student:47:18502:167,normal,4,turn_right,2.052190800879624,0.3227092921733856,"[-0.4177668, 1.4515364, 0.5967897, -0.8521442, 2.0484731, -1.3475084, -1.3820909, 1.3769039, 0.5036074, -1.590444, -0.2721613, 0.0430078, -1.5362422, -0.2820712]","[0.0273991, 0.17765, 0.0755707, 0.0177455, 0.3227093, 0.0108132, 0.0104457, 0.1648742, 0.068847, 0.0084811, 0.0316937, 0.0434359, 0.0089534, 0.0313812]",,
student_dev,mid,student:47:18502:167,zero,4,turn_right,2.1374370687993562,0.3560663163661957,"[-0.1489445, 0.7784849, 0.5201057, -0.7587287, 2.0501401, -1.2943622, -0.8628291, 1.0621001, 0.3461219, -1.8042539, -0.0998408, 0.3326534, -1.0911223, 0.0559683]","[0.0394894, 0.0998293, 0.0770984, 0.0214612, 0.3560663, 0.0125612, 0.0193395, 0.1325655, 0.0647866, 0.0075438, 0.0414769, 0.0639199, 0.0153921, 0.04847]",0.010875369826864701,False
student_dev,mid,student:47:18502:167,earlier_same_episode,4,turn_right,2.0782176441248397,0.3229546546936035,"[-0.3548902, 1.4164996, 0.5219154, -0.6603579, 2.0063732, -1.3214748, -1.389779, 1.2287084, 0.5347699, -1.5795095, -0.3082755, -0.004813, -1.5195397, -0.2624594]","[0.030455, 0.1790452, 0.0731897, 0.0224386, 0.3229547, 0.0115845, 0.0108196, 0.1483905, 0.0741365, 0.0089498, 0.0319082, 0.043221, 0.0095029, 0.0334041]",0.00048612756368164546,False
student_dev,mid,student:47:18502:167,foreign_diagnostic_state,4,turn_right,2.2847881613654777,0.2533249855041504,"[0.3953281, 0.343674, 0.1187651, -0.9412288, 1.576049, -1.2847592, -0.6315515, 1.2423502, 0.257448, -1.8795116, -0.2859048, 0.321998, -0.8444804, 0.4464723]","[0.0777853, 0.0738694, 0.0589913, 0.020438, 0.253325, 0.0144959, 0.0278567, 0.181449, 0.0677668, 0.0079974, 0.0393588, 0.0722854, 0.0225141, 0.081867]",0.03173039105181718,False
student_dev,mid,student:47:18502:222,normal,4,turn_right,1.8672705671336658,0.46426650881767273,"[-0.5264728, 1.1645366, 0.3103675, -0.8197632, 2.5348291, -1.2815623, -1.2823485, 1.2363973, 0.5422289, -1.1428289, -0.6132716, 0.0463657, -1.2784837, 0.0507437]","[0.0217401, 0.1179388, 0.0501991, 0.0162139, 0.4642665, 0.0102171, 0.0102091, 0.126726, 0.0632983, 0.0117376, 0.0199326, 0.0385515, 0.0102486, 0.0387207]",,
student_dev,mid,student:47:18502:222,zero,4,turn_right,1.8126658324134872,0.5228932499885559,"[-0.2598298, 0.4898545, 0.2419218, -0.869487, 2.6740503, -1.1475072, -0.7179745, 1.003498, 0.3308158, -1.4097534, -0.3782993, 0.3369485, -0.8906335, 0.383585]","[0.0278128, 0.0588612, 0.045936, 0.0151173, 0.5228932, 0.0114481, 0.0175904, 0.0983788, 0.0502064, 0.0088072, 0.0247055, 0.0505153, 0.014801, 0.0529269]",0.009328693791563099,False
student_dev,mid,student:47:18502:222,earlier_same_episode,4,turn_right,1.8510194551207275,0.46374520659446716,"[-0.5348425, 1.2378162, 0.4247792, -0.9075148, 2.5628257, -1.2987584, -1.3024682, 1.3108152, 0.4728656, -1.1852299, -0.6040906, 0.0373403, -1.3144633, 0.0165697]","[0.0209401, 0.1232637, 0.0546686, 0.0144255, 0.4637452, 0.0097547, 0.0097186, 0.1325984, 0.0573616, 0.0109275, 0.0195391, 0.0371086, 0.0096027, 0.0363458]",0.00025810103480315347,False
student_dev,mid,student:47:18502:222,foreign_diagnostic_state,4,turn_right,2.09034369052677,0.3881257176399231,"[0.3150839, 0.0134287, -0.2576321, -0.9362827, 2.1338544, -1.1800319, -0.4691657, 0.9854334, 0.3661286, -1.570182, -0.7645914, 0.2755027, -0.7175408, 0.8045567]","[0.0629637, 0.0465675, 0.035511, 0.0180148, 0.3881257, 0.0141179, 0.0287406, 0.1230891, 0.0662611, 0.0095572, 0.0213891, 0.0605202, 0.0224196, 0.1027225]",0.028049577397587875,False
student_dev,mid,student:47:18502:277,normal,4,turn_right,2.018253286389102,0.30526015162467957,"[-0.2674597, 1.5085032, 0.508645, -0.8615713, 2.0163314, -1.4151578, -1.4656242, 1.6240526, 0.1554112, -1.8633574, -0.0729338, 0.1292297, -1.6778603, -0.5146959]","[0.0311051, 0.1837059, 0.0675912, 0.0171717, 0.3052602, 0.0098717, 0.0093859, 0.2062081, 0.0474769, 0.0063058, 0.0377845, 0.0462501, 0.0075911, 0.0242918]",,
student_dev,mid,student:47:18502:277,zero,4,turn_right,2.1159539577823545,0.3397662341594696,"[-0.074617, 0.8472109, 0.4822112, -0.7475005, 2.0063894, -1.3644993, -0.9974966, 1.308051, 0.0181766, -2.033632, 0.0472367, 0.3961868, -1.236645, -0.2248026]","[0.0424044, 0.1065996, 0.0740011, 0.0216362, 0.3397662, 0.0116741, 0.0168504, 0.1690035, 0.0465276, 0.0059789, 0.0478995, 0.0679013, 0.0132663, 0.036491]",0.010124572340283725,False
student_dev,mid,student:47:18502:277,earlier_same_episode,4,turn_right,2.029027090294754,0.31062403321266174,"[-0.2803335, 1.5184064, 0.4324196, -0.6754077, 2.0116796, -1.3810955, -1.5069551, 1.5241052, 0.230155, -1.8064299, -0.1392304, 0.0733589, -1.6421136, -0.520373]","[0.0313925, 0.1896746, 0.0640282, 0.021147, 0.310624, 0.0104417, 0.0092069, 0.1907586, 0.0523033, 0.0068242, 0.0361499, 0.0447129, 0.0080429, 0.0246933]",0.00040117252530160537,False
student_dev,mid,student:47:18502:277,foreign_diagnostic_state,4,turn_right,2.282158895542117,0.2424389272928238,"[0.4141334, 0.4037689, -0.1597981, -0.703663, 1.4643941, -1.3813217, -0.7120621, 1.2498689, 0.0900362, -2.0471025, -0.4660985, 0.3167755, -0.8976253, 0.2576892]","[0.0848164, 0.0839419, 0.0477776, 0.0277349, 0.2424389, 0.0140839, 0.027503, 0.1956299, 0.0613375, 0.0072373, 0.0351722, 0.0769481, 0.022845, 0.0725332]",0.032558915681731665,False
student_dev,mid,student:47:18502:333,normal,4,turn_right,1.5730545741231017,0.5733951926231384,"[-0.8980947, 1.4355905, 0.4754249, -0.9024841, 3.0584691, -0.998363, -1.2692116, 1.4544429, 0.1533723, -0.8857877, -0.5859194, 0.1201055, -1.5383157, -0.2095847]","[0.0109683, 0.113148, 0.0433164, 0.0109203, 0.5733952, 0.0099219, 0.0075677, 0.1153013, 0.0313897, 0.0111041, 0.0149871, 0.0303626, 0.0057822, 0.0218352]",,
student_dev,mid,student:47:18502:333,zero,4,turn_right,1.4205229311336272,0.6565088629722595,"[-0.6546577, 0.8051507, 0.4451198, -0.9106829, 3.2697732, -0.957912, -0.8216558, 1.2469758, -0.1132387, -1.1045655, -0.3838018, 0.3900162, -1.2048146, 0.0564834]","[0.0129683, 0.0558301, 0.0389502, 0.010039, 0.6565089, 0.0095759, 0.0109738, 0.0868462, 0.0222852, 0.0082697, 0.0170025, 0.0368619, 0.0074809, 0.0264075]",0.008480329665825473,False
student_dev,mid,student:47:18502:333,earlier_same_episode,4,turn_right,1.5710887380741843,0.5711824893951416,"[-0.8425934, 1.4370618, 0.5332292, -1.0337963, 3.0687289, -1.0319542, -1.2408152, 1.5131462, 0.0709863, -0.9410628, -0.5543312, 0.1745455, -1.5573469, -0.1898948]","[0.0114317, 0.1117251, 0.0452503, 0.0094421, 0.5711825, 0.0094596, 0.0076765, 0.1205574, 0.0285018, 0.0103596, 0.0152511, 0.0316116, 0.0055937, 0.021957]",0.00012437887495329668,False
student_dev,mid,student:47:18502:333,foreign_diagnostic_state,4,turn_right,1.734726790955607,0.5388779044151306,"[-0.1505984, 0.3757312, 0.0987795, -1.1204629, 2.7649703, -1.0095805, -0.6362184, 1.3295364, -0.0775252, -1.2767104, -0.6385475, 0.4463409, -1.0186795, 0.4135605]","[0.0291928, 0.0494148, 0.0374609, 0.011068, 0.5388779, 0.0123658, 0.0179628, 0.1282595, 0.0314058, 0.009467, 0.017921, 0.0530301, 0.0122538, 0.0513199]",0.015574570414832383,False
student_dev,late,student:47:18502:334,normal,4,turn_right,1.3881589049501353,0.6414578557014465,"[-0.4354523, 1.5949066, 0.2107944, -0.7772885, 3.3214211, -1.0904292, -1.6073562, 1.3291565, -0.155135, -0.8382502, -0.4995211, 0.1781421, -1.833311, -0.4327076]","[0.0149823, 0.1141175, 0.0285917, 0.0106444, 0.6414579, 0.0077826, 0.0046412, 0.087486, 0.0198298, 0.0100149, 0.0140525, 0.0276732, 0.0037025, 0.0150235]",,
student_dev,late,student:47:18502:334,zero,4,turn_right,1.206286738303966,0.7254711389541626,"[-0.2345935, 0.8932537, 0.1460042, -0.877224, 3.5501852, -1.0365192, -1.1061665, 1.1564074, -0.4211586, -1.0723594, -0.3261506, 0.5166088, -1.4904233, -0.1239649]","[0.0164783, 0.0509014, 0.0241103, 0.008666, 0.7254711, 0.0073899, 0.0068927, 0.066224, 0.0136737, 0.0071298, 0.0150366, 0.0349265, 0.0046937, 0.0184059]",0.009258490704353585,False
student_dev,late,student:47:18502:334,earlier_same_episode,4,turn_right,1.3772270755753475,0.6447600722312927,"[-0.3586558, 1.5733671, 0.2586037, -0.9338008, 3.350924, -1.1241351, -1.5645608, 1.3937153, -0.2583518, -0.9157487, -0.4345388, 0.2500876, -1.8489901, -0.3808058]","[0.0157888, 0.1089971, 0.0292698, 0.0088831, 0.6447601, 0.0073435, 0.0047275, 0.0910737, 0.0174546, 0.0090449, 0.014635, 0.0290216, 0.0035572, 0.0154429]",0.00016329560580691563,False
student_dev,late,student:47:18502:334,foreign_diagnostic_state,4,turn_right,1.5755482637796245,0.6058295369148254,"[0.1971192, 0.5476934, -0.3370275, -0.8985112, 2.9590216, -1.1360416, -0.8939592, 1.0796484, -0.2095525, -1.241645, -0.896018, 0.4786991, -1.0686318, 0.2897344]","[0.0382712, 0.0543405, 0.0224334, 0.0127951, 0.6058295, 0.0100899, 0.0128535, 0.0925016, 0.0254833, 0.0090787, 0.0128271, 0.0507178, 0.0107935, 0.041985]",0.01580238893798034,False
student_dev,late,student:47:18502:389,normal,4,turn_right,1.517517720092428,0.6102401614189148,"[-0.1340947, 0.9935613, 0.2646571, -0.7941244, 3.0353968, -1.1398922, -1.3793445, 1.3358183, -0.2857879, -1.1411339, -0.2875755, -0.0062726, -1.4108701, -0.6401806]","[0.0256453, 0.0792032, 0.0382106, 0.0132544, 0.6102402, 0.0093798, 0.0073825, 0.1115278, 0.0220358, 0.0093682, 0.0219964, 0.0291421, 0.0071534, 0.0154603]",,
student_dev,late,student:47:18502:389,zero,4,turn_right,1.363670319472209,0.6844962239265442,"[0.0008463, 0.1702392, 0.0153472, -0.8140072, 3.2256627, -1.0629469, -0.8118181, 1.0531311, -0.3373167, -1.3175277, -0.2932416, 0.3192746, -0.8747749, -0.2482077]","[0.0272177, 0.0322417, 0.0276152, 0.0120494, 0.6844962, 0.009394, 0.0120758, 0.0779565, 0.0194084, 0.0072826, 0.0202829, 0.0374234, 0.011339, 0.0212172]",0.009253885842583865,False
student_dev,late,student:47:18502:389,earlier_same_episode,4,turn_right,1.5273616643045715,0.6113622784614563,"[-0.284144, 0.9507591, 0.1056221, -0.6359127, 3.0074391, -1.0964296, -1.3955735, 1.2668411, -0.049566, -1.0708293, -0.391279, -0.023042, -1.2935404, -0.6369521]","[0.0227396, 0.0781797, 0.0335781, 0.015996, 0.6113623, 0.0100928, 0.0074833, 0.1072424, 0.0287513, 0.0103545, 0.0204293, 0.0295242, 0.0082872, 0.0159794]",0.00048543850290776885,False
student_dev,late,student:47:18502:389,foreign_diagnostic_state,4,turn_right,1.8491186131553095,0.4987106919288635,"[0.5798923, -0.3488622, -0.5125829, -1.0418824, 2.5377595, -0.9739612, -0.404776, 1.1477035, -0.3630511, -1.4859499, -0.4709824, 0.4586146, -0.4651252, 0.2790041]","[0.0703976, 0.0278102, 0.0236103, 0.0139069, 0.4987107, 0.0148843, 0.0262979, 0.1242096, 0.0274184, 0.0089202, 0.0246132, 0.0623573, 0.0247578, 0.0521055]",0.02992469792202777,False
student_dev,late,student:47:18502:444,normal,4,turn_right,1.3272077046631798,0.6630599498748779,"[-0.3280436, 1.6458012, 0.136245, -0.6633052, 3.4027452, -1.088535, -1.6306311, 1.2406253, -0.3479989, -0.7270876, -0.5365448, 0.1721653, -1.9621451, -0.4961221]","[0.0158961, 0.1144252, 0.0252889, 0.0113681, 0.6630599, 0.0074304, 0.004321, 0.0763055, 0.0155821, 0.0106657, 0.0129045, 0.0262138, 0.0031018, 0.0134368]",,
student_dev,late,student:47:18502:444,zero,4,turn_right,1.117024237638939,0.752252995967865,"[-0.2067357, 0.9980397, -0.0408675, -0.766203, 3.6708064, -1.0625226, -1.123562, 1.0675505, -0.5691967, -0.9442347, -0.3843991, 0.5381814, -1.5786914, -0.1591997]","[0.0155729, 0.0519513, 0.0183825, 0.0089001, 0.752253, 0.0066177, 0.0062258, 0.0556909, 0.0108381, 0.0074486, 0.013038, 0.0328006, 0.0039494, 0.016331]",0.00931193357760039,False
student_dev,late,student:47:18502:444,earlier_same_episode,4,turn_right,1.2946792109133993,0.6733216643333435,"[-0.286703, 1.6512767, 0.1353601, -0.8329934, 3.4742761, -1.1239858, -1.578226, 1.3218422, -0.4564319, -0.776787, -0.4416351, 0.2523862, -1.96613, -0.4011742]","[0.0156621, 0.1087687, 0.0238864, 0.0090698, 0.6733217, 0.0067799, 0.0043048, 0.0782406, 0.0132172, 0.0095942, 0.0134142, 0.0268518, 0.0029207, 0.0139681]",0.0002153414554195901,False
student_dev,late,student:47:18502:444,foreign_diagnostic_state,4,turn_right,1.117024237638939,0.752252995967865,"[-0.2067357, 0.9980397, -0.0408675, -0.766203, 3.6708064, -1.0625226, -1.123562, 1.0675505, -0.5691967, -0.9442347, -0.3843991, 0.5381814, -1.5786914, -0.1591997]","[0.0155729, 0.0519513, 0.0183825, 0.0089001, 0.752253, 0.0066177, 0.0062258, 0.0556909, 0.0108381, 0.0074486, 0.013038, 0.0328006, 0.0039494, 0.016331]",0.00931193357760039,False
student_dev,late,student:47:18502:499,normal,4,turn_right,1.231815265323503,0.7133755087852478,"[-0.2728665, 1.1101456, 0.080225, -0.6225406, 3.4586887, -0.9898853, -1.4909686, 1.1381878, -0.2104269, -1.0064077, -0.4726721, 0.0613458, -1.5108147, -0.5982127]","[0.0170893, 0.0681332, 0.024326, 0.0120466, 0.7133755, 0.0083431, 0.0050549, 0.0700709, 0.0181904, 0.0082064, 0.0139943, 0.023871, 0.0049555, 0.0123432]",,
student_dev,late,student:47:18502:499,zero,4,turn_right,1.0352153648683886,0.7823512554168701,"[-0.1665644, 0.3190648, -0.1270023, -0.7687379, 3.7116852, -0.9084856, -0.8998135, 0.9918422, -0.3224048, -1.2143446, -0.4418498, 0.4074225, -1.0133996, -0.2461079]","[0.0161845, 0.026303, 0.0168376, 0.008863, 0.7823513, 0.007707, 0.0077742, 0.0515453, 0.013849, 0.0056762, 0.0122898, 0.0287329, 0.0069394, 0.014947]",0.007471341753131388,False
student_dev,late,student:47:18502:499,earlier_same_episode,4,turn_right,1.2330646064411614,0.7138105034828186,"[-0.3581728, 1.0523999, 0.0362379, -0.5814148, 3.4529645, -0.915073, -1.4770751, 1.1609203, -0.0755197, -0.9550211, -0.5489883, 0.0379638, -1.4431604, -0.6512405]","[0.0157916, 0.0647189, 0.023427, 0.0126321, 0.7138105, 0.0090483, 0.0051582, 0.0721375, 0.0209499, 0.008694, 0.0130484, 0.0234675, 0.0053361, 0.0117801]",0.00012553871018355787,False
student_dev,late,student:47:18502:499,foreign_diagnostic_state,4,turn_right,1.4432379860465556,0.6545936465263367,"[0.3077678, -0.1215644, -0.4953097, -1.059509, 3.1398051, -0.8704516, -0.5171097, 1.114972, -0.3352873, -1.4226148, -0.7283191, 0.5353349, -0.6526554, 0.226899]","[0.0385508, 0.0250944, 0.0172688, 0.0098227, 0.6545936, 0.011867, 0.0168964, 0.0864167, 0.0202655, 0.0068318, 0.0136794, 0.0484022, 0.0147546, 0.035556]",0.01693316344257496,False
student_dev,contact,student:47:18502:0,normal,4,turn_right,1.9198008452266566,0.504436194896698,"[-0.6612945, 0.2078906, 0.187341, -0.4734744, 2.5549927, -0.4165142, -0.1090874, -0.4601756, 0.4588996, 0.4784479, -0.6665202, -0.3213791, -0.2802262, 0.5255356]","[0.0202297, 0.0482473, 0.0472659, 0.0244095, 0.5044362, 0.0258403, 0.0351407, 0.0247363, 0.0620133, 0.0632374, 0.0201243, 0.0284193, 0.0296133, 0.0662864]",,
student_dev,contact,student:47:18502:0,zero,4,turn_right,1.9198008452266566,0.504436194896698,"[-0.6612945, 0.2078906, 0.187341, -0.4734744, 2.5549927, -0.4165142, -0.1090874, -0.4601756, 0.4588996, 0.4784479, -0.6665202, -0.3213791, -0.2802262, 0.5255356]","[0.0202297, 0.0482473, 0.0472659, 0.0244095, 0.5044362, 0.0258403, 0.0351407, 0.0247363, 0.0620133, 0.0632374, 0.0201243, 0.0284193, 0.0296133, 0.0662864]",0.0,False
student_dev,contact,student:47:18502:0,earlier_same_episode,4,turn_right,1.9198008452266566,0.504436194896698,"[-0.6612945, 0.2078906, 0.187341, -0.4734744, 2.5549927, -0.4165142, -0.1090874, -0.4601756, 0.4588996, 0.4784479, -0.6665202, -0.3213791, -0.2802262, 0.5255356]","[0.0202297, 0.0482473, 0.0472659, 0.0244095, 0.5044362, 0.0258403, 0.0351407, 0.0247363, 0.0620133, 0.0632374, 0.0201243, 0.0284193, 0.0296133, 0.0662864]",0.0,False
student_dev,contact,student:47:18502:0,foreign_diagnostic_state,4,turn_right,2.1862660108550838,0.37998712062835693,"[0.0709293, -0.2742048, -0.4930916, -0.6915029, 2.0851874, -0.3582854, -0.0449628, -0.158024, 0.5548462, 0.0766691, -0.6238298, -0.1283478, -0.0054654, 0.8933269]","[0.0506976, 0.0359003, 0.0288427, 0.023652, 0.3799871, 0.0330052, 0.0451499, 0.0403232, 0.0822527, 0.0509895, 0.025308, 0.0415377, 0.0469689, 0.1153853]",0.016989894129979314,False
student_dev,contact,student:47:18502:168,normal,4,turn_right,2.0530589032984246,0.3045339286327362,"[-0.2830208, 1.4332885, 0.5298727, -0.8775912, 1.9809079, -1.4200984, -1.4204671, 1.5280876, 0.3315344, -1.744193, -0.1527676, 0.086457, -1.6002605, -0.3800232]","[0.0316537, 0.1761196, 0.0713607, 0.0174665, 0.3045339, 0.0101531, 0.0101493, 0.1936325, 0.0585224, 0.0073425, 0.0360572, 0.0458022, 0.0084792, 0.0287274]",,
student_dev,contact,student:47:18502:168,zero,4,turn_right,2.147351992606205,0.33651718497276306,"[-0.0523614, 0.7768306, 0.4735134, -0.7772743, 1.9783584, -1.3645626, -0.9277725, 1.2134798, 0.191776, -1.9342685, -0.0138004, 0.3674078, -1.1480047, -0.0533243]","[0.0441649, 0.1012023, 0.0747242, 0.021392, 0.3365172, 0.0118904, 0.0184031, 0.1566119, 0.0563773, 0.0067263, 0.0459012, 0.0672017, 0.0147654, 0.0441224]",0.010360921416472175,False
student_dev,contact,student:47:18502:168,earlier_same_episode,4,turn_right,2.0702609450764173,0.30949658155441284,"[-0.2631568, 1.4187549, 0.4561044, -0.6970212, 1.9666619, -1.3918395, -1.450452, 1.4055985, 0.3924538, -1.7065302, -0.2060864, 0.0330388, -1.574587, -0.3700882]","[0.0332857, 0.1789381, 0.0683328, 0.0215691, 0.3094966, 0.0107666, 0.0101536, 0.1765994, 0.0641189, 0.0078598, 0.0352406, 0.0447604, 0.0089683, 0.0299101]",0.0004337582771036186,False
student_dev,contact,student:47:18502:168,foreign_diagnostic_state,4,turn_right,2.281845007307297,0.24418780207633972,"[0.4517652, 0.3155802, 0.0163457, -0.9099242, 1.5049137, -1.360526, -0.6714077, 1.2727171, 0.1322708, -2.0023341, -0.3008139, 0.3293827, -0.884497, 0.3514872]","[0.0851819, 0.0743367, 0.0551121, 0.021826, 0.2441878, 0.0139085, 0.0277051, 0.1935897, 0.061886, 0.0073206, 0.0401334, 0.0753698, 0.022388, 0.0770544]",0.03083622498926216,False
student_dev,contact,student:47:18502:332,normal,4,turn_right,1.6862939918414936,0.5321820974349976,"[-0.8588673, 1.268052, 0.3618841, -0.8919511, 2.8601575, -1.1033329, -1.2184545, 1.4481654, 0.3593709, -1.0014974, -0.6420726, 0.1213292, -1.3738613, -0.0642289]","[0.0129095, 0.1082973, 0.0437597, 0.0124894, 0.5321821, 0.0101097, 0.0090104, 0.1296701, 0.0436498, 0.0111935, 0.0160347, 0.0344035, 0.0077135, 0.0285769]",,
student_dev,contact,student:47:18502:332,zero,4,turn_right,1.5565586090531718,0.6106281280517578,"[-0.5720936, 0.6474686, 0.3039472, -0.9421537, 3.0667717, -1.0120909, -0.7206674, 1.258265, 0.0651844, -1.2408274, -0.4175866, 0.3973855, -1.0347831, 0.2187375]","[0.0160486, 0.0543359, 0.0385387, 0.0110847, 0.6106281, 0.0103359, 0.0138329, 0.1000812, 0.0303532, 0.0082226, 0.0187301, 0.0423133, 0.010104, 0.0353909]",0.008544134010501327,False
student_dev,contact,student:47:18502:332,earlier_same_episode,4,turn_right,1.6802290975379104,0.5276959538459778,"[-0.8020297, 1.3009306, 0.4511136, -1.0288779, 2.875082, -1.1255039, -1.1959876, 1.5446204, 0.2445528, -1.038805, -0.6165516, 0.1553702, -1.416649, -0.080051]","[0.0133486, 0.1093298, 0.0467377, 0.0106394, 0.527696, 0.0096594, 0.009002, 0.1394992, 0.0380154, 0.0105343, 0.0160689, 0.0347719, 0.0072195, 0.027478]",0.00027389567557203323,False
student_dev,contact,student:47:18502:332,foreign_diagnostic_state,4,turn_right,1.8104090562095885,0.5133993029594421,"[-0.073543, 0.1383394, -0.1084739, -0.9799002, 2.6299615, -0.9699851, -0.4747502, 1.2391179, 0.0044816, -1.3691254, -0.6547699, 0.3927513, -0.9573412, 0.531817]","[0.0343826, 0.0424969, 0.0332023, 0.0138903, 0.5133993, 0.0140287, 0.0230195, 0.1277672, 0.0371727, 0.0094118, 0.0192271, 0.0548084, 0.0142072, 0.0629858]",0.01738825197654196,False
student_dev,contact,student:47:18502:499,normal,4,turn_right,1.231815265323503,0.7133755087852478,"[-0.2728665, 1.1101456, 0.080225, -0.6225406, 3.4586887, -0.9898853, -1.4909686, 1.1381878, -0.2104269, -1.0064077, -0.4726721, 0.0613458, -1.5108147, -0.5982127]","[0.0170893, 0.0681332, 0.024326, 0.0120466, 0.7133755, 0.0083431, 0.0050549, 0.0700709, 0.0181904, 0.0082064, 0.0139943, 0.023871, 0.0049555, 0.0123432]",,
student_dev,contact,student:47:18502:499,zero,4,turn_right,1.0352153648683886,0.7823512554168701,"[-0.1665644, 0.3190648, -0.1270023, -0.7687379, 3.7116852, -0.9084856, -0.8998135, 0.9918422, -0.3224048, -1.2143446, -0.4418498, 0.4074225, -1.0133996, -0.2461079]","[0.0161845, 0.026303, 0.0168376, 0.008863, 0.7823513, 0.007707, 0.0077742, 0.0515453, 0.013849, 0.0056762, 0.0122898, 0.0287329, 0.0069394, 0.014947]",0.007471341753131388,False
student_dev,contact,student:47:18502:499,earlier_same_episode,4,turn_right,1.2330646064411614,0.7138105034828186,"[-0.3581728, 1.0523999, 0.0362379, -0.5814148, 3.4529645, -0.915073, -1.4770751, 1.1609203, -0.0755197, -0.9550211, -0.5489883, 0.0379638, -1.4431604, -0.6512405]","[0.0157916, 0.0647189, 0.023427, 0.0126321, 0.7138105, 0.0090483, 0.0051582, 0.0721375, 0.0209499, 0.008694, 0.0130484, 0.0234675, 0.0053361, 0.0117801]",0.00012553871018355787,False
student_dev,contact,student:47:18502:499,foreign_diagnostic_state,4,turn_right,1.4969863899347708,0.6430255770683289,"[0.2637932, 0.0104516, -0.721137, -0.7353201, 3.0255237, -0.9716484, -0.600921, 0.9012591, -0.1597058, -1.3193041, -0.9609508, 0.3723218, -0.5063742, 0.1949961]","[0.0406279, 0.0315355, 0.0151731, 0.0149594, 0.6430256, 0.0118108, 0.0171113, 0.076855, 0.0266012, 0.0083424, 0.0119378, 0.0452853, 0.0188081, 0.0379268]",0.017085443790791095,False
student_dev,early,student:47:18503:0,normal,4,turn_right,2.2440729206038452,0.33700740337371826,"[-0.710434, 0.6010306, 0.5602857, -0.4010289, 1.9221621, -0.7951705, -0.5117574, 0.4697194, 0.5969976, -1.0091306, -0.158545, 0.0632605, -0.6759776, 0.3733632]","[0.024228, 0.0899248, 0.0863344, 0.0330134, 0.3370074, 0.0222596, 0.029553, 0.0788591, 0.0895628, 0.017972, 0.0420726, 0.0525205, 0.0250774, 0.0716151]",,
student_dev,early,student:47:18503:0,zero,4,turn_right,2.2440729206038452,0.33700740337371826,"[-0.710434, 0.6010306, 0.5602857, -0.4010289, 1.9221621, -0.7951705, -0.5117574, 0.4697194, 0.5969976, -1.0091306, -0.158545, 0.0632605, -0.6759776, 0.3733632]","[0.024228, 0.0899248, 0.0863344, 0.0330134, 0.3370074, 0.0222596, 0.029553, 0.0788591, 0.0895628, 0.017972, 0.0420726, 0.0525205, 0.0250774, 0.0716151]",0.0,False
student_dev,early,student:47:18503:0,earlier_same_episode,4,turn_right,2.2440729206038452,0.33700740337371826,"[-0.710434, 0.6010306, 0.5602857, -0.4010289, 1.9221621, -0.7951705, -0.5117574, 0.4697194, 0.5969976, -1.0091306, -0.158545, 0.0632605, -0.6759776, 0.3733632]","[0.024228, 0.0899248, 0.0863344, 0.0330134, 0.3370074, 0.0222596, 0.029553, 0.0788591, 0.0895628, 0.017972, 0.0420726, 0.0525205, 0.0250774, 0.0716151]",0.0,False
student_dev,early,student:47:18503:0,foreign_diagnostic_state,4,turn_right,2.3921488335991485,0.24101530015468597,"[-0.0085999, 0.1190743, -0.0368205, -0.4500887, 1.4311603, -0.8459134, -0.4436109, 0.5861886, 0.5826088, -1.305907, -0.3337183, 0.1088467, -0.5216516, 0.742292]","[0.0571169, 0.0648952, 0.0555276, 0.0367306, 0.2410153, 0.0247243, 0.0369693, 0.1035328, 0.1031629, 0.0156081, 0.0412636, 0.0642349, 0.0341939, 0.1210244]",0.015387234960726108,False
student_dev,early,student:47:18503:55,normal,4,turn_right,1.7356794582407105,0.5194962024688721,"[-0.612642, 1.4992439, 0.3931006, -0.5153281, 2.7680786, -1.2659975, -1.3591965, 0.8014998, 0.5302647, -1.0151944, -0.6716775, -0.1220145, -1.3885323, 0.1471575]","[0.0176748, 0.1460611, 0.0483217, 0.0194813, 0.5194962, 0.0091961, 0.0083778, 0.0726956, 0.0554258, 0.0118176, 0.0166615, 0.0288689, 0.0081356, 0.037786]",,
student_dev,early,student:47:18503:55,zero,4,turn_right,1.6255237022160836,0.5964645743370056,"[-0.3714687, 0.8661464, 0.3421934, -0.6189747, 2.9638374, -1.1886392, -0.8649822, 0.7008597, 0.2379058, -1.2067143, -0.3302229, 0.2071193, -1.0852621, 0.4031424]","[0.0212363, 0.0732098, 0.043353, 0.0165802, 0.5964646, 0.0093797, 0.0129643, 0.0620563, 0.0390596, 0.0092116, 0.0221306, 0.0378754, 0.0104012, 0.0460775]",0.00972833064278511,False
student_dev,early,student:47:18503:55,earlier_same_episode,4,turn_right,1.7292014011629182,0.5269924998283386,"[-0.5455662, 1.4182546, 0.360543, -0.5930239, 2.7833641, -1.215552, -1.3507364, 0.9182566, 0.4071531, -0.9279587, -0.6088446, -0.0818673, -1.4553783, 0.1512321]","[0.0188829, 0.134569, 0.046729, 0.0180077, 0.5269925, 0.0096627, 0.0084409, 0.0816204, 0.0489586, 0.0128824, 0.017725, 0.0300227, 0.0076022, 0.0379039]",0.00042446259742702063,False
student_dev,early,student:47:18503:55,foreign_diagnostic_state,4,turn_right,1.9245339015986231,0.4746963679790497,"[0.1128131, 0.447552, 0.1001151, -0.8754384, 2.4878721, -1.269662, -0.709303, 0.9157841, 0.2343591, -1.3812822, -0.5421147, 0.2635578, -0.9260037, 0.7162154]","[0.044151, 0.0617044, 0.043594, 0.0164342, 0.4746964, 0.01108, 0.0194044, 0.0985523, 0.0498572, 0.0099098, 0.0229356, 0.0513344, 0.0156239, 0.0807226]",0.021060684340077733,False
student_dev,early,student:47:18503:110,normal,4,turn_right,1.7656209275953565,0.5195267200469971,"[-0.5572397, 1.1258508, 0.654443, -1.4133288, 2.7172267, -1.0353096, -1.2712408, 1.0404294, 0.3425334, -0.7924734, -0.4271415, -0.0768366, -1.212714, -0.026113]","[0.0196574, 0.1057991, 0.0660317, 0.0083508, 0.5195267, 0.0121871, 0.0096258, 0.0971369, 0.0483383, 0.0155369, 0.0223886, 0.0317806, 0.010206, 0.0334342]",,
student_dev,early,student:47:18503:110,zero,4,turn_right,1.6794488774133352,0.5775009393692017,"[-0.2982461, 0.4790559, 0.5963379, -1.4200053, 2.871212, -0.9832576, -0.7799731, 0.8766142, 0.1502506, -1.0490037, -0.2335701, 0.138446, -0.8109895, 0.316822]","[0.0242703, 0.0528023, 0.0593728, 0.007905, 0.5775009, 0.0122343, 0.0149921, 0.0785796, 0.0380062, 0.0114558, 0.0258918, 0.0375602, 0.0145343, 0.0448947]",0.007538217445935307,False
student_dev,early,student:47:18503:110,earlier_same_episode,4,turn_right,1.7814867626610695,0.5109476447105408,"[-0.6529217, 1.2024106, 0.7048081, -1.2571741, 2.6813931, -1.0691979, -1.3139291, 0.8874618, 0.4910035, -0.8421268, -0.5292869, -0.1701968, -1.1524436, -0.0316539]","[0.0182097, 0.1164293, 0.0707875, 0.0099513, 0.5109476, 0.0120092, 0.0094022, 0.0849732, 0.0571613, 0.0150706, 0.0206061, 0.0295085, 0.01105, 0.0338934]",0.0006746467631321022,False
student_dev,early,student:47:18503:110,foreign_diagnostic_state,4,turn_right,1.6794488774133352,0.5775009393692017,"[-0.2982461, 0.4790559, 0.5963379, -1.4200053, 2.871212, -0.9832576, -0.7799731, 0.8766142, 0.1502506, -1.0490037, -0.2335701, 0.138446, -0.8109895, 0.316822]","[0.0242703, 0.0528023, 0.0593728, 0.007905, 0.5775009, 0.0122343, 0.0149921, 0.0785796, 0.0380062, 0.0114558, 0.0258918, 0.0375602, 0.0145343, 0.0448947]",0.007538217445935307,False
student_dev,early,student:47:18503:166,normal,4,turn_right,1.8704660978910823,0.4778304696083069,"[-0.8560836, 1.035452, 0.2177827, -0.5694079, 2.5595241, -1.273486, -1.0641789, 0.951609, 0.8846413, -0.9353845, -0.7919186, -0.1499136, -0.8833868, 0.2796262]","[0.0156998, 0.1040825, 0.0459482, 0.020912, 0.4778305, 0.0103423, 0.0127503, 0.0957117, 0.0895121, 0.0145029, 0.0167402, 0.0318112, 0.0152769, 0.0488795]",,
student_dev,early,student:47:18503:166,zero,4,turn_right,1.7570642730171604,0.5512718558311462,"[-0.5217921, 0.4304598, 0.1327332, -0.7146258, 2.7680559, -1.1253179, -0.5495143, 0.8445483, 0.4859693, -1.2360109, -0.431423, 0.1708384, -0.6107324, 0.5177931]","[0.0205401, 0.0532305, 0.0395239, 0.0169378, 0.5512719, 0.011233, 0.0199785, 0.0805373, 0.0562689, 0.0100559, 0.0224828, 0.041059, 0.0187922, 0.0580884]",0.009530501518671443,False
student_dev,early,student:47:18503:166,earlier_same_episode,4,turn_right,1.8585347306839348,0.48519784212112427,"[-0.7617205, 1.0077426, 0.2386048, -0.7275155, 2.5740948, -1.2002262, -1.0443455, 1.0447414, 0.6995274, -0.8745869, -0.6853957, -0.1121364, -1.0043292, 0.2401263]","[0.017266, 0.101312, 0.0469492, 0.0178668, 0.4851978, 0.0111366, 0.0130152, 0.1051306, 0.0744397, 0.0154232, 0.0186355, 0.0330601, 0.0135466, 0.0470207]",0.00064345330464474,False
student_dev,early,student:47:18503:166,foreign_diagnostic_state,4,turn_right,1.9031284451262729,0.45496025681495667,"[0.2270292, -1.0502137, -0.9384183, -1.8642211, 2.6546831, -0.0197341, 0.6061827, 0.3570873, 0.070529, -2.0071831, 0.7037633, 0.8987955, -0.4697855, 1.4659038]","[0.0401473, 0.0111933, 0.0125173, 0.0049595, 0.4549603, 0.0313681, 0.0586572, 0.0457236, 0.0343312, 0.0042988, 0.0646695, 0.0785961, 0.0200002, 0.1385776]",0.07932343084786331,False
student_dev,mid,student:47:18503:167,normal,4,turn_right,1.8144736000499184,0.497261643409729,"[-0.8594523, 1.1660823, 0.3706768, -0.6623964, 2.6633983, -1.1594793, -1.1518171, 1.057519, 0.7196908, -0.972712, -0.7158362, -0.0623112, -1.070731, 0.1772359]","[0.0146768, 0.1112523, 0.0502191, 0.0178735, 0.4972616, 0.0108725, 0.0109562, 0.0998069, 0.071194, 0.0131052, 0.0169435, 0.0325705, 0.0118816, 0.0413865]",,
student_dev,mid,student:47:18503:167,zero,4,turn_right,1.7049484291735897,0.5683844685554504,"[-0.5519574, 0.5576637, 0.3253686, -0.7601224, 2.85323, -1.0518585, -0.6646861, 0.9225527, 0.3427638, -1.2145523, -0.3750553, 0.2290783, -0.8084227, 0.4189865]","[0.0188707, 0.0572388, 0.0453739, 0.0153244, 0.5683845, 0.0114468, 0.016859, 0.0824441, 0.0461701, 0.0097281, 0.0225225, 0.0412086, 0.0146018, 0.0498269]",0.008755263042977558,False
student_dev,mid,student:47:18503:167,earlier_same_episode,4,turn_right,1.8078200039638435,0.5003329515457153,"[-0.763771, 1.1428941, 0.410116, -0.8186746, 2.6679902, -1.1142994, -1.1368092, 1.1356791, 0.5307315, -0.885865, -0.6173705, -0.0356642, -1.198995, 0.149647]","[0.0161757, 0.1088725, 0.0523211, 0.0153116, 0.500333, 0.0113928, 0.0111392, 0.1080898, 0.0590282, 0.0143166, 0.018726, 0.0335025, 0.0104676, 0.0403233]",0.000522567759546281,False
student_dev,mid,student:47:18503:167,foreign_diagnostic_state,4,turn_right,1.6263506707303268,0.5888866782188416,"[0.0147232, -0.363721, -0.3641609, -1.9332111, 3.0393147, -0.1948329, 0.1947809, 0.5237231, -0.343711, -1.8967429, 0.7117645, 0.8480762, -0.9895638, 0.9951029]","[0.0286067, 0.0195935, 0.0195849, 0.0040784, 0.5888867, 0.0231985, 0.0342505, 0.0475909, 0.0199895, 0.0042299, 0.0574367, 0.0658247, 0.0104788, 0.0762503]",0.05577936172348581,False
student_dev,mid,student:47:18503:222,normal,4,turn_right,1.6326356779203657,0.5306694507598877,"[-0.3190259, 1.5077993, 0.4789204, -0.8794124, 2.9219575, -1.2113324, -1.6921524, 1.6040982, -0.2722835, -1.1508279, -0.2880591, 0.1274178, -1.8104538, -0.5537608]","[0.0207627, 0.1290218, 0.0461133, 0.0118552, 0.5306695, 0.0085067, 0.0052595, 0.1420643, 0.0217562, 0.0090372, 0.0214157, 0.0324467, 0.0046727, 0.0164187]",,
student_dev,mid,student:47:18503:222,zero,4,turn_right,1.5047731861299303,0.6157504916191101,"[-0.2191938, 0.8264504, 0.3920956, -0.9069762, 3.1120365, -1.1675221, -1.2083012, 1.4175943, -0.4578266, -1.3573675, -0.1592619, 0.4433248, -1.4056646, -0.2679118]","[0.0220125, 0.0626307, 0.0405648, 0.0110655, 0.6157505, 0.0085274, 0.0081866, 0.1131144, 0.0173394, 0.0070529, 0.0233721, 0.0426971, 0.0067204, 0.0209658]",0.00932835809248746,False
student_dev,mid,student:47:18503:222,earlier_same_episode,4,turn_right,1.620744745841393,0.5439353585243225,"[-0.4468485, 1.5032854, 0.4005203, -0.6555964, 2.9307351, -1.2136317, -1.7125343, 1.4641498, -0.0660393, -1.2375858, -0.3936461, 0.1029464, -1.7011701, -0.5569984]","[0.0185644, 0.130501, 0.04332, 0.0150669, 0.5439354, 0.0086233, 0.005236, 0.1254924, 0.0271684, 0.0084192, 0.0195788, 0.0321702, 0.0052959, 0.0166281]",0.000635011346897007,False
student_dev,mid,student:47:18503:222,foreign_diagnostic_state,4,turn_right,1.6146541675142467,0.5786867141723633,"[0.424927, -0.3122984, -0.5892255, -2.227278, 3.0632133, -0.1234003, -0.0774566, 0.9610509, -0.9529784, -2.2215388, 1.0118406, 1.1007427, -1.3285356, 0.5387872]","[0.0413666, 0.0197914, 0.0150041, 0.0029162, 0.5786867, 0.0239064, 0.0250304, 0.0707108, 0.0104288, 0.002933, 0.074395, 0.0813118, 0.0071636, 0.0463553]",0.060635761874407265,False
student_dev,mid,student:47:18503:277,normal,4,turn_right,1.7456933022116412,0.5069988965988159,"[-0.7061991, 1.3869941, 0.3901774, -0.6019527, 2.7613254, -1.1136456, -1.4029813, 1.3297759, 0.3260958, -1.1606911, -0.5459439, 0.0825246, -1.4516673, -0.0943497]","[0.0158154, 0.1282752, 0.0473402, 0.0175531, 0.5069989, 0.0105227, 0.007879, 0.1211415, 0.0444018, 0.0100391, 0.0185643, 0.0348032, 0.0075046, 0.029161]",,
student_dev,mid,student:47:18503:277,zero,4,turn_right,1.6435818216102105,0.5786125659942627,"[-0.4734318, 0.7534395, 0.3956516, -0.68136, 2.9410071, -1.0577054, -0.9337381, 1.2126046, -0.0206666, -1.3208607, -0.2537153, 0.3693709, -1.1669815, 0.1555264]","[0.0190334, 0.0649141, 0.0453894, 0.0154602, 0.5786126, 0.0106113, 0.0120118, 0.102743, 0.0299329, 0.0081561, 0.0237103, 0.044212, 0.0095129, 0.0357001]",0.008606685205650867,False
student_dev,mid,student:47:18503:277,earlier_same_episode,4,turn_right,1.73043138714859,0.5052799582481384,"[-0.618607, 1.4038385, 0.4581385, -0.7698078, 2.789721, -1.1071343, -1.4109482, 1.47998, 0.1269994, -1.0642375, -0.464491, 0.0949396, -1.5634193, -0.1082016]","[0.016723, 0.126372, 0.0490839, 0.0143763, 0.50528, 0.01026, 0.0075719, 0.13637, 0.0352474, 0.0107097, 0.0195095, 0.0341353, 0.0065011, 0.0278599]",0.0006272115425667326,False
student_dev,mid,student:47:18503:277,foreign_diagnostic_state,4,turn_right,1.641750101736111,0.5761496424674988,"[0.1726605, -0.3688656, -0.5205621, -1.9396427, 3.0315144, -0.1363206, 0.0470721, 0.7809634, -0.5682426, -2.0934448, 0.8528522, 1.0302141, -1.1635493, 0.865752]","[0.0330332, 0.0192207, 0.0165154, 0.0039957, 0.5761496, 0.0242528, 0.0291346, 0.0606923, 0.0157464, 0.0034261, 0.065216, 0.0778721, 0.0086825, 0.0660627]",0.06037342182950888,False
student_dev,mid,student:47:18503:333,normal,4,turn_right,1.23225204646406,0.7055739164352417,"[-0.2494015, 1.4275745, 0.0317919, -0.5922425, 3.4920144, -0.981759, -1.7133166, 1.1069001, -0.3185489, -0.8862209, -0.3974002, 0.0877956, -1.8204601, -0.6341407]","[0.0167366, 0.0895298, 0.0221711, 0.0118788, 0.7055739, 0.0080465, 0.0038716, 0.0649682, 0.0156184, 0.0088532, 0.0144342, 0.0234482, 0.0034783, 0.0113914]",,
student_dev,mid,student:47:18503:333,zero,4,turn_right,1.0284383569145115,0.7794265151023865,"[-0.1503972, 0.8626608, -0.071959, -0.7806248, 3.7664723, -1.0032942, -1.230253, 1.0322602, -0.5588802, -1.1264857, -0.2836195, 0.4409169, -1.4267757, -0.3495528]","[0.0155132, 0.0427234, 0.016779, 0.0082603, 0.7794265, 0.0066114, 0.005269, 0.05062, 0.0103109, 0.0058451, 0.0135782, 0.0280224, 0.0043289, 0.0127118]",0.006626662232149146,False
student_dev,mid,student:47:18503:333,earlier_same_episode,4,turn_right,1.2048048744939865,0.7147204875946045,"[-0.3041157, 1.4458228, -0.0620197, -0.5359949, 3.5287271, -1.0121071, -1.7140838, 1.05483, -0.197057, -0.9613242, -0.4541819, 0.1207403, -1.7099683, -0.6304314]","[0.0154723, 0.0890312, 0.0197104, 0.0122701, 0.7147205, 0.0076221, 0.0037776, 0.0602194, 0.0172206, 0.0080192, 0.0133162, 0.0236628, 0.0037931, 0.0111644]",0.00015879112204832347,False
student_dev,mid,student:47:18503:333,foreign_diagnostic_state,4,turn_right,1.275932154739466,0.6991397142410278,"[0.5929038, -0.3346163, -0.9926571, -2.2736409, 3.5818934, 0.0048584, 0.0205836, 0.8236795, -1.0919259, -2.0357704, 0.6957054, 1.2862074, -1.2023566, 0.5726669]","[0.0351935, 0.0139202, 0.0072088, 0.0020023, 0.6991397, 0.0195469, 0.0198567, 0.0443289, 0.0065275, 0.0025401, 0.0390039, 0.070398, 0.0058451, 0.0344884]",0.04037472004494511,False
student_dev,late,student:47:18503:334,normal,4,turn_right,1.186438219457565,0.7199438214302063,"[-0.2972003, 1.5192162, 0.0399419, -0.596866, 3.5580416, -0.8954733, -1.7031351, 0.9422854, -0.2652332, -0.8604127, -0.3813697, 0.0450166, -1.8185569, -0.6710066]","[0.0152401, 0.0937234, 0.0213505, 0.0112939, 0.7199438, 0.0083784, 0.0037359, 0.0526369, 0.0157352, 0.0086774, 0.0140099, 0.0214591, 0.0033287, 0.0104869]",,
student_dev,late,student:47:18503:334,zero,4,turn_right,1.0031342517059996,0.7871034145355225,"[-0.2318105, 1.0063423, -0.0730757, -0.7606559, 3.8015938, -0.9467344, -1.2301459, 0.8694828, -0.4617759, -1.0912011, -0.2861384, 0.3912795, -1.4194118, -0.3845484]","[0.0139427, 0.0480916, 0.0163412, 0.0082162, 0.7871034, 0.0068212, 0.0051378, 0.0419404, 0.0110783, 0.0059036, 0.0132054, 0.0259987, 0.0042518, 0.0119678]",0.005690418222455959,False
student_dev,late,student:47:18503:334,earlier_same_episode,4,turn_right,1.1791756955619077,0.722589910030365,"[-0.3636242, 1.530141, -0.1083883, -0.5320921, 3.5606887, -0.932503, -1.6849384, 0.8726214, -0.117312, -0.8990009, -0.4478402, 0.084635, -1.6913499, -0.6346548]","[0.0142753, 0.0948498, 0.018426, 0.012062, 0.7225899, 0.0080821, 0.0038084, 0.049145, 0.0182623, 0.0083574, 0.0131223, 0.0223491, 0.0037841, 0.0108862]",0.0001718124690763476,False
student_dev,late,student:47:18503:334,foreign_diagnostic_state,4,turn_right,1.2644112074223943,0.7061197757720947,"[0.3969193, -0.3651916, -1.0636156, -2.1246541, 3.5665607, 0.2148349, 0.0497046, 0.4905575, -0.8604276, -2.0270867, 0.7329116, 1.220174, -1.1697073, 0.6026884]","[0.0296702, 0.0138465, 0.0068868, 0.0023835, 0.7061198, 0.024731, 0.0209666, 0.0325827, 0.0084384, 0.0026278, 0.0415184, 0.0675858, 0.0061936, 0.0364489]",0.04324676614440394,False
student_dev,late,student:47:18503:389,normal,4,turn_right,1.6402249622237333,0.5494532585144043,"[-0.6535206, 1.4563092, 0.397017, -0.8312414, 2.94537, -1.0678631, -1.4034855, 1.3525474, 0.1574363, -1.0110852, -0.4465593, 0.1156158, -1.5461152, -0.1113752]","[0.0150298, 0.1239481, 0.0429729, 0.0125826, 0.5494533, 0.0099313, 0.0070998, 0.1117318, 0.0338179, 0.0105115, 0.0184856, 0.0324328, 0.0061561, 0.0258466]",,
student_dev,late,student:47:18503:389,zero,4,turn_right,1.5144677454419344,0.6234230399131775,"[-0.4484137, 0.8449301, 0.4141027, -0.9073716, 3.1456914, -1.0339401, -0.9487766, 1.2535108, -0.1426866, -1.1910228, -0.2050516, 0.3868702, -1.217082, 0.1423609]","[0.017135, 0.0624561, 0.0405947, 0.0108283, 0.623423, 0.009541, 0.0103891, 0.0939765, 0.0232626, 0.008154, 0.0218561, 0.0395041, 0.0079443, 0.0309352]",0.007941004073843363,False
student_dev,late,student:47:18503:389,earlier_same_episode,4,turn_right,1.639520225577955,0.5479183197021484,"[-0.6387793, 1.4498941, 0.5210729, -0.8791422, 2.9499915, -1.0528418, -1.3998914, 1.3916072, 0.0481734, -0.9795111, -0.4346896, 0.0955894, -1.5998024, -0.1244477]","[0.0151402, 0.1222452, 0.0482892, 0.0119054, 0.5479183, 0.0100071, 0.0070727, 0.1153236, 0.0300935, 0.0107685, 0.0185681, 0.0315548, 0.0057912, 0.0253223]",0.00016227406360886425,False
student_dev,late,student:47:18503:389,foreign_diagnostic_state,4,turn_right,1.5294863200519353,0.6189907789230347,"[0.1107666, -0.3018571, -0.4759277, -2.0312018, 3.2027364, -0.0463061, 0.0151345, 0.7766617, -0.6140352, -1.9996089, 0.8864581, 0.9996091, -1.2286346, 0.822292]","[0.0281099, 0.0186062, 0.0156337, 0.0033008, 0.6189908, 0.0240239, 0.0255462, 0.0547083, 0.013617, 0.0034067, 0.0610573, 0.068372, 0.0073649, 0.0572625]",0.05337923616754424,False
student_dev,late,student:47:18503:444,normal,4,turn_right,1.1350543943687081,0.7379254102706909,"[-0.2895144, 1.561813, -0.0877163, -0.5196227, 3.6139903, -0.8547333, -1.5884229, 0.6373976, -0.2431527, -0.567641, -0.4676273, -0.0945543, -1.7092091, -0.5715106]","[0.0148848, 0.0947901, 0.018213, 0.0118252, 0.7379254, 0.0084581, 0.004061, 0.0376092, 0.0155911, 0.0112708, 0.0124563, 0.0180889, 0.003599, 0.0112272]",,
student_dev,late,student:47:18503:444,zero,4,turn_right,0.9648032610786385,0.8002673387527466,"[-0.1858652, 1.0465904, -0.2261722, -0.6769161, 3.8456569, -0.9318137, -1.1161584, 0.5881792, -0.4097553, -0.7517269, -0.3510236, 0.2501938, -1.3063931, -0.2519728]","[0.0142026, 0.0487098, 0.0136415, 0.0086917, 0.8002673, 0.0067361, 0.005602, 0.0307986, 0.0113536, 0.0080652, 0.0120404, 0.0219657, 0.0046316, 0.013294]",0.005439156930435755,False
student_dev,late,student:47:18503:444,earlier_same_episode,4,turn_right,1.1387665583349142,0.7375410199165344,"[-0.3353295, 1.545188, -0.2721832, -0.4832156, 3.6090279, -0.8718331, -1.580449, 0.6465268, -0.110558, -0.5500755, -0.4977248, -0.0423783, -1.6194767, -0.5280659]","[0.0142815, 0.0936423, 0.0152124, 0.0123182, 0.737541, 0.0083517, 0.0041117, 0.0381231, 0.0178809, 0.0115215, 0.0121408, 0.0191426, 0.0039544, 0.0117779]",0.00013179076792047432,False
student_dev,late,student:47:18503:444,foreign_diagnostic_state,4,turn_right,1.0575447302237675,0.7734230756759644,"[0.215604, -0.0928685, -0.9836059, -1.8624678, 3.8075845, 0.131909, -0.1153606, 0.2831337, -0.8223543, -1.6104796, 0.6118696, 1.0074152, -1.2501905, 0.498671]","[0.021303, 0.0156485, 0.0064214, 0.0026665, 0.7734231, 0.0195926, 0.0153004, 0.0227912, 0.007545, 0.0034307, 0.0316618, 0.0470239, 0.0049187, 0.0282732]",0.0323240261225679,False
student_dev,late,student:47:18503:499,normal,4,turn_right,1.5122867683410948,0.6049970984458923,"[-0.6325072, 1.4727329, 0.3995739, -0.9979357, 3.1315937, -1.0236359, -1.4219096, 1.2016524, 0.0394997, -0.8073226, -0.4311859, 0.0279421, -1.5378417, -0.1046735]","[0.0140289, 0.1151647, 0.0393779, 0.0097347, 0.6049971, 0.0094877, 0.0063708, 0.0878194, 0.027471, 0.0117789, 0.0171576, 0.0271553, 0.0056734, 0.0237827]",,
student_dev,late,student:47:18503:499,zero,4,turn_right,1.370530830831968,0.6760467886924744,"[-0.4237525, 0.8365743, 0.4214737, -1.1011482, 3.3376224, -0.9966234, -0.9587064, 1.1372101, -0.2463142, -0.9892819, -0.2098046, 0.2892897, -1.2076968, 0.1833389]","[0.0157193, 0.0554352, 0.0366024, 0.0079844, 0.6760468, 0.0088642, 0.0092067, 0.0748772, 0.0187712, 0.0089295, 0.0194692, 0.0320703, 0.0071774, 0.0288462]",0.007626158367621911,False
student_dev,late,student:47:18503:499,earlier_same_episode,4,turn_right,1.4922166881597019,0.6105808615684509,"[-0.6075112, 1.497058, 0.5998217, -1.0567648, 3.1667011, -0.9925017, -1.4304513, 1.1900104, -0.0922428, -0.834563, -0.4389848, -0.0008945, -1.6016061, -0.1471556]","[0.014016, 0.1149811, 0.0468772, 0.0089437, 0.6105809, 0.0095373, 0.006155, 0.0845819, 0.023464, 0.0111691, 0.0165888, 0.0257083, 0.0051867, 0.0222103]",0.0003083359968670965,False
student_dev,late,student:47:18503:499,foreign_diagnostic_state,4,turn_right,1.3866125886131333,0.6693180799484253,"[0.1798638, -0.1817512, -0.3889271, -2.2573283, 3.413178, -0.0864165, -0.0102213, 0.7496656, -0.8203319, -1.8192923, 0.9039724, 0.935253, -1.270094, 0.8168167]","[0.026389, 0.0183812, 0.0149417, 0.0023066, 0.6693181, 0.0202199, 0.0218207, 0.0466535, 0.0097061, 0.0035744, 0.0544375, 0.0561673, 0.0061903, 0.0498939]",0.0452317853463109,False
student_dev,raycast_log,student:47:18503:0,normal,4,turn_right,2.2440729206038452,0.33700740337371826,"[-0.710434, 0.6010306, 0.5602857, -0.4010289, 1.9221621, -0.7951705, -0.5117574, 0.4697194, 0.5969976, -1.0091306, -0.158545, 0.0632605, -0.6759776, 0.3733632]","[0.024228, 0.0899248, 0.0863344, 0.0330134, 0.3370074, 0.0222596, 0.029553, 0.0788591, 0.0895628, 0.017972, 0.0420726, 0.0525205, 0.0250774, 0.0716151]",,
student_dev,raycast_log,student:47:18503:0,zero,4,turn_right,2.2440729206038452,0.33700740337371826,"[-0.710434, 0.6010306, 0.5602857, -0.4010289, 1.9221621, -0.7951705, -0.5117574, 0.4697194, 0.5969976, -1.0091306, -0.158545, 0.0632605, -0.6759776, 0.3733632]","[0.024228, 0.0899248, 0.0863344, 0.0330134, 0.3370074, 0.0222596, 0.029553, 0.0788591, 0.0895628, 0.017972, 0.0420726, 0.0525205, 0.0250774, 0.0716151]",0.0,False
student_dev,raycast_log,student:47:18503:0,earlier_same_episode,4,turn_right,2.2440729206038452,0.33700740337371826,"[-0.710434, 0.6010306, 0.5602857, -0.4010289, 1.9221621, -0.7951705, -0.5117574, 0.4697194, 0.5969976, -1.0091306, -0.158545, 0.0632605, -0.6759776, 0.3733632]","[0.024228, 0.0899248, 0.0863344, 0.0330134, 0.3370074, 0.0222596, 0.029553, 0.0788591, 0.0895628, 0.017972, 0.0420726, 0.0525205, 0.0250774, 0.0716151]",0.0,False
student_dev,raycast_log,student:47:18503:0,foreign_diagnostic_state,4,turn_right,2.1901070334746393,0.3081502914428711,"[0.2699499, -0.6886478, -0.5478724, -1.8959903, 2.039119, 0.1460962, 0.5610632, 0.2705893, -0.124902, -1.8555356, 1.0550246, 1.0461274, -0.6425341, 1.1652969]","[0.0525318, 0.0201423, 0.0231871, 0.0060224, 0.3081503, 0.0464123, 0.0702831, 0.0525654, 0.0353949, 0.006271, 0.1151797, 0.1141594, 0.0210929, 0.1286076]",0.06395480881822876,False
student_dev,raycast_log,student:47:18503:173,normal,4,turn_right,1.6513304624944705,0.5458910465240479,"[-0.6482396, 1.4324199, 0.412663, -0.8400342, 2.9276776, -1.0676717, -1.3979131, 1.3548847, 0.162931, -0.9993684, -0.4516528, 0.1080319, -1.5394115, -0.0932377]","[0.0152793, 0.1223838, 0.0441417, 0.0126127, 0.545891, 0.010045, 0.0072198, 0.1132533, 0.0343868, 0.010755, 0.0185986, 0.0325499, 0.0062672, 0.0266158]",,
student_dev,raycast_log,student:47:18503:173,zero,4,turn_right,1.5227326272981176,0.6206121444702148,"[-0.4474915, 0.8450739, 0.4187069, -0.9046985, 3.1342287, -1.0395831, -0.9512801, 1.250074, -0.1330924, -1.188048, -0.2043639, 0.381513, -1.2117031, 0.1504535]","[0.0172703, 0.0629003, 0.0410662, 0.0109329, 0.6206121, 0.0095534, 0.0104353, 0.0943066, 0.0236505, 0.0082353, 0.0220236, 0.0395668, 0.0080428, 0.0314039]",0.007709181852623439,False
student_dev,raycast_log,student:47:18503:173,earlier_same_episode,4,turn_right,1.6496338528452155,0.544681966304779,"[-0.6340627, 1.4278361, 0.5391124, -0.8863173, 2.9339864, -1.0529996, -1.3950039, 1.3918232, 0.0538215, -0.9656208, -0.4409353, 0.0861225, -1.5975119, -0.1052218]","[0.0153659, 0.1207898, 0.0496664, 0.0119401, 0.544682, 0.0101069, 0.0071794, 0.1165172, 0.0305706, 0.0110297, 0.0186395, 0.0315741, 0.0058632, 0.0260754]",0.00016609435033056467,False
student_dev,raycast_log,student:47:18503:173,foreign_diagnostic_state,4,turn_right,1.6910443860581543,0.5508242845535278,"[0.3304043, -0.5647554, -0.7200682, -2.1572702, 3.0114887, 0.0409832, 0.1957521, 0.8137697, -0.592463, -2.0988932, 0.9432033, 1.1398841, -1.0522827, 1.0196002]","[0.0377253, 0.0154124, 0.0131953, 0.0031351, 0.5508243, 0.0282448, 0.0329727, 0.0611724, 0.0149912, 0.0033236, 0.0696255, 0.0847589, 0.0094654, 0.0751531]",0.06573490414293676,False
student_dev,raycast_log,student:47:18503:324,normal,4,turn_right,1.7375400981400004,0.5217597484588623,"[-0.6662602, 1.2849163, 0.5911037, -1.2199023, 2.7924533, -1.0399944, -1.2761275, 1.188862, 0.3765907, -0.8627686, -0.5072653, 0.0165451, -1.2911791, 0.0406393]","[0.0164199, 0.1155462, 0.0577347, 0.009439, 0.5217597, 0.0112995, 0.008923, 0.1049638, 0.0465881, 0.0134905, 0.0192496, 0.0325019, 0.0087896, 0.0332945]",,
student_dev,raycast_log,student:47:18503:324,zero,4,turn_right,1.6475039630863273,0.5844177603721619,"[-0.4206153, 0.6330576, 0.5397674, -1.2337682, 2.9490943, -0.9880077, -0.7859666, 1.04127, 0.1548267, -1.1138798, -0.2656387, 0.2438557, -0.9014468, 0.3519423]","[0.0201038, 0.0576609, 0.052525, 0.0089152, 0.5844178, 0.0113989, 0.0139511, 0.0867293, 0.0357428, 0.0100507, 0.0234738, 0.0390709, 0.0124295, 0.0435306]",0.007928347663382889,False
student_dev,raycast_log,student:47:18503:324,earlier_same_episode,4,turn_right,1.7514016261902012,0.5128251910209656,"[-0.6627452, 1.37297, 0.683656, -1.1339519, 2.7613955, -1.0656004, -1.3044394, 1.0924631, 0.3728683, -0.9443443, -0.5516969, -0.0498515, -1.2689449, 0.0182532]","[0.0167064, 0.1279334, 0.0642124, 0.010429, 0.5128252, 0.0111667, 0.0087943, 0.096641, 0.0470593, 0.0126063, 0.0186686, 0.0308362, 0.009112, 0.0330094]",0.00038530190769096894,False
student_dev,raycast_log,student:47:18503:324,foreign_diagnostic_state,4,turn_right,1.6475039630863273,0.5844177603721619,"[-0.4206153, 0.6330576, 0.5397674, -1.2337682, 2.9490943, -0.9880077, -0.7859666, 1.04127, 0.1548267, -1.1138798, -0.2656387, 0.2438557, -0.9014468, 0.3519423]","[0.0201038, 0.0576609, 0.052525, 0.0089152, 0.5844178, 0.0113989, 0.0139511, 0.0867293, 0.0357428, 0.0100507, 0.0234738, 0.0390709, 0.0124295, 0.0435306]",0.007928347663382889,False
student_dev,raycast_log,student:47:18503:499,normal,4,turn_right,1.5122867683410948,0.6049970984458923,"[-0.6325072, 1.4727329, 0.3995739, -0.9979357, 3.1315937, -1.0236359, -1.4219096, 1.2016524, 0.0394997, -0.8073226, -0.4311859, 0.0279421, -1.5378417, -0.1046735]","[0.0140289, 0.1151647, 0.0393779, 0.0097347, 0.6049971, 0.0094877, 0.0063708, 0.0878194, 0.027471, 0.0117789, 0.0171576, 0.0271553, 0.0056734, 0.0237827]",,
student_dev,raycast_log,student:47:18503:499,zero,4,turn_right,1.370530830831968,0.6760467886924744,"[-0.4237525, 0.8365743, 0.4214737, -1.1011482, 3.3376224, -0.9966234, -0.9587064, 1.1372101, -0.2463142, -0.9892819, -0.2098046, 0.2892897, -1.2076968, 0.1833389]","[0.0157193, 0.0554352, 0.0366024, 0.0079844, 0.6760468, 0.0088642, 0.0092067, 0.0748772, 0.0187712, 0.0089295, 0.0194692, 0.0320703, 0.0071774, 0.0288462]",0.007626158367621911,False
student_dev,raycast_log,student:47:18503:499,earlier_same_episode,4,turn_right,1.4922166881597019,0.6105808615684509,"[-0.6075112, 1.497058, 0.5998217, -1.0567648, 3.1667011, -0.9925017, -1.4304513, 1.1900104, -0.0922428, -0.834563, -0.4389848, -0.0008945, -1.6016061, -0.1471556]","[0.014016, 0.1149811, 0.0468772, 0.0089437, 0.6105809, 0.0095373, 0.006155, 0.0845819, 0.023464, 0.0111691, 0.0165888, 0.0257083, 0.0051867, 0.0222103]",0.0003083359968670965,False
student_dev,raycast_log,student:47:18503:499,foreign_diagnostic_state,4,turn_right,1.447671844211077,0.6483816504478455,"[0.1444153, -0.3764144, -0.504975, -2.1999333, 3.328054, 0.0441199, 0.0703371, 0.6655438, -0.6621433, -1.8655355, 0.9040828, 0.9537753, -1.1742607, 0.8990438]","[0.0268654, 0.0159588, 0.0140335, 0.0025767, 0.6483817, 0.0243017, 0.0249472, 0.0452394, 0.0119925, 0.0035998, 0.0574266, 0.0603524, 0.0071862, 0.057138]",0.05015333509465202,False
student_dev,contact,student:47:18503:7,normal,4,turn_right,1.5136419906045053,0.5855600237846375,"[-0.3753061, 1.3311237, 0.2664473, -0.7555695, 3.1208937, -1.0737299, -1.6325946, 1.6926171, -0.2740294, -1.220023, -0.3665805, 0.2420042, -1.8297896, -0.4438897]","[0.0177497, 0.0977877, 0.033721, 0.0121351, 0.58556, 0.0088281, 0.0050484, 0.1403714, 0.0196415, 0.0076267, 0.0179053, 0.0329068, 0.0041449, 0.0165732]",,
student_dev,contact,student:47:18503:7,zero,4,turn_right,1.3677443802569402,0.6606688499450684,"[-0.2201437, 0.8599595, 0.2340784, -0.9163133, 3.3296847, -1.0924516, -1.2328746, 1.5054717, -0.5241375, -1.438, -0.1680724, 0.5563085, -1.5152881, -0.2956444]","[0.0189807, 0.0558979, 0.0298937, 0.0094617, 0.6606688, 0.0079337, 0.0068943, 0.1065953, 0.0140052, 0.0056157, 0.0199953, 0.0412593, 0.005198, 0.0176004]",0.006031881155984192,False
student_dev,contact,student:47:18503:7,earlier_same_episode,4,turn_right,1.3677443802569402,0.6606688499450684,"[-0.2201437, 0.8599595, 0.2340784, -0.9163133, 3.3296847, -1.0924516, -1.2328746, 1.5054717, -0.5241375, -1.438, -0.1680724, 0.5563085, -1.5152881, -0.2956444]","[0.0189807, 0.0558979, 0.0298937, 0.0094617, 0.6606688, 0.0079337, 0.0068943, 0.1065953, 0.0140052, 0.0056157, 0.0199953, 0.0412593, 0.005198, 0.0176004]",0.006031881155984192,False
student_dev,contact,student:47:18503:7,foreign_diagnostic_state,4,turn_right,1.598511052919306,0.5821900963783264,"[0.4599628, -0.5604498, -0.8948884, -2.1631045, 3.11323, 0.0594306, 0.06423, 0.9471336, -0.8727396, -2.3909733, 0.9556857, 1.2171558, -1.2748601, 0.6887656]","[0.0409983, 0.0147777, 0.010577, 0.0029756, 0.5821901, 0.0274673, 0.0275995, 0.0667331, 0.0108138, 0.0023693, 0.0673062, 0.0874199, 0.0072334, 0.0515387]",0.057978936431013726,False
student_dev,contact,student:47:18503:157,normal,4,turn_right,1.1796711720687083,0.7275070548057556,"[-0.2729207, 1.5193591, -0.0428531, -0.4745643, 3.5427363, -0.85808, -1.4924521, 0.4453494, -0.2076016, -0.2660345, -0.5312309, -0.2124396, -1.5983309, -0.4353389]","[0.0160221, 0.0961824, 0.0201667, 0.0130962, 0.7275071, 0.0089246, 0.0047324, 0.0328594, 0.0171035, 0.0161328, 0.0123747, 0.017021, 0.004257, 0.0136201]",,
student_dev,contact,student:47:18503:157,zero,4,turn_right,1.0006630953073388,0.7928974032402039,"[-0.1424916, 1.0097253, -0.194821, -0.633993, 3.7892635, -0.9527993, -1.0275815, 0.4029025, -0.3510444, -0.4510705, -0.3891149, 0.1254131, -1.20452, -0.1121008]","[0.0155481, 0.0492129, 0.0147554, 0.0095109, 0.7928974, 0.0069146, 0.0064163, 0.026825, 0.0126213, 0.0114199, 0.0121498, 0.0203248, 0.0053758, 0.0160279]",0.005728427622813613,False
student_dev,contact,student:47:18503:157,earlier_same_episode,4,turn_right,1.1727039347681374,0.7316399216651917,"[-0.3196246, 1.4701811, -0.2254138, -0.4615487, 3.554024, -0.866904, -1.4812098, 0.477868, -0.0814488, -0.2507463, -0.5432893, -0.1347424, -1.5320866, -0.3787643]","[0.0152052, 0.0910534, 0.0167074, 0.0131934, 0.7316399, 0.0087966, 0.0047591, 0.0337551, 0.0192944, 0.0162895, 0.0121578, 0.0182931, 0.004523, 0.0143321]",0.0001796683921781939,False
student_dev,contact,student:47:18503:157,foreign_diagnostic_state,4,turn_right,1.2491388059953143,0.7148972749710083,"[0.4381505, -0.3852218, -1.1828103, -1.9900606, 3.5897431, 0.2485299, 0.1647984, 0.2099844, -0.7683338, -1.4454225, 0.5655819, 1.0825773, -0.9645438, 0.8263653]","[0.0305861, 0.0134257, 0.0060471, 0.0026975, 0.7148973, 0.0253031, 0.0232707, 0.0243463, 0.0091528, 0.0046505, 0.034743, 0.0582633, 0.0075221, 0.0450945]",0.04406957669765614,False
student_dev,contact,student:47:18503:332,normal,4,turn_right,1.3747288651212126,0.6420010328292847,"[-0.2555215, 1.53035, 0.1840008, -0.8237363, 3.3422861, -1.0550386, -1.7123845, 1.5049357, -0.3497985, -1.1642325, -0.3388745, 0.2324506, -1.9283439, -0.5663234]","[0.0175804, 0.1048629, 0.0272841, 0.0099599, 0.642001, 0.0079032, 0.0040956, 0.1022315, 0.0159987, 0.0070856, 0.0161744, 0.0286386, 0.0033001, 0.0128839]",,
student_dev,contact,student:47:18503:332,zero,4,turn_right,1.1872110955670336,0.7241877317428589,"[-0.1798865, 0.878498, 0.069175, -0.9419598, 3.5868876, -1.0127078, -1.2274443, 1.3993939, -0.5847592, -1.3557123, -0.1943804, 0.5692157, -1.5514193, -0.3190951]","[0.016748, 0.0482628, 0.0214846, 0.0078162, 0.7241877, 0.0072824, 0.0058751, 0.0812521, 0.0111719, 0.0051678, 0.016507, 0.0354236, 0.0042493, 0.0145715]",0.008050594238639304,False
student_dev,contact,student:47:18503:332,earlier_same_episode,4,turn_right,1.3450645648755075,0.6544561982154846,"[-0.3246738, 1.5312673, 0.0855478, -0.7392794, 3.3824885, -1.0593781, -1.7139299, 1.4625396, -0.2203152, -1.2416004, -0.3979874, 0.2637798, -1.8081918, -0.5797479]","[0.016065, 0.1027792, 0.0242124, 0.0106125, 0.6544562, 0.0077055, 0.0040044, 0.0959527, 0.0178321, 0.0064219, 0.0149293, 0.0289363, 0.0036442, 0.0124481]",0.0002058372409588779,False
student_dev,contact,student:47:18503:332,foreign_diagnostic_state,4,turn_right,1.1872110955670336,0.7241877317428589,"[-0.1798865, 0.878498, 0.069175, -0.9419598, 3.5868876, -1.0127078, -1.2274443, 1.3993939, -0.5847592, -1.3557123, -0.1943804, 0.5692157, -1.5514193, -0.3190951]","[0.016748, 0.0482628, 0.0214846, 0.0078162, 0.7241877, 0.0072824, 0.0058751, 0.0812521, 0.0111719, 0.0051678, 0.016507, 0.0354236, 0.0042493, 0.0145715]",0.008050594238639304,False
student_dev,contact,student:47:18503:489,normal,4,turn_right,1.8594549260727922,0.47940415143966675,"[-0.7846832, 1.1772488, 0.2396168, -0.5529734, 2.573019, -1.3048154, -1.1266147, 0.8179988, 0.873893, -0.9751216, -0.8042507, -0.1702279, -0.975324, 0.3228331]","[0.0166905, 0.1187207, 0.0464856, 0.0210427, 0.4794042, 0.0099216, 0.0118569, 0.0828908, 0.0876558, 0.0137963, 0.0163671, 0.0308549, 0.0137935, 0.0505194]",,
student_dev,contact,student:47:18503:489,zero,4,turn_right,1.7575422445233118,0.5510092973709106,"[-0.4605734, 0.5077222, 0.1502246, -0.7294843, 2.770545, -1.1484179, -0.590887, 0.7403465, 0.515509, -1.2487794, -0.4501041, 0.1710435, -0.6702508, 0.5931402]","[0.0217722, 0.057336, 0.0401022, 0.0166386, 0.5510093, 0.010944, 0.0191121, 0.0723527, 0.0577842, 0.0098989, 0.0220013, 0.0409458, 0.0176539, 0.0624488]",0.01044855268135,False
student_dev,contact,student:47:18503:489,earlier_same_episode,4,turn_right,1.8461590962364969,0.48861944675445557,"[-0.7103366, 1.1377071, 0.2168598, -0.705279, 2.5941823, -1.245335, -1.0983708, 0.8988129, 0.7407666, -0.9148896, -0.7073215, -0.1193451, -1.0594413, 0.3065934]","[0.0179406, 0.1138759, 0.0453433, 0.0180315, 0.4886194, 0.0105073, 0.0121707, 0.089677, 0.0765672, 0.0146218, 0.0179948, 0.0323967, 0.0126538, 0.0496002]",0.0004284125356850373,False
student_dev,contact,student:47:18503:489,foreign_diagnostic_state,4,turn_right,1.7733282049566628,0.5230081081390381,"[0.2089287, -0.6638142, -0.6929474, -1.9621482, 2.8469205, -0.216334, 0.3965252, 0.3876664, -0.041122, -1.9471015, 0.6327085, 0.8762212, -0.6629714, 1.2981408]","[0.0373975, 0.0156248, 0.0151762, 0.0042654, 0.5230081, 0.024443, 0.0451144, 0.0447165, 0.0291238, 0.00433, 0.0571332, 0.0728861, 0.015638, 0.1111429]",0.06697338977231562,False
